Genus;Subgenus;Species;Subspecies;Locality;Municipe;Province;Country;Date;Year;Month;Day;Altitud;GPS.(N);GPS.(O);Collector;Determined.by;Year.ident;Male;Female;Worker;Alcoh/seco;Notes.and.queries
Bombus;Bombus;terrestris;lusitanicus;Carril de los Puros;NA;Murcia;España;2013-05-01;2013;5;1;298;"37°55'1.68""";"1° 5'4.26""";Pilar De la Rúa;C. Ornosa;2014;1;NA;NA;etanol;Anthyllis cytisoides (albaida)17:00:00
Bombus;Bombus;terrestris;lusitanicus;Curva de bajada a la Hoya de la Mora;Monachil;Granada;España;2013-08-06;2013;8;6;2646;"37° 5'6.82""";"3°22'54.46""";Pilar De la Rúa;C. Ornosa;2014;NA;0;1;etanol;NA
Bombus;Bombus;terrestris;terretris;Curva de bajada a la Hoya de la Mora;Monachil;Granada;España;2013-08-06;2013;8;6;2646;"37° 5'6.82""";"3°22'54.46""";Enrique Acosta;C. Ornosa;2014;NA;0;1;etanol;NA
Bombus;Bombus;terrestris;lusitanicus;Curva de bajada a la Hoya de la Mora;Monachil;Granada;España;2013-08-06;2013;8;6;2646;"37° 5'6.82""";"3°22'54.46""";Pilar De la Rúa;C. Ornosa;2014;NA;0;1;etanol;NA
Bombus;Bombus;terrestris;lusitanicus;Curva de bajada a la Hoya de la Mora;Monachil;Granada;España;2013-08-06;2013;8;6;2646;"37° 5'6.82""";"3°22'54.46""";Enrique Acosta;C. Ornosa;2014;NA;0;1;etanol;NA
Bombus;Bombus;terrestris;lusitanicus;Curva de bajada a la Hoya de la Mora;Monachil;Granada;España;2013-08-06;2013;8;6;2646;"37° 5'6.82""";"3°22'54.46""";Pilar De la Rúa;C. Ornosa;2014;NA;0;1;etanol;NA
Bombus;Bombus;terrestris;lusitanicus;Curva de bajada a la Hoya de la Mora;Monachil;Granada;España;2013-08-06;2013;8;6;2646;"37° 5'6.82""";"3°22'54.46""";Enrique Acosta;C. Ornosa;2014;NA;0;1;etanol;NA
Bombus;Bombus;terrestris;terretris;Curva de bajada a la Hoya de la Mora;Monachil;Granada;España;2013-08-06;2013;8;6;2646;"37° 5'6.82""";"3°22'54.46""";Pilar De la Rúa;C. Ornosa;2014;NA;0;1;etanol;NA
Bombus;Bombus;terrestris;lusitanicus;Curva de bajada a la Hoya de la Mora;Monachil;Granada;España;2013-08-06;2013;8;6;2646;"37° 5'6.82""";"3°22'54.46""";Enrique Acosta;C. Ornosa;2014;NA;0;1;etanol;NA
Chalicodoma;NA;parietina;NA;Al lado de la nieve (2);Monachil;Granada;España;2013-08-06;2013;8;6;2752;"37° 4'43.95""";"3°22'43.03""";Pilar De la Rúa;C. Ornosa;2014;NA;1;0;etanol;Al lado de la nieve
Chalicodoma;NA;parietina;NA;Al lado de la nieve (2);Monachil;Granada;España;2013-08-06;2013;8;6;2752;"37° 4'43.95""";"3°22'43.03""";Pilar De la Rúa;C. Ornosa;2014;NA;1;0;etanol;Al lado de la nieve
Chalicodoma;NA;parietina;NA;Al lado de la nieve (2);Monachil;Granada;España;2013-08-06;2013;8;6;2752;"37° 4'43.95""";"3°22'43.03""";Pilar De la Rúa;C. Ornosa;2014;NA;1;0;etanol;Al lado de la nieve
Chalicodoma;NA;parietina;NA;Al lado de la nieve (2);Monachil;Granada;España;2013-08-06;2013;8;6;2752;"37° 4'43.95""";"3°22'43.03""";Pilar De la Rúa;C. Ornosa;2014;NA;1;0;etanol;Al lado de la nieve
Chalicodoma;NA;parietina;NA;Al lado de la nieve (2);Monachil;Granada;España;2013-08-06;2013;8;6;2752;"37° 4'43.95""";"3°22'43.03""";Pilar De la Rúa;C. Ornosa;2014;NA;1;0;etanol;Al lado de la nieve
Chalicodoma;NA;parietina;NA;Al lado de la nieve (2);Monachil;Granada;España;2013-08-06;2013;8;6;2752;"37° 4'43.95""";"3°22'43.03""";Pilar De la Rúa;C. Ornosa;2014;NA;1;0;etanol;Al lado de la nieve
Chalicodoma;NA;parietina;NA;Al lado de la nieve (2);Monachil;Granada;España;2013-08-06;2013;8;6;2752;"37° 4'43.95""";"3°22'43.03""";Pilar De la Rúa;C. Ornosa;2014;NA;1;0;etanol;Al lado de la nieve
Chalicodoma;NA;parietina;NA;Al lado de la nieve (2);Monachil;Granada;España;2013-08-06;2013;8;6;2752;"37° 4'43.95""";"3°22'43.03""";Pilar De la Rúa;C. Ornosa;2014;NA;1;0;etanol;Al lado de la nieve
Chalicodoma;NA;parietina;NA;Al lado de la nieve (2);Monachil;Granada;España;2013-08-06;2013;8;6;2752;"37° 4'43.95""";"3°22'43.03""";Pilar De la Rúa;C. Ornosa;2014;NA;1;0;etanol;Al lado de la nieve
Chalicodoma;NA;parietina;NA;Al lado de la nieve (2);Monachil;Granada;España;2013-08-06;2013;8;6;2752;"37° 4'43.95""";"3°22'43.03""";Pilar De la Rúa;C. Ornosa;2014;NA;1;0;etanol;Al lado de la nieve
Bombus;Bombus;terrestris;lusitanicus;Cañón río Lobos;Hontoria del Pinar;Burgos;España;2013-08-21;2013;8;21;1023;"41°46'6.33""";" 3° 3'57.09""";Pilar De la Rúa;C. Ornosa;2014;1;NA;NA;etanol;NA
Bombus;Psithyrus;vestalis;obenbergeri;Vereda de la Estrella (1);Güejar Sierra;Granada;España;2013-08-07;2013;8;7;1381;"37° 7'38.40""";"3°21'41.50""";Pilar De la Rúa;C. Ornosa;2014;1;NA;NA;etanol;NA
Bombus;Bombus;terrestris;lusitanicus;La Santa;Totana;Murcia;España;2013-06-09;2013;6;9;580;37°48'03.21'';"  1° 33'27.35""";José A. Acosta;C. Ornosa;2014;NA;0;2;etanol;rosa de pitiminí
Bombus;Megabombus;ruderatus;ruderatus;Subida a la estación de esquí;Monachil;Granada;España;2013-08-06;2013;8;6;2578;"37° 5'27.19""";"3°22'56.00""";Pilar De la Rúa;C. Ornosa;2014;NA;0;1;etanol;NA
Bombus;Thoracobombus;pascuorum;bofilli;Vereda de la Estrella (1);Güejar Sierra;Granada;España;2013-08-07;2013;8;7;1381;"37° 7'38.40""";"3°21'41.50""";Pilar De la Rúa;C. Ornosa;2014;1;NA;NA;etanol;NA
Bombus;Thoracobombus;pascuorum;bofilli;Vereda de la Estrella (1);Güejar Sierra;Granada;España;2013-08-07;2013;8;7;1381;"37° 7'38.40""";"3°21'41.50""";Pilar De la Rúa;C. Ornosa;2014;NA;0;1;etanol;NA
Bombus;Bombus;terrestris;lusitanicus;Vereda de la Estrella (1);Güejar Sierra;Granada;España;2013-08-07;2013;8;7;1381;"37° 7'38.40""";"3°21'41.50""";Pilar De la Rúa;C. Ornosa;2014;NA;0;1;etanol;Es una obrera diminuta
Bombus;Bombus;terrestris;lusitanicus;Vereda de la Estrella (1);Güejar Sierra;Granada;España;2013-08-07;2013;8;7;1381;"37° 7'38.40""";"3°21'41.50""";Pilar De la Rúa;C. Ornosa;2014;1;NA;NA;etanol;NA
Bombus;Bombus;terrestris ;lusitanicus;aparcamiento;Markina-Xemein;Vizcaya;España;2013-08-31;2013;8;31;77;"43°16'19.13""";"2°29'50.12""";Pilar De la Rúa;C. Ornosa;2014;NA;0;1;etanol;NA
Bombus;Thoracombus;pascuorum;maculatus;Monte Jaizkibel;Hondarribia;Guipuzcoa;España;2013-08-29;2013;8;29;190;"43°21'53.02""";" 1°49'23.63""";Pilar De la Rúa;C. Ornosa;2014;NA;1;0;etanol;NA
Bombus;Melanobombus;lapidarius;lapidarius;Monte Jaizkibel;Hondarribia;Guipuzcoa;España;2013-08-29;2013;8;29;190;"43°21'53.02""";" 1°49'23.63""";Pilar De la Rúa;C. Ornosa;2014;NA;0;1;etanol;NA
Bombus;Thoracobombus;pascuorum;dusmeti;Desfiladero de La Yecla; Santo Domingo de Silos;Burgos;España;2013-08-20;2013;8;20;1031;"41°57'7.01""";"3°26'38.47""";Pilar De la Rúa;C. Ornosa;2014;NA;0;1;etanol;NA
Bombus;Bombus;terrestris;lusitanicus;Desfiladero de La Yecla; Santo Domingo de Silos;Burgos;España;2013-08-20;2013;8;20;1031;"41°57'7.01""";"3°26'38.47""";Pilar De la Rúa;C. Ornosa;2014;NA;0;1;etanol;NA
Bombus;Bombus;terrestris;lusitanicus;La Santa;Totana;Murcia;España;2013-06-09;2013;6;9;580;37°48'03.21'';"  1° 33'27.35""";Enrique Acosta;C. Ornosa;2014;NA;0;1;etanol;rosa de pitiminí          16:30:00
Bombus;Bombus;terrestris;lusitanicus;Vereda de la Estrella (1);Güejar Sierra;Granada;España;2013-08-07;2013;8;7;1381;"37° 7'38.40""";"3°21'41.50""";José A. Acosta;C. Ornosa;2014;1;NA;NA;etanol;NA
Bombus;Thoracobombus;humilis;NA;Vereda de la Estrella (1);Güejar Sierra;Granada;España;2013-08-07;2013;8;7;1381;"37° 7'38.40""";"3°21'41.50""";José A. Acosta;C. Ornosa;2014;NA;0;1;etanol;NA
Bombus;Bombus;terrestris;lusitanicus;Ribera del Duero;Soria;Soria;España;2013-08-22;2013;8;22;1010;"41°46'6.96""";"2°27'17.20""";Pilar De la Rúa;C. Ornosa;2014;1;NA;NA;etanol;NA
Bombus;Bombus;terrestris;lusitanicus;Ribera del Duero;Soria;Soria;España;2013-08-22;2013;8;22;1010;"41°46'6.96""";"2°27'17.20""";Paula Acosta;C. Ornosa;2014;1;NA;NA;etanol;NA
Bombus;Bombus;terrestris;lusitanicus;Ribera del Duero;Soria;Soria;España;2013-08-22;2013;8;22;1010;"41°46'6.96""";"2°27'17.20""";Pilar De la Rúa;C. Ornosa;2014;NA;0;1;etanol;NA
Bombus;Bombus;terrestris;lusitanicus;Ribera del Duero;Soria;Soria;España;2013-08-22;2013;8;22;1010;"41°46'6.96""";"2°27'17.20""";Paula Acosta;C. Ornosa;2014;NA;0;1;etanol;NA
Bombus;Bombus;terrestris;lusitanicus;Ribera del Duero;Soria;Soria;España;2013-08-22;2013;8;22;1010;"41°46'6.96""";"2°27'17.20""";Pilar De la Rúa;C. Ornosa;2014;NA;0;1;etanol;NA
Bombus;Bombus;terrestris;lusitanicus;Ribera del Duero;Soria;Soria;España;2013-08-22;2013;8;22;1010;"41°46'6.96""";"2°27'17.20""";Pilar De la Rúa;C. Ornosa;2014;NA;0;1;etanol;NA
Bombus;Bombus;terrestris;lusitanicus;Ribera del Duero;Soria;Soria;España;2013-08-22;2013;8;22;1010;"41°46'6.96""";"2°27'17.20""";Pilar De la Rúa;C. Ornosa;2014;NA;0;1;etanol;NA
Bombus;Bombus;lucorum;congruens;Ribera del Duero;Soria;Soria;España;2013-08-22;2013;8;22;1010;"41°46'6.96""";"2°27'17.20""";Enrique Acosta;C. Ornosa;2014;NA;1;0;etanol;NA
Bombus;Bombus;terrestris;lusitanicus;La Santa;Totana;Murcia;España;2013-06-09;2013;6;9;580;37°48'03.21'';"  1° 33'27.35""";José A. Acosta;C. Ornosa;2014;NA;1;0;etanol;rosa de pitiminí          16:30:00
Bombus;Bombus;terrestris;lusitanicus;Ribera del Duero;Soria;Soria;España;2013-08-22;2013;8;22;1010;"41°46'6.96""";"2°27'17.20""";Pilar De la Rúa;C. Ornosa;2014;NA;1;0;etanol;NA
Bombus;Bombus;terrestris;lusitanicus;Ribera del Duero;Soria;Soria;España;2013-08-22;2013;8;22;1010;"41°46'6.96""";"2°27'17.20""";Pilar De la Rúa;C. Ornosa;2014;NA;1;0;etanol;NA
Bombus;Bombus;terrestris;lusitanicus;Ribera del Duero;Soria;Soria;España;2013-08-22;2013;8;22;1010;"41°46'6.96""";"2°27'17.20""";Pilar De la Rúa;C. Ornosa;2014;NA;1;0;etanol;NA
Bombus;Bombus;terrestris;lusitanicus;Ribera del Duero;Soria;Soria;España;2013-08-22;2013;8;22;1010;"41°46'6.96""";"2°27'17.20""";Pilar De la Rúa;C. Ornosa;2014;NA;1;0;etanol;NA
Xylocopa;NA;violacea;NA;Xylocopa;Monachil;Granada;España;2013-08-06;2013;8;6;2578;"37° 5'27.19""";"3°22'56.00""";Pilar De la Rúa;C. Ornosa;2014;NA;1;0;etanol;Llena de ácaros
Bombus;Thoracombus;pascuorum;maculatus ;Ribera del Duero;Soria;Soria;España;2013-08-22;2013;8;22;1010;"41°46'6.96""";"2°27'17.20""";Enrique Acosta;C. Ornosa;2014;NA;1;0;etanol;NA
Bombus;Thoracombus;pascuorum;dusmeti;Ribera del Duero;Soria;Soria;España;2013-08-22;2013;8;22;1010;"41°46'6.96""";"2°27'17.20""";José A. Acosta;C. Ornosa;2014;NA;1;0;etanol;NA
Bombus;Thoracombus;pascuorum;dusmeti;Ribera del Duero;Soria;Soria;España;2013-08-22;2013;8;22;1010;"41°46'6.96""";"2°27'17.20""";Pilar De la Rúa;C. Ornosa;2014;NA;1;0;etanol;NA
Bombus;Thoracombus;pascuorum;maculatus x dusmeti;Ribera del Duero;Soria;Soria;España;2013-08-22;2013;8;22;1010;"41°46'6.96""";"2°27'17.20""";Pilar De la Rúa;C. Ornosa;2014;NA;1;0;etanol;NA
Bombus;Thoracombus;pascuorum;maculatus ;Ribera del Duero;Soria;Soria;España;2013-08-22;2013;8;22;1010;"41°46'6.96""";"2°27'17.20""";Pilar De la Rúa;C. Ornosa;2014;NA;1;0;etanol;NA
Bombus;Bombus;terrestris;lusitanicus;Cañadas de Arriba;Nerpio;Albacete;España;2013-06-07;2013;6;7;1583;" 38° 4'51.95""";"  2°24'33.56""";Juan J. Guerrero;C. Ornosa;2014;NA;1;0;etanol;NA
Bombus;Thoracombus;pascuorum;maculatus ;Ribera del Duero;Soria;Soria;España;2013-08-22;2013;8;22;1010;"41°46'6.96""";"2°27'17.20""";Pilar De la Rúa;C. Ornosa;2014;NA;1;0;etanol;NA
Bombus;Thoracombus;pascuorum;maculatus ;Ribera del Duero;Soria;Soria;España;2013-08-22;2013;8;22;1010;"41°46'6.96""";"2°27'17.20""";Pilar De la Rúa;C. Ornosa;2014;NA;1;0;etanol;NA
Bombus;Thoracombus;pascuorum;dusmeti;Ribera del Duero;Soria;Soria;España;2013-08-22;2013;8;22;1010;"41°46'6.96""";"2°27'17.20""";José A. Acosta;C. Ornosa;2014;1;NA;NA;etanol;NA
Bombus;Thoracombus;pascuorum;dusmeti con algo de maculatus;Ribera del Duero;Soria;Soria;España;2013-08-22;2013;8;22;1010;"41°46'6.96""";"2°27'17.20""";Pilar De la Rúa;C. Ornosa;2014;NA;NA;NA;etanol;NA
Bombus;Thoracombus;pascuorum;dusmeti con algo de maculatus;Ribera del Duero;Soria;Soria;España;2013-08-22;2013;8;22;1010;"41°46'6.96""";"2°27'17.20""";Pilar De la Rúa;C. Ornosa;2014;NA;0;1;etanol;NA
Bombus;Bombus;terrestris;lusitanicus;Al lado de la nieve (2);Monachil;Granada;España;2013-08-06;2013;8;6;2752;"37° 4'43.95""";"3°22'43.03""";Pilar De la Rúa;C. Ornosa;2014;NA;0;1;etanol;NA
Bombus;Bombus;terrestris;lusitanicus;Al lado de la nieve (2);Monachil;Granada;España;2013-08-06;2013;8;6;2752;"37° 4'43.95""";"3°22'43.03""";Pilar De la Rúa;C. Ornosa;2014;NA;0;1;etanol;Es diminuta y no tenía aguijón
Bombus;Bombus;terrestris;lusitanicus;Al lado de la nieve (2);Monachil;Granada;España;2013-08-06;2013;8;6;2752;"37° 4'43.95""";"3°22'43.03""";Pilar De la Rúa;C. Ornosa;2014;NA;0;1;etanol;NA
Bombus;Bombus;terrestris;lusitanicus;Al lado de la nieve (2);Monachil;Granada;España;2013-08-06;2013;8;6;2752;"37° 4'43.95""";"3°22'43.03""";Pilar De la Rúa;C. Ornosa;2014;NA;0;1;etanol;NA
Bombus;Bombus;terrestris;lusitanicus;Al lado de la nieve (2);Monachil;Granada;España;2013-08-06;2013;8;6;2752;"37° 4'43.95""";"3°22'43.03""";Pilar De la Rúa;C. Ornosa;2014;NA;0;1;etanol;NA
Bombus;Bombus;terrestris;lusitanicus;Cañadas de Arriba;Nerpio;Albacete;España;2013-06-07;2013;6;7;1533;" 38° 5'21.45""";"  2°24'16.18""";Juan J. Guerrero;C. Ornosa;2014;NA;1;0;etanol;NA
Bombus;Bombus;terrestris;terrestris;Al lado de la nieve (2);Monachil;Granada;España;2013-08-06;2013;8;6;2752;"37° 4'43.95""";"3°22'43.03""";Pilar De la Rúa;C. Ornosa;2014;NA;0;1;etanol;NA
Bombus;Bombus;terrestris;lusitanicus;Al lado de la nieve (2);Monachil;Granada;España;2013-08-06;2013;8;6;2752;"37° 4'43.95""";"3°22'43.03""";Pilar De la Rúa;C. Ornosa;2014;NA;0;1;etanol;NA
Bombus;Bombus;terrestris;lusitanicus;Al lado de la nieve (2);Monachil;Granada;España;2013-08-06;2013;8;6;2752;"37° 4'43.95""";"3°22'43.03""";Pilar De la Rúa;C. Ornosa;2014;NA;0;1;etanol;NA
Bombus;Bombus;terrestris;lusitanicus;Al lado de la nieve (2);Monachil;Granada;España;2013-08-06;2013;8;6;2752;"37° 4'43.95""";"3°22'43.03""";Pilar De la Rúa;C. Ornosa;2014;NA;0;1;etanol;NA
Bombus;Bombus;terrestris;terrestris;Al lado de la nieve (2);Monachil;Granada;España;2013-08-06;2013;8;6;2752;"37° 4'43.95""";"3°22'43.03""";Pilar De la Rúa;C. Ornosa;2014;NA;0;1;etanol;NA
Bombus;Bombus;terrestris;lusitanicus;Hoya de la Mora;Monachil;Granada;España;2013-08-06;2013;8;6;2507;"37° 5'36.98""";" 3°23'13.13""";Pilar De la Rúa;C. Ornosa;2014;NA;0;1;etanol;NA
Bombus;Bombus;terrestris;lusitanicus;Hoya de la Mora;Monachil;Granada;España;2013-08-06;2013;8;6;2507;"37° 5'36.98""";" 3°23'13.13""";Pilar De la Rúa;C. Ornosa;2014;NA;0;1;etanol;NA
Bombus;Bombus;terrestris;terrestris;Hoya de la Mora;Monachil;Granada;España;2013-08-06;2013;8;6;2507;"37° 5'36.98""";" 3°23'13.13""";Pilar De la Rúa;C. Ornosa;2014;NA;0;1;etanol;NA
Bombus;Bombus;terrestris;lusitanicus;Hoya de la Mora;Monachil;Granada;España;2013-08-06;2013;8;6;2507;"37° 5'36.98""";" 3°23'13.13""";Pilar De la Rúa;C. Ornosa;2014;NA;0;1;etanol;NA
Bombus;Bombus;terrestris;terrestris;Hoya de la Mora;Monachil;Granada;España;2013-08-06;2013;8;6;2507;"37° 5'36.98""";" 3°23'13.13""";Pilar De la Rúa;C. Ornosa;2014;NA;0;1;etanol;NA
Bombus;Bombus;terrestris;lusitanicus;Cañadas de Arriba;Nerpio;Albacete;España;2013-06-07;2013;6;7;1587;" 38° 4'55.11""";"  2°24'27.26""";Juan J. Guerrero;C. Ornosa;2014;NA;0;1;etanol;NA
Bombus;Bombus;terrestris;terrestris;Hoya de la Mora;Monachil;Granada;España;2013-08-06;2013;8;6;2507;"37° 5'36.98""";" 3°23'13.13""";Pilar De la Rúa;C. Ornosa;2014;NA;0;1;etanol;NA
Bombus;Bombus;terrestris;terrestris ;Hoya de la Mora;Monachil;Granada;España;2013-08-06;2013;8;6;2507;"37° 5'36.98""";" 3°23'13.13""";Pilar De la Rúa;C. Ornosa;2014;NA;0;1;etanol;NA
Bombus;Bombus;terrestris;terrestris ;Hoya de la Mora;Monachil;Granada;España;2013-08-06;2013;8;6;2507;"37° 5'36.98""";" 3°23'13.13""";Pilar De la Rúa;C. Ornosa;2014;NA;0;1;etanol;NA
Bombus;Bombus;terrestris;lusitanicus;Hoya de la Mora;Monachil;Granada;España;2013-08-06;2013;8;6;2507;"37° 5'36.98""";" 3°23'13.13""";Pilar De la Rúa;C. Ornosa;2014;NA;0;1;etanol;NA
Bombus;Bombus;terrestris;lusitanicus;Hoya de la Mora;Monachil;Granada;España;2013-08-06;2013;8;6;2507;"37° 5'36.98""";" 3°23'13.13""";Pilar De la Rúa;C. Ornosa;2014;1;NA;NA;etanol;NA
Bombus;Bombus;terrestris;lusitanicus;Los Enebros-Lomas del Río;Nerpio;Albacete;España;2013-06-07;2013;6;7;1150;" 38° 8'40.10""";"  2°21'1.25""";Juan J. Guerrero;C. Ornosa;2014;NA;0;1;etanol;NA
Bombus;Bombus;terrestris;lusitanicus;Cortijo Nuevo, Sierra de la Guillimona;Huescar;Granada;España;2013-06-23;2013;6;23;1573;"38° 3'13.45""";"  2°29'41.17""";Juan J. Guerrero;C. Ornosa;2014;1;NA;NA;etanol;Carduus granatensis
Bombus;Bombus;terrestris;lusitanicus;Carril de los Puros;NA;Murcia;España;2013-05-01;2013;5;1;298;" 37°55'1.68""";"  1° 5'4.26""";Pilar De la Rúa;C. Ornosa;2014;1;NA;NA;etanol;Anthyllis cytisoides (albaida)17:00:00
Bombus;Psithyrus;vestalis;obenbergeri;Barranco Hoya del Espino, Sierra de la Guillimona;Huescar;Granada;España;2013-06-23;2013;6;23;1640;"38° 2'31.36""";"  2°31'9.22""";Juan J. Guerrero;C. Ornosa;2014;NA;1;0;etanol;Carduus granatensis
Bombus;Bombus;terrestris;lusitanicus;Revolcadores;Moratalla;Murcia;España;2013-07-09;2013;7;9;1263;" 38° 5'55.22""";"  2°14'23.62""";Juan J. Guerrero;C. Ornosa;2014;NA;1;0;etanol;con un montón de ácaros que guardo en un tubo
Bombus;Bombus;terrestris;lusitanicus;Revolcadores;Moratalla;Murcia;España;2013-07-09;2013;7;9;1610;"38° 4'42.64""";"  2°14'25.93""";Juan J. Guerrero;C. Ornosa;2014;NA;0;1;etanol;NA
Bombus;Bombus;terrestris;lusitanicus;Sª Nevada;Fuente Alta;Granada;España;2013-07-13;2013;7;13;2137;" 37° 6'19.44""";"  3°24'37.74""";Juan J. Guerrero;C. Ornosa;2013;NA;0;1;etanol;"Digitalis purpurea; junto a la estación de esquí de Prado Llano"
Bombus;Bombus;terrestris;lusitanicus;Sª Nevada;Fuente Alta;Granada;España;2013-07-13;2013;7;13;2137;" 37° 6'19.44""";"  3°24'37.74""";Juan J. Guerrero;C. Ornosa;2013;1;NA;NA;etanol;"Digitalis purpurea; junto a la estación de esquí de Prado Llano"
Bombus;Bombus;terrestris;lusitanicus;Sª Nevada;Fuente Alta;Granada;España;2013-07-13;2013;7;13;2137;" 37° 6'19.44""";"  3°24'37.74""";Juan J. Guerrero;C. Ornosa;2014;NA;0;1;etanol;"Digitalis purpurea; junto a la estación de esquí de Prado Llano"
Bombus;Bombus;terrestris;lusitanicus;Sª Nevada;Fuente Alta;Granada;España;2013-07-13;2013;7;13;2137;" 37° 6'19.44""";"  3°24'37.74""";Juan J. Guerrero;C. Ornosa;2014;1;NA;NA;etanol;Marrubium supinum:junto a la estación de esquí de Prado Llano
Bombus;Bombus;terrestris;lusitanicus;Sª Nevada;Fuente Alta;Granada;España;2013-07-13;2013;7;13;2137;" 37° 6'19.44""";"  3°24'37.74""";Juan J. Guerrero;C. Ornosa;2014;1;NA;NA;etanol;Marrubium supinum:junto a la estación de esquí de Prado Llano
Bombus;Bombus;terrestris;lusitanicus;Carril de los Puros;NA;Murcia;España;2013-05-01;2013;5;1;298;" 37°55'1.68""";"  1° 5'4.26""";Enrique Acosta;C. Ornosa;2014;1;NA;NA;etanol;Anthyllis cytisoides (albaida)17:00:00
Bombus;Bombus;terrestris;lusitanicus;Carretera de Granada A-395;NA;Granada;España;2013-08-06;2013;8;6;1818;" 37° 7'5.23""";"3°26'56.37""";José A. Acosta;C. Ornosa;2014;1;NA;NA;etanol;NA
Bombus;Psithyrus;vestalis;obenbergeri;Carretera de Granada A-395;NA;Granada;España;2013-08-06;2013;8;6;1818;" 37° 7'5.23""";"3°26'56.37""";Pilar De la Rúa;C. Ornosa;2014;1;NA;NA;etanol;NA
Bombus;Psithyrus;vestalis;obenbergeri;Carretera de Granada A-395;NA;Granada;España;2013-08-06;2013;8;6;1818;" 37° 7'5.23""";"3°26'56.37""";Enrique Acosta;C. Ornosa;2014;1;NA;NA;etanol;NA
Bombus;Bombus;terrestris;lusitanicus;Carretera de Granada A-395;NA;Granada;España;2013-08-06;2013;8;6;1818;" 37° 7'5.23""";"3°26'56.37""";José A. Acosta;C. Ornosa;2014;1;NA;NA;etanol;NA
Bombus;Psithyrus;vestalis;obenbergeri;Carretera de Granada A-395;NA;Granada;España;2013-08-06;2013;8;6;1818;" 37° 7'5.23""";"3°26'56.37""";Pilar De la Rúa;C. Ornosa;2014;1;NA;NA;etanol;NA
Bombus;Bombus;terrestris;lusitanicus;Carretera de Granada A-395;NA;Granada;España;2013-08-06;2013;8;6;1818;" 37° 7'5.23""";"3°26'56.37""";Enrique Acosta;C. Ornosa;2014;1;NA;NA;etanol;NA
Bombus;Bombus;lucorum;congruens;jardín urbano;Santo Domingo de la Calzada;Logroño;España;2013-08-24;2013;8;24;641;"42°26'28.75""";" 2°57'25.25""";Pilar De la Rúa;C. Ornosa;2014;1;NA;NA;etanol;Sobre espliego cultivado (medio congelados)
Bombus;Bombus;terrestris;lusitanicos;jardín urbano;Santo Domingo de la Calzada;Logroño;España;2013-08-24;2013;8;24;641;"42°26'28.75""";" 2°57'25.25""";Pilar De la Rúa;C. Ornosa;2014;1;NA;NA;etanol;Sobre espliego cultivado (medio congelados)
Bombus;Bombus;terrestris;lusitanicus;jardín urbano;Santo Domingo de la Calzada;Logroño;España;2013-08-24;2013;8;24;641;"42°26'28.75""";" 2°57'25.25""";Pilar De la Rúa;C. Ornosa;2014;1;NA;NA;etanol;Sobre espliego cultivado (medio congelados)
Bombus;Bombus;terrestris;lusitanicus;jardín urbano;Santo Domingo de la Calzada;Logroño;España;2013-08-24;2013;8;24;641;"42°26'28.75""";" 2°57'25.25""";Pilar De la Rúa;C. Ornosa;2014;1;NA;NA;etanol;Sobre espliego cultivado (medio congelados)
Bombus;Bombus;terrestris;terrestris;Carril de los Puros;NA;Murcia;España;2013-05-01;2013;5;1;298;" 37°55'1.68""";"  1° 5'4.26""";Pilar De la Rúa;C. Ornosa;2014;1;NA;NA;etanol;Anthyllis cytisoides (albaida)17:00:00
Bombus;Bombus;terrestris ;lusitanicus;Monte Urgull;San Sebastián;Guipuzcoa;España;2013-08-28;2013;8;28;63;" 43°19'29.46""";" 1°59'26.93""";Pilar De la Rúa;C. Ornosa;2014;1;NA;NA;etanol;NA
Bombus;Thoracombus;pascuorum;maculatus;Monte Urgull;San Sebastián;Guipuzcoa;España;2013-08-28;2013;8;28;63;" 43°19'29.46""";" 1°59'26.93""";Pilar De la Rúa;C. Ornosa;2014;NA;0;1;etanol;NA
Bombus;Thoracombus;pascuorum;maculatus;Monte Urgull;San Sebastián;Guipuzcoa;España;2013-08-28;2013;8;28;63;" 43°19'29.46""";" 1°59'26.93""";Pilar De la Rúa;C. Ornosa;2014;NA;0;1;etanol;NA
Bombus;Melanobombus;lapidarius;lapidarius;Monte Urgull;San Sebastián;Guipuzcoa;España;2013-08-28;2013;8;28;63;" 43°19'29.46""";" 1°59'26.93""";Pilar De la Rúa;C. Ornosa;2014;NA;0;1;etanol;NA
Bombus;Bombus;terrestris;lusitanicus;Camino de bajada a Güejar;Güejar Sierra;Granada;España;2013-08-06;2013;8;6;1041;"37° 8'44""";"3°25'48""";José A. Acosta;C. Ornosa;2015;1;NA;NA;etanol;NA
Bombus;Bombus;terrestris;lusitanicus;Camino de bajada a Güejar;Güejar Sierra;Granada;España;2013-08-06;2013;8;6;1041;"37° 8'44""";"3°25'48""";José A. Acosta;C. Ornosa;2016;1;NA;NA;etanol;NA
Bombus;Bombus;terrestris;lusitanicus;Camino de bajada a Güejar;Güejar Sierra;Granada;España;2013-08-06;2013;8;6;1041;"37° 8'44""";"3°25'48""";José A. Acosta;C. Ornosa;2014;NA;0;1;etanol;NA
Bombus;Bombus;terrestris;lusitanicus;Camino de bajada a Güejar;Güejar Sierra;Granada;España;2013-08-06;2013;8;6;1041;"37° 8'44""";"3°25'48""";José A. Acosta;C. Ornosa;2015;1;NA;NA;etanol;NA
Bombus;Bombus;terrestris;lusitanicus;Camino de bajada a Güejar;Güejar Sierra;Granada;España;2013-08-06;2013;8;6;1041;"37° 8'44""";"3°25'48""";José A. Acosta;C. Ornosa;2016;1;NA;NA;etanol;NA
Bombus;Thoracobombus;pascuorum;maculatus;aparcamiento;San Millán de la Cogolla;Logroño;España;2013-08-25;2013;8;25;733;"42°19'26.26""";" 2°51'57.48""";Pilar De la Rúa;C. Ornosa;2014;NA;0;1;etanol;Aparcamiento
Bombus;Bombus;terrestris;terrestris;Carril de los Puros;NA;Murcia;España;2013-05-01;2013;5;1;298;" 37°55'1.68""";"  1° 5'4.26""";Pilar De la Rúa;C. Ornosa;2014;1;NA;NA;etanol;Anthyllis cytisoides (albaida)17:00:00
Bombus;Thoracobombus;pascuorum;maculatus;aparcamiento;San Millán de la Cogolla;Logroño;España;2013-08-25;2013;8;25;734;"42°19'26.26""";" 2°51'57.48""";Pilar De la Rúa;C. Ornosa;2014;NA;0;1;etanol;Aparcamiento
Bombus;Thoracobombus;humilis;paraurantiacus;aparcamiento;San Millán de la Cogolla;Logroño;España;2013-08-25;2013;8;25;735;"42°19'26.26""";" 2°51'57.48""";Pilar De la Rúa;C. Ornosa;2014;NA;0;1;etanol;Aparcamiento
Bombus;Thoracobombus;pascuorum;maculatus;aparcamiento;San Millán de la Cogolla;Logroño;España;2013-08-25;2013;8;25;736;"42°19'26.26""";" 2°51'57.48""";Pilar De la Rúa;C. Ornosa;2014;NA;0;1;etanol;Aparcamiento
Bombus;Thoracobombus;humilis;paraurantiacus;aparcamiento;San Millán de la Cogolla;Logroño;España;2013-08-25;2013;8;25;737;"42°19'26.26""";" 2°51'57.48""";Pilar De la Rúa;C. Ornosa;2014;NA;0;1;etanol;Aparcamiento
Bombus;Thoracobombus;humilis;paraurantiacus;aparcamiento;San Millán de la Cogolla;Logroño;España;2013-08-25;2013;8;25;738;"42°19'26.26""";" 2°51'57.48""";Pilar De la Rúa;C. Ornosa;2014;NA;0;1;etanol;Aparcamiento
Bombus;Bombus;terrestris;lusitanicus;Lado sur Alpujarra Alta;Sª Nevada;Granada;España;2013-08-08;2013;8;8;1943;"36°57'54.70""";"3°20'27.13"" ";José A. Acosta;C. Ornosa;2014;1;NA;NA;etanol;NA
Bombus;Bombus;terrestris;lusitanicus;Lado sur Alpujarra Alta;Sª Nevada;Granada;España;2013-08-08;2013;8;8;1943;"36°57'54.70""";"3°20'27.13"" ";Pilar De la Rúa;C. Ornosa;2014;1;NA;NA;etanol;NA
Bombus;Bombus;terrestris;lusitanicus;Lado sur Alpujarra Alta;Sª Nevada;Granada;España;2013-08-08;2013;8;8;1943;"36°57'54.70""";"3°20'27.13"" ";José A. Acosta;C. Ornosa;2014;1;NA;NA;etanol;NA
Bombus;Bombus;terrestris;lusitanicus;Lado sur Alpujarra Alta;Sª Nevada;Granada;España;2013-08-08;2013;8;8;1943;"36°57'54.70""";"3°20'27.13"" ";Pilar De la Rúa;C. Ornosa;2014;1;NA;NA;etanol;NA
Bombus;Bombus;terrestris;lusitanicus;Lado sur Alpujarra Alta;Sª Nevada;Granada;España;2013-08-08;2013;8;8;1943;"36°57'54.70""";"3°20'27.13"" ";José A. Acosta;C. Ornosa;2014;1;NA;NA;etanol;NA
Bombus;Bombus;terrestris;lusitanicus;Lado sur Alpujarra Alta;Sª Nevada;Granada;España;2013-08-08;2013;8;8;1943;"36°57'54.70""";"3°20'27.13"" ";Pilar De la Rúa;C. Ornosa;2014;1;NA;NA;etanol;NA
Bombus;Bombus;terrestris;lusitanicus;Lado sur Alpujarra Alta;Sª Nevada;Granada;España;2013-08-08;2013;8;8;1943;"36°57'54.70""";"3°20'27.13"" ";José A. Acosta;C. Ornosa;2014;1;NA;NA;etanol;NA
Bombus;Thoracobombus;pascuorum;bofilli;Lado sur Alpujarra Alta;Sª Nevada;Granada;España;2013-08-08;2013;8;8;1943;"36°57'54.70""";"3°20'27.13"" ";Pilar De la Rúa;C. Ornosa;2014;NA;0;1;etanol;NA
Bombus;Bombus;terrestris;lusitanicus;Lado sur Alpujarra Alta;Sª Nevada;Granada;España;2013-08-08;2013;8;8;1943;"36°57'54.70""";"3°20'27.13"" ";José A. Acosta;C. Ornosa;2014;1;NA;NA;etanol;NA
Bombus;Psithyrus;vestalis;obenbergeri;Lado sur Alpujarra Alta;Sª Nevada;Granada;España;2013-08-08;2013;8;8;1943;"36°57'54.70""";"3°20'27.13"" ";Pilar De la Rúa;C. Ornosa;2014;1;NA;NA;etanol;NA
Bombus;Bombus;terrestris;terrestris;Lado sur Alpujarra Alta;Sª Nevada;Granada;España;2013-08-08;2013;8;8;1943;"36°57'54.70""";"3°20'27.13"" ";José A. Acosta;C. Ornosa;2014;1;NA;NA;etanol;NA
Bombus;Psithyrus;vestalis;obenbergeri;Lado sur Alpujarra Alta;Sª Nevada;Granada;España;2013-08-08;2013;8;8;1943;"36°57'54.70""";"3°20'27.13"" ";Pilar De la Rúa;C. Ornosa;2014;1;NA;NA;etanol;NA
Bombus;Bombus;terrestris;lusitanicus;Lado sur Alpujarra Alta;Sª Nevada;Granada;España;2013-08-08;2013;8;8;1943;"36°57'54.70""";"3°20'27.13"" ";José A. Acosta;C. Ornosa;2014;NA;0;1;etanol;NA
Bombus;Bombus;terrestris;lusitanicus;Vereda de la Estrella (2);Güejar Sierra;Granada;España;2013-08-07;2013;8;7;1355;"37° 7'45.00""";"3°22'5.00""";José A. Acosta;C. Ornosa;2014;1;NA;NA;etanol;Tiene ácaros
Bombus;Bombus;terrestris;lusitanicus;Vereda de la Estrella (2);Güejar Sierra;Granada;España;2013-08-07;2013;8;7;1355;"37° 7'45.00""";"3°22'5.00""";José A. Acosta;C. Ornosa;2014;1;NA;NA;etanol;NA
Bombus;Bombus;terrestris;lusitanicus;Vereda de la Estrella (2);Güejar Sierra;Granada;España;2013-08-07;2013;8;7;1355;"37° 7'45.00""";"3°22'5.00""";José A. Acosta;C. Ornosa;2014;1;NA;NA;etanol;Tiene ácaros
Bombus;Bombus;terrestris;lusitanicus;Vereda de la Estrella (2);Güejar Sierra;Granada;España;2013-08-07;2013;8;7;1355;"37° 7'45.00""";"3°22'5.00""";José A. Acosta;C. Ornosa;2014;1;NA;NA;etanol;NA
Bombus;Bombus;terrestris;terrestris;Vereda de la Estrella (2);Güejar Sierra;Granada;España;2013-08-07;2013;8;7;1355;"37° 7'45.00""";"3°22'5.00""";José A. Acosta;C. Ornosa;2014;1;NA;NA;etanol;NA
Bombus;Thoracombus;pascuorum;dusmeti;Ribera del Duero;Soria;Soria;España;2013-08-22;2013;8;22;1010;"41°46'6.96""";"2°27'17.20""";Paula Acosta;C. Ornosa;2015;NA;0;1;etanol;NA
Bombus;Thoracombus;pascuorum;maculatus;Ribera del Duero;Soria;Soria;España;2013-08-22;2013;8;22;1010;"41°46'6.96""";"2°27'17.20""";Pilar De la Rúa;C. Ornosa;2014;NA;0;1;etanol;NA
Bombus;Thoracombus;pascuorum;dusmeti;Ribera del Duero;Soria;Soria;España;2013-08-22;2013;8;22;1010;"41°46'6.96""";"2°27'17.20""";Paula Acosta;C. Ornosa;2014;NA;0;1;etanol;NA
Bombus;Thoracombus;pascuorum;maculatus;Ribera del Duero;Soria;Soria;España;2013-08-22;2013;8;22;1010;"41°46'6.96""";"2°27'17.20""";Pilar De la Rúa;C. Ornosa;2014;NA;0;1;etanol;NA
Bombus;Thoracobombus;pascuorum;maculatus;Ribera del Duero;Soria;Soria;España;2013-08-22;2013;8;22;1010;"41°46'6.96""";"2°27'17.20""";Paula Acosta;C. Ornosa;2014;NA;0;1;etanol;NA
Bombus;Bombus;lucorum;congruens;jardín urbano;Vitoria;Álava;España;2013-08-27;2013;8;27;543;" 42°50'59.96""";"2°40'18.91""";Enrique Acosta;C. Ornosa;2014;1;NA;NA;etanol;Sobre espliego cultivado (en un patio cerca de la catedral antigua)
Bombus;Bombus;lucorum;congruens;jardín urbano;Vitoria;Álava;España;2013-08-27;2013;8;27;543;" 42°50'59.96""";"2°40'18.91""";Enrique Acosta;C. Ornosa;2014;1;NA;NA;etanol;Sobre espliego cultivado (en un patio cerca de la catedral antigua)
Bombus;Bombus;terrestris;lusitanicus;jardín urbano;Vitoria;Álava;España;2013-08-27;2013;8;27;543;" 42°50'59.96""";"2°40'18.91""";Enrique Acosta;C. Ornosa;2014;1;NA;NA;etanol;Sobre espliego cultivado (en un patio cerca de la catedral antigua)
Bombus;Bombus;terrestris;lusitanicus;jardín urbano;Vitoria;Álava;España;2013-08-27;2013;8;27;543;" 42°50'59.96""";"2°40'18.91""";José A. Acosta;C. Ornosa;2014;1;NA;NA;etanol;Sobre espliego cultivado (en un patio cerca de la catedral antigua)
Bombus;Melanobombus;lapidarius;lapidarius;jardín urbano;Vitoria;Álava;España;2013-08-27;2013;8;27;543;" 42°50'59.96""";"2°40'18.91""";José A. Acosta;C. Ornosa;2014;1;NA;NA;etanol;Sobre espliego cultivado (en un patio cerca de la catedral antigua)
Bombus;Bombus;terrestris;lusitanicus;jardín urbano;Vitoria;Álava;España;2013-08-27;2013;8;27;543;" 42°50'59.96""";"2°40'18.91""";Enrique Acosta;C. Ornosa;2014;1;NA;NA;etanol;Sobre espliego cultivado (en un patio cerca de la catedral antigua)
Bombus;Melanobombus;lapidarius;lapidarius;jardín urbano;Vitoria;Álava;España;2013-08-27;2013;8;27;543;" 42°50'59.96""";"2°40'18.91""";Enrique Acosta;C. Ornosa;2014;NA;0;1;etanol;Sobre espliego cultivado (en un patio cerca de la catedral antigua)
Bombus;Thoracobombus;pascuorum;bofilli;Vereda de la Estrella (aparcamiento);Güejar Sierra;Granada;España;2013-08-07;2013;8;7;1184;"37° 8'3.01""";"3°23'28.31""";José A. Acosta;C. Ornosa;2014;1;NA;NA;etanol;junto al aparcamiento al inicio de la ruta
Bombus;Thoracobombus;pascuorum;bofilli;Vereda de la Estrella (aparcamiento);Güejar Sierra;Granada;España;2013-08-07;2013;8;7;1184;"37° 8'3.01""";"3°23'28.31""";José A. Acosta;C. Ornosa;2014;NA;0;1;etanol;junto al aparcamiento al inicio de la ruta
Bombus;Bombus;terrestris;lusitanicus;Vereda de la Estrella (aparcamiento);Güejar Sierra;Granada;España;2013-08-07;2013;8;7;1184;"37° 8'3.01""";"3°23'28.31""";José A. Acosta;C. Ornosa;2014;1;NA;NA;etanol;junto al aparcamiento al inicio de la ruta
Bombus;Bombus;terrestris;lusitanicus;Vereda de la Estrella (aparcamiento);Güejar Sierra;Granada;España;2013-08-07;2013;8;7;1184;"37° 8'3.01""";"3°23'28.31""";José A. Acosta;C. Ornosa;2014;NA;0;1;etanol;junto al aparcamiento al inicio de la ruta
Bombus;Bombus;terrestris;lusitanicus;Vereda de la Estrella (aparcamiento);Güejar Sierra;Granada;España;2013-08-07;2013;8;7;1184;"37° 8'3.01""";"3°23'28.31""";José A. Acosta;C. Ornosa;2014;1;NA;NA;etanol;junto al aparcamiento al inicio de la ruta
Bombus;Psithyrus;vestalis;obenbergeri;Vereda de la Estrella (cascada);Güejar Sierra;Granada;España;2013-08-07;2013;8;7;1337;"37° 7'40.20""";"3°21'39.20""";José A. Acosta;C. Ornosa;2014;1;NA;NA;etanol;Junto a cascada
Bombus;Bombus;terrestris;lusitanicus;Vereda de la Estrella (cascada);Güejar Sierra;Granada;España;2013-08-07;2013;8;7;1337;"37° 7'40.20""";"3°21'39.20""";José A. Acosta;C. Ornosa;2014;1;NA;NA;etanol;Junto a cascada
Bombus;Thoracobombus;pascuorum;bofilli;Vereda de la Estrella (cascada);Güejar Sierra;Granada;España;2013-08-07;2013;8;7;1337;"37° 7'40.20""";"3°21'39.20""";José A. Acosta;C. Ornosa;2014;1;NA;NA;etanol;Junto a cascada
Bombus;Bombus;terrestris;terrestris;Vereda de la Estrella (cascada);Güejar Sierra;Granada;España;2013-08-07;2013;8;7;1337;"37° 7'40.20""";"3°21'39.20""";José A. Acosta;C. Ornosa;2014;NA;0;1;etanol;Junto a cascada
Bombus;Thoracobombus;pascuorum;bofilli;Vereda de la Estrella (cascada);Güejar Sierra;Granada;España;2013-08-07;2013;8;7;1337;"37° 7'40.20""";"3°21'39.20""";José A. Acosta;C. Ornosa;2014;1;NA;NA;etanol;Junto a cascada
Bombus;Bombus;terrestris;terrestris;Vereda de la Estrella (cascada);Güejar Sierra;Granada;España;2013-08-07;2013;8;7;1337;"37° 7'40.20""";"3°21'39.20""";José A. Acosta;C. Ornosa;2014;1;NA;NA;etanol;Junto a cascada
Bombus;Thoracobombus;pascuorum;bofilli;Vereda de la Estrella (cascada);Güejar Sierra;Granada;España;2013-08-07;2013;8;7;1337;"37° 7'40.20""";"3°21'39.20""";José A. Acosta;C. Ornosa;2014;1;NA;NA;etanol;Junto a cascada
Bombus;Thoracobombus;pascuorum;bofilli;Vereda de la Estrella (cascada);Güejar Sierra;Granada;España;2013-08-07;2013;8;7;1337;"37° 7'40.20""";"3°21'39.20""";José A. Acosta;C. Ornosa;2015;1;NA;NA;etanol;Junto a cascada
Bombus;Bombus;terrestris;terretris;Curva de bajada a la Hoya de la Mora;Monachil;Granada;España;2013-08-06;2013;8;6;2646;"37° 5'6.82""";"3°22'54.46""";Pilar De la Rúa;C. Ornosa;2014;NA;0;1;etanol;NA
Bombus;Bombus;terrestris;lusitanicus;Curva de bajada a la Hoya de la Mora;Monachil;Granada;España;2013-08-06;2013;8;6;2646;"37° 5'6.82""";"3°22'54.46""";Enrique Acosta;C. Ornosa;2014;NA;0;1;etanol;NA
Bombus;Bombus;terrestris;terrestris;Camino Laguna Seca;Pto. La Ragua;Granada;España;2014-06-07;2014;6;7;2143;"37° 6'12.76""N";"3° 1'9.11""O";Pilar De la Rúa; C. Ornosa;2014;NA;0;1;alcohol;NA
Bombus;Psithyrus;maxillosus;NA;Camino Laguna Seca;Pto. La Ragua;Granada;España;2014-06-07;2014;6;7;2143;"37° 6'12.76""N";"3° 1'9.11""O";Enrique Acosta; C. Ornosa;2014;NA;1;0;alcohol;alas negras
Bombus;Bombus;terrestris;lusitanicus;La Calahorra;La Calahorra;Granada;España;2014-06-07;2014;6;7;1239;"37°10'59.96""N";"3° 3'54.05""O";José A. Acosta; C. Ornosa;2014;NA;0;1;alcohol;Marrubio
Bombus;Bombus;terrestris;terrestris mezcla;bajando el Pto.;Pto. La Ragua-2;Granada;España;2014-06-07;2014;6;7;1705;"37° 8'41.18""N";"3° 3'1.00""O";José A. Acosta; C. Ornosa;2014;1;NA;NA;alcohol;Reseda luteola
Bombus;Bombus;terrestris;lusitanicus;bajando el Pto.;Pto. La Ragua-2;Granada;España;2014-06-07;2014;6;7;1705;"37° 8'41.18""N";"3° 3'1.00""O";Enrique Acosta; C. Ornosa;2014;1;NA;NA;alcohol;Reseda luteola
Bombus;Bombus;terrestris;lusitanicus;bajando el Pto.;Pto. La Ragua-2;Granada;España;2014-06-07;2014;6;7;1705;"37° 8'41.18""N";"3° 3'1.00""O";Pilar De la Rúa; C. Ornosa;2014;1;NA;NA;alcohol;Reseda luteola
Bombus;Bombus;terrestris;terrestris;Lanteira;Lanteira;Granada;España;2014-06-07;2014;6;7;1256;"37°10'23.47""N";"3° 8'13.74""O";Pilar De la Rúa; C. Ornosa;2014;NA;0;1;alcohol;Reseda luteola
Bombus;Bombus;terrestris;terrestris;Lanteira;Lanteira;Granada;España;2014-06-07;2014;6;7;1256;"37°10'23.47""N";"3° 8'13.74""O";Pilar De la Rúa; C. Ornosa;2014;NA;0;1;alcohol;Malva
Bombus;Bombus;terrestris;lusitanicus;Lanteira;Lanteira;Granada;España;2014-06-07;2014;6;7;1256;"37°10'23.47""N";"3° 8'13.74""O";Pilar De la Rúa; C. Ornosa;2014;NA;0;1;alcohol;Malva
Bombus;Bombus;terrestris;terrestris;Lanteira;Lanteira;Granada;España;2014-06-07;2014;6;7;1256;"37°10'23.47""N";"3° 8'13.74""O";Pilar De la Rúa; C. Ornosa;2014;NA;0;1;alcohol;Malva
Bombus;Bombus;terrestris;lusitanicus;Lanteira;Lanteira;Granada;España;2014-06-07;2014;6;7;1256;"37°10'23.47""N";"3° 8'13.74""O";Pilar De la Rúa; C. Ornosa;2014;1;NA;NA;alcohol;Malva
Bombus;Bombus;terrestris;lusitanicus;Lanteira-2;Lanteira;Granada;España;2014-06-08;2014;6;8;1283;"37°10'3.16""N";"3° 8'22.86""O";José A. Acosta; C. Ornosa;2014;NA;0;1;alcohol;Malva
Bombus;Bombus;terrestris;lusitanicus;Jerez del Marquesado;Jerez del Marquesado;Granada;España;2014-06-08;2014;6;8;1248;"37°10'50.18""N";"3° 9'47.24""O";José A. Acosta; C. Ornosa;2014;NA;0;1;alcohol;Malva
Bombus;Bombus;terrestris;lusitanicus;Jerez del Marquesado;Jerez del Marquesado;Granada;España;2014-06-08;2014;6;8;1248;"37°10'50.18""N";"3° 9'47.24""O";Enrique Acosta; C. Ornosa;2014;NA;0;1;alcohol;Malva
Bombus;Bombus;terrestris;lusitanicus;Jerez del Marquesado;Jerez del Marquesado;Granada;España;2014-06-08;2014;6;8;1248;"37°10'50.18""N";"3° 9'47.24""O";Paula Acosta; C. Ornosa;2014;1;NA;NA;alcohol;Malva
Bombus;Psithyrus;vestalis;obenbergeri;Jerez del Marquesado;Jerez del Marquesado;Granada;España;2014-06-08;2014;6;8;1248;"37°10'50.18""N";"3° 9'47.24""O";Pilar De la Rúa; C. Ornosa;2014;1;NA;NA;alcohol;Malva
Bombus;Bombus;terrestris;lusitanicus;Jerez del Marquesado;Jerez del Marquesado;Granada;España;2014-06-08;2014;6;8;1248;"37°10'50.18""N";"3° 9'47.24""O";José A. Acosta; C. Ornosa;2014;1;NA;NA;alcohol;Malva
Bombus;Bombus;terrestris;lusitanicus;Jerez del Marquesado;Jerez del Marquesado;Granada;España;2014-06-08;2014;6;8;1248;"37°10'50.18""N";"3° 9'47.24""O";Enrique Acosta; C. Ornosa;2014;1;NA;NA;alcohol;Malva
Bombus;Bombus;terrestris;lusitanicus;Jerez del Marquesado;Jerez del Marquesado;Granada;España;2014-06-08;2014;6;8;1248;"37°10'50.18""N";"3° 9'47.24""O";Paula Acosta; C. Ornosa;2014;NA;0;1;alcohol;Malva
Bombus;Bombus;terrestris;lusitanicus;Jerez del Marquesado;Jerez del Marquesado;Granada;España;2014-06-08;2014;6;8;1248;"37°10'50.18""N";"3° 9'47.24""O";Pilar De la Rúa; C. Ornosa;2014;1;NA;NA;alcohol;Malva
Bombus;Psithyrus;vestalis;obenbergeri;Jerez del Marquesado;Jerez del Marquesado;Granada;España;2014-06-08;2014;6;8;1248;"37°10'50.18""N";"3° 9'47.24""O";José A. Acosta; C. Ornosa;2014;1;NA;NA;alcohol;Malva
Bombus;Bombus;terrestris;lusitanicus;Jerez del Marquesado;Jerez del Marquesado;Granada;España;2014-06-08;2014;6;8;1248;"37°10'50.18""N";"3° 9'47.24""O";Enrique Acosta; C. Ornosa;2014;1;NA;NA;alcohol;Malva
Bombus;Bombus;terrestris;lusitanicus;Jerez del Marquesado;Jerez del Marquesado;Granada;España;2014-06-08;2014;6;8;1248;"37°10'50.18""N";"3° 9'47.24""O";Paula Acosta; C. Ornosa;2014;1;NA;NA;alcohol;Malva
Bombus;Bombus;terrestris;lusitanicus;Jerez del Marquesado;Jerez del Marquesado;Granada;España;2014-06-08;2014;6;8;1248;"37°10'50.18""N";"3° 9'47.24""O";Pilar De la Rúa; C. Ornosa;2014;1;NA;NA;alcohol;Malva
Bombus;Bombus;terrestris;lusitanicus;Jerez del Marquesado;Jerez del Marquesado;Granada;España;2014-06-08;2014;6;8;1248;"37°10'50.18""N";"3° 9'47.24""O";José A. Acosta; C. Ornosa;2014;NA;0;1;alcohol;Malva
Bombus;Bombus;terrestris;lusitanicus;Jerez del Marquesado;Jerez del Marquesado;Granada;España;2014-06-08;2014;6;8;1248;"37°10'50.18""N";"3° 9'47.24""O";Enrique Acosta; C. Ornosa;2014;1;NA;NA;alcohol;Malva
Bombus;Bombus;terrestris;lusitanicus;Jerez del Marquesado;Jerez del Marquesado;Granada;España;2014-06-08;2014;6;8;1248;"37°10'50.18""N";"3° 9'47.24""O";Paula Acosta; C. Ornosa;2014;NA;0;1;alcohol;Malva
Bombus;Bombus;terrestris;lusitanicus;Jerez del Marquesado;Jerez del Marquesado;Granada;España;2014-06-08;2014;6;8;1248;"37°10'50.18""N";"3° 9'47.24""O";Pilar De la Rúa; C. Ornosa;2014;1;NA;NA;alcohol;Malva
Bombus;Bombus;terrestris;lusitanicus;Jerez del Marquesado;Jerez del Marquesado;Granada;España;2014-06-08;2014;6;8;1248;"37°10'50.18""N";"3° 9'47.24""O";José A. Acosta; C. Ornosa;2014;NA;0;1;alcohol;Malva
Bombus;Bombus;terrestris;lusitanicus;Jerez del Marquesado;Jerez del Marquesado;Granada;España;2014-06-08;2014;6;8;1248;"37°10'50.18""N";"3° 9'47.24""O";Enrique Acosta; C. Ornosa;2014;1;NA;NA;alcohol;Malva
Bombus;Bombus;terrestris;lusitanicus;Jerez del Marquesado;Jerez del Marquesado;Granada;España;2014-06-08;2014;6;8;1248;"37°10'50.18""N";"3° 9'47.24""O";Paula Acosta; C. Ornosa;2014;1;NA;NA;alcohol;Malva
Bombus;Bombus;terrestris;lusitanicus;Jerez del Marquesado;Jerez del Marquesado;Granada;España;2014-06-08;2014;6;8;1248;"37°10'50.18""N";"3° 9'47.24""O";Pilar De la Rúa; C. Ornosa;2014;NA;0;1;alcohol;Malva
Bombus;Bombus;terrestris;terrestisxlusitanicus;Jerez del Marquesado;Jerez del Marquesado;Granada;España;2014-06-08;2014;6;8;1248;"37°10'50.18""N";"3° 9'47.24""O";José A. Acosta; C. Ornosa;2014;1;NA;NA;alcohol;Malva
Bombus;Bombus;terrestris;lusitanicus;Jerez del Marquesado;Jerez del Marquesado;Granada;España;2014-06-08;2014;6;8;1248;"37°10'50.18""N";"3° 9'47.24""O";Enrique Acosta; C. Ornosa;2014;NA;0;1;alcohol;Malva
Bombus;Bombus;terrestris;lusitanicus;Mirador de Jerez del Marquesado;Jerez del Marquesado;Granada;España;2014-06-08;2014;6;8;1285;"37°11'48.50""N";"3°10'3.31""O";Paula Acosta; C. Ornosa;2014;1;NA;NA;alcohol;Marrubio 
Bombus;Bombus;terrestris;lusitanicus;Mirador de Jerez del Marquesado;Jerez del Marquesado;Granada;España;2014-06-08;2014;6;8;1285;"37°11'48.50""N";"3°10'3.31""O";Pilar De la Rúa; C. Ornosa;2014;NA;0;1;alcohol;Marrubio 
Bombus;Bombus;terrestris;lusitanicus;Mirador de Jerez del Marquesado;Jerez del Marquesado;Granada;España;2014-06-08;2014;6;8;1285;"37°11'48.50""N";"3°10'3.31""O";José A. Acosta; C. Ornosa;2014;1;NA;NA;alcohol;Marrubio 
Bombus;Bombus;terrestris;lusitanicus;Mirador de Jerez del Marquesado;Jerez del Marquesado;Granada;España;2014-06-08;2014;6;8;1285;"37°11'48.50""N";"3°10'3.31""O";Enrique Acosta; C. Ornosa;2014;NA;0;1;alcohol;Marrubio 
Bombus;Bombus;terrestris;lusitanicus;Mirador de Jerez del Marquesado;Jerez del Marquesado;Granada;España;2014-06-08;2014;6;8;1285;"37°11'48.50""N";"3°10'3.31""O";Paula Acosta; C. Ornosa;2014;1;NA;NA;alcohol;Marrubio 
Bombus;Bombus;terrestris;lusitanicus;Mirador de Jerez del Marquesado;Jerez del Marquesado;Granada;España;2014-06-08;2014;6;8;1285;"37°11'48.50""N";"3°10'3.31""O";Pilar De la Rúa; C. Ornosa;2014;1;NA;NA;alcohol;Marrubio 
Bombus;Bombus;terrestris;lusitanicus;Mirador de Jerez del Marquesado;Jerez del Marquesado;Granada;España;2014-06-08;2014;6;8;1285;"37°11'48.50""N";"3°10'3.31""O";José A. Acosta; C. Ornosa;2014;1;NA;NA;alcohol;Marrubio 
Bombus;Bombus;terrestris;lusitanicus;Mirador de Jerez del Marquesado;Jerez del Marquesado;Granada;España;2014-06-08;2014;6;8;1285;"37°11'48.50""N";"3°10'3.31""O";Enrique Acosta; C. Ornosa;2014;1;NA;NA;alcohol;Marrubio 
Bombus;Bombus;terrestris;terrestisxlusitanicus;Mirador de Jerez del Marquesado;Jerez del Marquesado;Granada;España;2014-06-08;2014;6;8;1285;"37°11'48.50""N";"3°10'3.31""O";Paula Acosta; C. Ornosa;2014;1;NA;NA;alcohol;Marrubio 
Bombus;Bombus;terrestris;lusitanicus;Mirador de Jerez del Marquesado;Jerez del Marquesado;Granada;España;2014-06-08;2014;6;8;1285;"37°11'48.50""N";"3°10'3.31""O";Pilar De la Rúa; C. Ornosa;2014;1;NA;NA;alcohol;Marrubio 
Bombus;Bombus;terrestris;lusitanicus;Mirador de Jerez del Marquesado;Jerez del Marquesado;Granada;España;2014-06-08;2014;6;8;1285;"37°11'48.50""N";"3°10'3.31""O";José A. Acosta; C. Ornosa;2014;1;NA;NA;alcohol;Marrubio 
Bombus;Bombus;terrestris;lusitanicus;Mirador de Jerez del Marquesado;Jerez del Marquesado;Granada;España;2014-06-08;2014;6;8;1285;"37°11'48.50""N";"3°10'3.31""O";Enrique Acosta; C. Ornosa;2014;1;NA;NA;alcohol;Marrubio 
Bombus;Bombus;terrestris;lusitanicus;Mirador de Jerez del Marquesado;Jerez del Marquesado;Granada;España;2014-06-08;2014;6;8;1285;"37°11'48.50""N";"3°10'3.31""O";Paula Acosta; C. Ornosa;2014;1;NA;NA;alcohol;Marrubio 
Bombus;Bombus;terrestris;lusitanicus mezcla;Mirador de Jerez del Marquesado;Jerez del Marquesado;Granada;España;2014-06-08;2014;6;8;1285;"37°11'48.50""N";"3°10'3.31""O";Pilar De la Rúa; C. Ornosa;2014;1;NA;NA;alcohol;Marrubio 
Bombus;Psithyrus;vestalis;obenbergeri;Refugio de Postero Alto;Jerez del Marquesado;Granada;España;2014-06-09;2014;6;9;1881;"37° 8'11.43""N";"3°12'10.43""O";José A. Acosta; C. Ornosa;2014;1;NA;NA;alcohol;Cardo
Bombus;Psithyrus;vestalis;obenbergeri;Refugio de Postero Alto;Jerez del Marquesado;Granada;España;2014-06-09;2014;6;9;1881;"37° 8'11.43""N";"3°12'10.43""O";Enrique Acosta; C. Ornosa;2014;1;NA;NA;alcohol;Cardo
Bombus;Bombus;terrestris;lusitanicus;Refugio de Postero Alto;Jerez del Marquesado;Granada;España;2014-06-09;2014;6;9;1881;"37° 8'11.43""N";"3°12'10.43""O";Paula Acosta; C. Ornosa;2014;NA;1;0;alcohol;Cardo
Bombus;Psithyrus;vestalis;obenbergeri;Refugio de Postero Alto;Jerez del Marquesado;Granada;España;2014-06-09;2014;6;9;1881;"37° 8'11.43""N";"3°12'10.43""O";Pilar De la Rúa; C. Ornosa;2014;NA;1;0;alcohol;Cardo
Bombus;Bombus;terrestris;lusitanicus;Loma de Enmedio;Jerez del Marquesado;Granada;España;2014-06-09;2014;6;9;2239;"37° 7'22.26""N";"3°13'4.70""O";Enrique Acosta; C. Ornosa;2014;NA;0;1;alcohol;sobre Erinacea anthyllis (cojín de monja)
Bombus;Bombus;terrestris;lusitanicus;Loma de Enmedio;Jerez del Marquesado;Granada;España;2014-06-09;2014;6;9;2239;"37° 7'22.26""N";"3°13'4.70""O";Paula Acosta; C. Ornosa;2014;NA;1;0;alcohol;sobre Erinacea anthyllis (cojín de monja)
Bombus;Bombus;terrestris;lusitanicus;Loma de Enmedio;Jerez del Marquesado;Granada;España;2014-06-09;2014;6;9;2239;"37° 7'22.26""N";"3°13'4.70""O";Pilar De la Rúa; C. Ornosa;2014;1;NA;NA;alcohol;sobre Erinacea anthyllis (cojín de monja)
Bombus;Psithyrus;vestalis;obenbergeri;Loma de Enmedio;Jerez del Marquesado;Granada;España;2014-06-09;2014;6;9;2239;"37° 7'22.26""N";"3°13'4.70""O";Enrique Acosta; C. Ornosa;2014;1;NA;NA;alcohol;sobre Erinacea anthyllis (cojín de monja)
Bombus;Thoracobombus;pascuorum;maculatus con mezcla;P.N. Ordesa camino Circo Soaso;Torla;Huesca;España;2014-08-08;2014;8;8;1390;"42°38'20.29""N";"0° 1'57.11""O";Paula Acosta; C. Ornosa;2014;NA;0;1;alcohol;NA
Bombus;Bombus;lucorum;congruens;P.N. Ordesa Circo Soaso;Torla;Huesca;España;2014-08-08;2014;8;8;1390;"42°38'20.29""N";"0° 1'57.11""O";Pilar De la Rúa; C. Ornosa;2014;NA;0;1;alcohol;NA
Bombus;Bombus;lucorum;congruens;P.N. Ordesa Circo Soaso;Torla;Huesca;España;2014-08-08;2014;8;8;1390;"42°38'20.29""N";"0° 1'57.11""O";José A. Acosta; C. Ornosa;2014;NA;0;1;alcohol;NA
Bombus;Psithyrus;sylvestris;sylvestris;P.N. Ordesa 1 no Cola Caballo;Torla;Huesca;España;2014-08-08;2014;8;8;1407;"42°38'8.97""N";"0° 1'40.22""O";Enrique Acosta; C. Ornosa;2014;NA;1;1;alcohol;NA
Bombus;Bombus;lucorum;congruens;P.N. Ordesa 2 no Cola Caballo;Torla;Huesca;España;2014-08-08;2014;8;8;1407;"42°38'8.97""N";"0° 1'40.22""O";Paula Acosta; C. Ornosa;2014;1;NA;NA;alcohol;NA
Bombus;Kallobombus;soroeensis;soroeensis;P.N. Ordesa 3-Pradera Gradas de Soaso;Torla;Huesca;España;2014-08-08;2014;8;8;1665;"42°38'7.00""N";"0° 0'51.00""O";Pilar De la Rúa; C. Ornosa;2014;NA;0;1;alcohol;NA
Bombus;Kallobombus;soroeensis;soroeensis mezcla;P.N. Ordesa 3-Pradera Gradas de Soaso;Torla;Huesca;España;2014-08-08;2014;8;8;1665;"42°38'7.00""N";"0° 0'51.00""O";José A. Acosta; C. Ornosa;2014;NA;0;1;alcohol;NA
Bombus;Bombus;lucorum;congruens;P.N. Ordesa 3-Pradera Gradas de Soaso;Torla;Huesca;España;2014-08-08;2014;8;8;1665;"42°38'7.00""N";"0° 0'51.00""O";Enrique Acosta; C. Ornosa;2014;1;NA;NA;alcohol;NA
Bombus;Kallobombus;soroeensis;soroeensis;P.N. Ordesa 3-Pradera Gradas de Soaso;Torla;Huesca;España;2014-08-08;2014;8;8;1665;"42°38'7.00""N";"0° 0'51.00""O";Paula Acosta; C. Ornosa;2014;NA;0;1;alcohol;NA
Bombus;Megabombus;hortorum;hortorum;P.N. Ordesa 3-Pradera Gradas de Soaso;Torla;Huesca;España;2014-08-08;2014;8;8;1665;"42°38'7.00""N";"0° 0'51.00""O";Pilar De la Rúa; C. Ornosa;2014;NA;0;1;alcohol;NA
Bombus;Bombus;lucorum;congruens;P.N. Ordesa 3-Pradera Gradas de Soaso;Torla;Huesca;España;2014-08-08;2014;8;8;1665;"42°38'7.00""N";"0° 0'51.00""O";José A. Acosta; C. Ornosa;2014;1;NA;NA;alcohol;NA
Bombus;Megabombus;hortorum;hortorum;P.N. Ordesa 3-Pradera Gradas de Soaso;Torla;Huesca;España;2014-08-08;2014;8;8;1665;"42°38'7.00""N";"0° 0'51.00""O";Enrique Acosta; C. Ornosa;2014;NA;0;1;alcohol;NA
Bombus;Kallobombus;soroeensis;proteus ;P.N. Ordesa 3-Pradera Gradas de Soaso;Torla;Huesca;España;2014-08-08;2014;8;8;1665;"42°38'7.00""N";"0° 0'51.00""O";Paula Acosta; C. Ornosa;2014;NA;0;1;alcohol;NA
Bombus;Bombus;lucorum;congruens;P.N. Ordesa 3-Pradera Gradas de Soaso;Torla;Huesca;España;2014-08-08;2014;8;8;1665;"42°38'7.00""N";"0° 0'51.00""O";Pilar De la Rúa; C. Ornosa;2014;NA;0;1;alcohol;NA
Bombus;Kallobombus;soroeensis;soroeensis;P.N. Ordesa 3-Pradera Gradas de Soaso;Torla;Huesca;España;2014-08-08;2014;8;8;1665;"42°38'7.00""N";"0° 0'51.00""O";José A. Acosta; C. Ornosa;2014;NA;0;1;alcohol;NA
Bombus;Alpigenobombus;wurflenii;pyrenaicus;P.N. Ordesa 3-Pradera Gradas de Soaso;Torla;Huesca;España;2014-08-08;2014;8;8;1665;"42°38'7.00""N";"0° 0'51.00""O";Enrique Acosta; C. Ornosa;2014;NA;0;1;alcohol;NA
Bombus;Kallobombus;soroeensis;proteus ;P.N. Ordesa 3-Pradera Gradas de Soaso;Torla;Huesca;España;2014-08-08;2014;8;8;1665;"42°38'7.00""N";"0° 0'51.00""O";Paula Acosta; C. Ornosa;2014;NA;0;1;alcohol;NA
Bombus;Kallobombus;soroeensis;soroeensis;P.N. Ordesa 3-Pradera Gradas de Soaso;Torla;Huesca;España;2014-08-08;2014;8;8;1665;"42°38'7.00""N";"0° 0'51.00""O";Pilar De la Rúa; C. Ornosa;2014;NA;0;1;alcohol;NA
Bombus;Alpigenobombus;wurflenii;pyrenaicus;P.N. Ordesa 3-Pradera Gradas de Soaso;Torla;Huesca;España;2014-08-08;2014;8;8;1665;"42°38'7.00""N";"0° 0'51.00""O";José A. Acosta; C. Ornosa;2014;NA;0;1;alcohol;NA
Bombus;Kallobombus;soroeensis;soroeensis;P.N. Ordesa 4-Pradera Gradas de Soaso;Torla;Huesca;España;2014-08-08;2014;8;8;1649;"42°38'6.69""N";"0° 0'43.92""O";Enrique Acosta; C. Ornosa;2014;NA;0;1;alcohol;NA
Bombus;Kallobombus;soroeensis;proteus ;P.N. Ordesa 4-Pradera Gradas de Soaso;Torla;Huesca;España;2014-08-08;2014;8;8;1649;"42°38'6.69""N";"0° 0'43.92""O";Paula Acosta; C. Ornosa;2014;NA;0;1;alcohol;NA
Bombus;Kallobombus;soroeensis;soroeensis;P.N. Ordesa 4-Pradera Gradas de Soaso;Torla;Huesca;España;2014-08-08;2014;8;8;1649;"42°38'6.69""N";"0° 0'43.92""O";Pilar De la Rúa; C. Ornosa;2014;NA;0;1;alcohol;NA
Bombus;Bombus;lucorum;congruens;P.N. Ordesa 4-Pradera Gradas de Soaso;Torla;Huesca;España;2014-08-08;2014;8;8;1649;"42°38'6.69""N";"0° 0'43.92""O";José A. Acosta; C. Ornosa;2014;NA;0;1;alcohol;NA
Bombus;Pyrobombus;pratorum;santonae;P.N. Ordesa 4-Pradera Gradas de Soaso;Torla;Huesca;España;2014-08-08;2014;8;8;1649;"42°38'6.69""N";"0° 0'43.92""O";Enrique Acosta; C. Ornosa;2014;NA;0;1;alcohol;NA
Bombus;Kallobombus;soroeensis;soroeensis;P.N. Ordesa 5-Pradera Gradas de Soaso;Torla;Huesca;España;2014-08-08;2014;8;8;1648;"42°38'6.00""N";"0° 0'39.00""O";Paula Acosta; C. Ornosa;2014;NA;0;1;alcohol;NA
Bombus;Kallobombus;soroeensis;soroeensis;P.N. Ordesa 5-Pradera Gradas de Soaso;Torla;Huesca;España;2014-08-08;2014;8;8;1648;"42°38'6.00""N";"0° 0'39.00""O";Pilar De la Rúa; C. Ornosa;2014;NA;0;1;alcohol;NA
Bombus;Kallobombus;soroeensis;soroeensis;P.N. Ordesa 5-Pradera Gradas de Soaso;Torla;Huesca;España;2014-08-08;2014;8;8;1648;"42°38'6.00""N";"0° 0'39.00""O";José A. Acosta; C. Ornosa;2014;NA;1;0;alcohol;NA
Bombus;Bombus;lucorum;congruens;P.N. Ordesa 5-Pradera Gradas de Soaso;Torla;Huesca;España;2014-08-08;2014;8;8;1648;"42°38'6.00""N";"0° 0'39.00""O";Enrique Acosta; C. Ornosa;2014;1;NA;NA;alcohol;NA
Bombus;Kallobombus;soroeensis;soroeensis;P.N. Ordesa 5-Pradera Gradas de Soaso;Torla;Huesca;España;2014-08-08;2014;8;8;1648;"42°38'6.00""N";"0° 0'39.00""O";Paula Acosta; C. Ornosa;2014;NA;1;0;alcohol;NA
Bombus;Kallobombus;soroeensis;soroeensis;P.N. Ordesa 5-Pradera Gradas de Soaso;Torla;Huesca;España;2014-08-08;2014;8;8;1648;"42°38'6.00""N";"0° 0'39.00""O";Pilar De la Rúa; C. Ornosa;2014;NA;1;0;alcohol;NA
Bombus;Psithyrus;vestalis ;obenbergeri;P.N. Ordesa 5-Pradera Gradas de Soaso;Torla;Huesca;España;2014-08-08;2014;8;8;1648;"42°38'6.00""N";"0° 0'39.00""O";José A. Acosta; C. Ornosa;2014;1;NA;NA;alcohol;NA
Bombus;Kallobombus;soroeensis;soroeensis;P.N. Ordesa 5-Pradera Gradas de Soaso;Torla;Huesca;España;2014-08-08;2014;8;8;1648;"42°38'6.00""N";"0° 0'39.00""O";Enrique Acosta; C. Ornosa;2014;NA;0;1;alcohol;NA
Bombus;Kallobombus;soroeensis;soroeensis;P.N. Ordesa 5-Pradera Gradas de Soaso;Torla;Huesca;España;2014-08-08;2014;8;8;1648;"42°38'6.00""N";"0° 0'39.00""O";Paula Acosta; C. Ornosa;2014;NA;0;1;alcohol;NA
Bombus;Kallobombus;soroeensis;soroeensis;P.N. Ordesa 5-Pradera Gradas de Soaso;Torla;Huesca;España;2014-08-08;2014;8;8;1648;"42°38'6.00""N";"0° 0'39.00""O";Pilar De la Rúa; C. Ornosa;2014;NA;0;1;alcohol;NA
Bombus;Thoracobombus;ruderarius;ruderarius;P.N. Ordesa 5-Pradera Gradas de Soaso;Torla;Huesca;España;2014-08-08;2014;8;8;1648;"42°38'6.00""N";"0° 0'39.00""O";José A. Acosta; C. Ornosa;2014;NA;0;1;alcohol;cestillos
Bombus;Kallobombus;soroeensis;soroeensis;P.N. Ordesa 5-Pradera Gradas de Soaso;Torla;Huesca;España;2014-08-08;2014;8;8;1648;"42°38'6.00""N";"0° 0'39.00""O";Enrique Acosta; C. Ornosa;2014;NA;0;1;alcohol;NA
Bombus;Thoracobombus;ruderarius;ruderarius;P.N. Ordesa 6-Pradera Gradas de Soaso;Torla;Huesca;España;2014-08-08;2014;8;8;1673;"42°38'15.62""N";"0° 0'5.95""O";Paula Acosta; C. Ornosa;2014;NA;0;1;alcohol;NA
Bombus;Kallobombus;soroeensis;soroeensis;P.N. Ordesa 6-Pradera Gradas de Soaso;Torla;Huesca;España;2014-08-08;2014;8;8;1673;"42°38'15.62""N";"0° 0'5.95""O";Pilar De la Rúa; C. Ornosa;2014;NA;1;0;alcohol;NA
Bombus;Kallobombus;soroeensis;soroeensis;P.N. Ordesa 6-Pradera Gradas de Soaso;Torla;Huesca;España;2014-08-08;2014;8;8;1673;"42°38'15.62""N";"0° 0'5.95""O";José A. Acosta; C. Ornosa;2014;NA;1;0;alcohol;NA
Bombus;Bombus;lucorum;congruens;P.N. Ordesa 6-Pradera Gradas de Soaso;Torla;Huesca;España;2014-08-08;2014;8;8;1673;"42°38'15.62""N";"0° 0'5.95""O";Enrique Acosta; C. Ornosa;2014;NA;1;0;alcohol;NA
Bombus;Kallobombus;soroeensis;soroeensis;P.N. Ordesa 6-Pradera Gradas de Soaso;Torla;Huesca;España;2014-08-08;2014;8;8;1673;"42°38'15.62""N";"0° 0'5.95""O";Paula Acosta; C. Ornosa;2014;NA;0;1;alcohol;NA
Bombus;Kallobombus;soroeensis;soroeensis;P.N. Ordesa 6-Pradera Gradas de Soaso;Torla;Huesca;España;2014-08-08;2014;8;8;1673;"42°38'15.62""N";"0° 0'5.95""O";Pilar De la Rúa; C. Ornosa;2014;NA;0;1;alcohol;NA
Bombus;Thoracobombus;humilis;quasimuscorum;S.Nicolás de Bujaruelo 1;S.Nicolás de Bujaruelo;Huesca;España;2014-08-09;2014;8;9;1337;"42°41'34.41""N";"0° 6'29.62""O";José A. Acosta; C. Ornosa;2014;NA;0;1;alcohol;NA
Bombus;Psithyrus;vestalis ;obenbergeri;S.Nicolás de Bujaruelo 1;S.Nicolás de Bujaruelo;Huesca;España;2014-08-09;2014;8;9;1337;"42°41'34.41""N";"0° 6'29.62""O";Enrique Acosta; C. Ornosa;2014;1;NA;NA;alcohol;NA
Bombus;Thoracobombus;humilis;quasimuscorum;S.Nicolás de Bujaruelo 1;S.Nicolás de Bujaruelo;Huesca;España;2014-08-09;2014;8;9;1337;"42°41'34.41""N";"0° 6'29.62""O";Pilar De la Rúa; C. Ornosa;2014;NA;0;1;alcohol;NA
Bombus;Thoracobombus;humilis;quasimuscorum;S.Nicolás de Bujaruelo 1;S.Nicolás de Bujaruelo;Huesca;España;2014-08-09;2014;8;9;1337;"42°41'34.41""N";"0° 6'29.62""O";Paula Acosta; C. Ornosa;2014;1;NA;NA;alcohol;NA
Bombus;Kallobombus;soroeensis;soroeensis;S.Nicolás de Bujaruelo 1;S.Nicolás de Bujaruelo;Huesca;España;2014-08-09;2014;8;9;1337;"42°41'34.41""N";"0° 6'29.62""O";Pilar De la Rúa; C. Ornosa;2014;NA;0;1;alcohol;NA
Bombus;Melanobombus;lapidarius;lapidarius;S.Nicolás de Bujaruelo 1;S.Nicolás de Bujaruelo;Huesca;España;2014-08-09;2014;8;9;1337;"42°41'34.41""N";"0° 6'29.62""O";Paula Acosta; C. Ornosa;2014;NA;0;1;alcohol;NA
Bombus;Melanobombus;lapidarius;lapidarius;S.Nicolás de Bujaruelo 1;S.Nicolás de Bujaruelo;Huesca;España;2014-08-09;2014;8;9;1337;"42°41'34.41""N";"0° 6'29.62""O";Pilar De la Rúa; C. Ornosa;2014;NA;0;1;alcohol;NA
Bombus;Kallobombus;soroeensis;soroeensis;S.Nicolás de Bujaruelo 1;S.Nicolás de Bujaruelo;Huesca;España;2014-08-09;2014;8;9;1337;"42°41'34.41""N";"0° 6'29.62""O";Paula Acosta; C. Ornosa;2014;NA;1;0;alcohol;NA
Bombus;Thoracobombus;humilis;quasimuscorum;S.Nicolás de Bujaruelo 1;S.Nicolás de Bujaruelo;Huesca;España;2014-08-09;2014;8;9;1337;"42°41'34.41""N";"0° 6'29.62""O";Pilar De la Rúa; C. Ornosa;2014;NA;0;1;alcohol;NA
Bombus;Thoracobombus;humilis;quasimuscorum;S.Nicolás de Bujaruelo 1;S.Nicolás de Bujaruelo;Huesca;España;2014-08-09;2014;8;9;1337;"42°41'34.41""N";"0° 6'29.62""O";Pilar De la Rúa; C. Ornosa;2014;NA;0;1;alcohol;NA
Bombus;Kallobombus;soroeensis;soroeensis;S.Nicolás de Bujaruelo 1;S.Nicolás de Bujaruelo;Huesca;España;2014-08-09;2014;8;9;1337;"42°41'34.41""N";"0° 6'29.62""O";Paula Acosta; C. Ornosa;2014;NA;0;1;alcohol;NA
Bombus;Melanobombus;lapidarius;lapidarius;S.Nicolás de Bujaruelo 1;S.Nicolás de Bujaruelo;Huesca;España;2014-08-09;2014;8;9;1337;"42°41'34.41""N";"0° 6'29.62""O";Pilar De la Rúa; C. Ornosa;2014;NA;0;1;alcohol;NA
Bombus;Thoracobombus;humilis;quasimuscorum;S.Nicolás de Bujaruelo 1;S.Nicolás de Bujaruelo;Huesca;España;2014-08-09;2014;8;9;1337;"42°41'34.41""N";"0° 6'29.62""O";Paula Acosta; C. Ornosa;2014;NA;0;1;alcohol;NA
Bombus;Thoracobombus;muscorum;muscorum;S.Nicolás de Bujaruelo 1;S.Nicolás de Bujaruelo;Huesca;España;2014-08-09;2014;8;9;1337;"42°41'34.41""N";"0° 6'29.62""O";Pilar De la Rúa; C. Ornosa;2014;NA;0;1;alcohol;NA
Bombus;Melanobombus;lapidarius;lapidarius;S.Nicolás de Bujaruelo 1;S.Nicolás de Bujaruelo;Huesca;España;2014-08-09;2014;8;9;1337;"42°41'34.41""N";"0° 6'29.62""O";Paula Acosta; C. Ornosa;2014;NA;0;1;alcohol;NA
Bombus;Kallobombus;soroeensis;soroeensis;S.Nicolás de Bujaruelo 1;S.Nicolás de Bujaruelo;Huesca;España;2014-08-09;2014;8;9;1337;"42°41'34.41""N";"0° 6'29.62""O";Pilar De la Rúa; C. Ornosa;2014;NA;1;0;alcohol;NA
Bombus;Thoracobombus;laesus;mocsary;S.Nicolás de Bujaruelo 2;S.Nicolás de Bujaruelo;Huesca;España;2014-08-09;2014;8;9;1363;"42°41'55.35""N";"0° 6'57.09""O";Paula Acosta; C. Ornosa;2014;NA;0;1;alcohol;NA
Bombus;Kallobombus;soroeensis;soroeensis;S.Nicolás de Bujaruelo 2;S.Nicolás de Bujaruelo;Huesca;España;2014-08-09;2014;8;9;1363;"42°41'55.35""N";"0° 6'57.09""O";Pilar De la Rúa; C. Ornosa;2014;NA;0;1;alcohol;NA
Bombus;Bombus;lucorum;congruens;S.Nicolás de Bujaruelo 3;S.Nicolás de Bujaruelo;Huesca;España;2014-08-09;2014;8;9;1477;"42°41'52.69""N";"0° 7'18.82""O";Pilar De la Rúa; C. Ornosa;2014;NA;0;1;alcohol;NA
Bombus;Thoracobombus;pascuorum;maculatus;S.Nicolás de Bujaruelo 3;S.Nicolás de Bujaruelo;Huesca;España;2014-08-09;2014;8;9;1477;"42°41'52.69""N";"0° 7'18.82""O";Pilar De la Rúa; C. Ornosa;2014;NA;0;1;alcohol;NA
Bombus;Megabombus;hortorum;hortorum;S.Nicolás de Bujaruelo 3;S.Nicolás de Bujaruelo;Huesca;España;2014-08-09;2014;8;9;1477;"42°41'52.69""N";"0° 7'18.82""O";Pilar De la Rúa; C. Ornosa;2014;NA;0;1;alcohol;NA
Bombus;Pyrobombus;pyrenaeus?;pyrenaeus';S.Nicolás de Bujaruelo 3;S.Nicolás de Bujaruelo;Huesca;España;2014-08-09;2014;8;9;1477;"42°41'52.69""N";"0° 7'18.82""O";Pilar De la Rúa; C. Ornosa;2014;NA;0;1;alcohol;NA
Bombus;Kallobombus;soroeensis;soroeensis;S.Nicolás de Bujaruelo 3;S.Nicolás de Bujaruelo;Huesca;España;2014-08-09;2014;8;9;1477;"42°41'52.69""N";"0° 7'18.82""O";Pilar De la Rúa; C. Ornosa;2014;NA;0;1;alcohol;NA
Bombus;Kallobombus;soroeensis;soroeensis;S.Nicolás de Bujaruelo 3;S.Nicolás de Bujaruelo;Huesca;España;2014-08-09;2014;8;9;1477;"42°41'52.69""N";"0° 7'18.82""O";Pilar De la Rúa; C. Ornosa;2014;NA;0;1;alcohol;NA
Bombus;Pyrobombus;pyrenaeus?;pyrenaeus';S.Nicolás de Bujaruelo 3;S.Nicolás de Bujaruelo;Huesca;España;2014-08-09;2014;8;9;1477;"42°41'52.69""N";"0° 7'18.82""O";Pilar De la Rúa; C. Ornosa;2014;NA;0;1;alcohol;NA
Bombus;Thoracobombus;ruderarius;ruderarius;S.Nicolás de Bujaruelo 4;S.Nicolás de Bujaruelo;Huesca;España;2014-08-09;2014;8;9;1549;"42°41'49.28""N";"0° 7'32.24""O";José A. Acosta; C. Ornosa;2014;NA;0;1;alcohol;NA
Bombus;Megabombus;hortorum;hortorum;S.Nicolás de Bujaruelo 4;S.Nicolás de Bujaruelo;Huesca;España;2014-08-09;2014;8;9;1549;"42°41'49.28""N";"0° 7'32.24""O";José A. Acosta; C. Ornosa;2014;1;NA;NA;alcohol;NA
Bombus;Kallobombus;soroeensis;soroeensis;S.Nicolás de Bujaruelo 4;S.Nicolás de Bujaruelo;Huesca;España;2014-08-09;2014;8;9;1549;"42°41'49.28""N";"0° 7'32.24""O";José A. Acosta; C. Ornosa;2014;1;NA;NA;alcohol;NA
Bombus;Thoracobombus;mesomelas;mesomelas;S.Nicolás de Bujaruelo 4;S.Nicolás de Bujaruelo;Huesca;España;2014-08-09;2014;8;9;1549;"42°41'49.28""N";"0° 7'32.24""O";José A. Acosta; C. Ornosa;2014;NA;0;1;alcohol;NA
Bombus;Melanobombus;lapidarius;lapidarius;S.Nicolás de Bujaruelo 4;S.Nicolás de Bujaruelo;Huesca;España;2014-08-09;2014;8;9;1549;"42°41'49.28""N";"0° 7'32.24""O";José A. Acosta; C. Ornosa;2014;NA;0;1;alcohol;NA
Bombus;Kallobombus;soroeensis;soroeensis;S.Nicolás de Bujaruelo 4;S.Nicolás de Bujaruelo;Huesca;España;2014-08-09;2014;8;9;1549;"42°41'49.28""N";"0° 7'32.24""O";José A. Acosta; C. Ornosa;2014;1;NA;NA;alcohol;NA
Bombus;Melanobombus;lapidarius;lapidarius;S.Nicolás de Bujaruelo 4;S.Nicolás de Bujaruelo;Huesca;España;2014-08-09;2014;8;9;1549;"42°41'49.28""N";"0° 7'32.24""O";José A. Acosta; C. Ornosa;2014;NA;0;1;alcohol;NA
Bombus;Kallobombus;soroeensis;soroeensis;S.Nicolás de Bujaruelo 4;S.Nicolás de Bujaruelo;Huesca;España;2014-08-09;2014;8;9;1549;"42°41'49.28""N";"0° 7'32.24""O";José A. Acosta; C. Ornosa;2014;NA;0;1;alcohol;NA
Bombus;Kallobombus;soroeensis;soroeensis;S.Nicolás de Bujaruelo 4;S.Nicolás de Bujaruelo;Huesca;España;2014-08-09;2014;8;9;1549;"42°41'49.28""N";"0° 7'32.24""O";José A. Acosta; C. Ornosa;2014;NA;0;1;alcohol;NA
Bombus;Kallobombus;soroeensis;soroeensis;S.Nicolás de Bujaruelo 4;S.Nicolás de Bujaruelo;Huesca;España;2014-08-09;2014;8;9;1549;"42°41'49.28""N";"0° 7'32.24""O";José A. Acosta; C. Ornosa;2014;NA;0;1;alcohol;NA
Bombus;Kallobombus;soroeensis;soroeensis;S.Nicolás de Bujaruelo 4;S.Nicolás de Bujaruelo;Huesca;España;2014-08-09;2014;8;9;1549;"42°41'49.28""N";"0° 7'32.24""O";José A. Acosta; C. Ornosa;2014;NA;0;1;alcohol;NA
Bombus;Kallobombus;soroeensis;soroeensis;S.Nicolás de Bujaruelo 4;S.Nicolás de Bujaruelo;Huesca;España;2014-08-09;2014;8;9;1549;"42°41'49.28""N";"0° 7'32.24""O";José A. Acosta; C. Ornosa;2014;NA;0;1;alcohol;NA
Bombus;Kallobombus;soroeensis;soroeensis;S.Nicolás de Bujaruelo 4;S.Nicolás de Bujaruelo;Huesca;España;2014-08-09;2014;8;9;1549;"42°41'49.28""N";"0° 7'32.24""O";José A. Acosta; C. Ornosa;2014;NA;0;1;alcohol;NA
Bombus;Melanobombus;lapidarius;lapidarius;S.Nicolás de Bujaruelo 4;S.Nicolás de Bujaruelo;Huesca;España;2014-08-09;2014;8;9;1549;"42°41'49.28""N";"0° 7'32.24""O";José A. Acosta; C. Ornosa;2014;NA;0;1;alcohol;NA
Bombus;Kallobombus;soroeensis;proteus ;S.Nicolás de Bujaruelo 4;S.Nicolás de Bujaruelo;Huesca;España;2014-08-09;2014;8;9;1549;"42°41'49.28""N";"0° 7'32.24""O";José A. Acosta; C. Ornosa;2014;1;NA;NA;alcohol;NA
Bombus;Thoracobombus;mesomelas;mesomelas;S.Nicolás de Bujaruelo 4;S.Nicolás de Bujaruelo;Huesca;España;2014-08-09;2014;8;9;1549;"42°41'49.28""N";"0° 7'32.24""O";José A. Acosta; C. Ornosa;2014;NA;0;1;alcohol;NA
Bombus;Bombus;lucorum;congruens;S.Nicolás de Bujaruelo 5;S.Nicolás de Bujaruelo;Huesca;España;2014-08-09;2014;8;9;1591;"42°41'54.50""N";"0° 7'46.04""O";Pilar De la Rúa; C. Ornosa;2014;1;NA;NA;alcohol;NA
Bombus;Kallobombus;soroeensis;soroeensis;S.Nicolás de Bujaruelo 5;S.Nicolás de Bujaruelo;Huesca;España;2014-08-09;2014;8;9;1591;"42°41'54.50""N";"0° 7'46.04""O";Pilar De la Rúa; C. Ornosa;2014;1;NA;NA;alcohol;NA
Bombus;Kallobombus;soroeensis;soroeensis;S.Nicolás de Bujaruelo 5;S.Nicolás de Bujaruelo;Huesca;España;2014-08-09;2014;8;9;1591;"42°41'54.50""N";"0° 7'46.04""O";Pilar De la Rúa; C. Ornosa;2014;NA;0;1;alcohol;NA
Bombus;Psithyrus;vestalis ;vestalis ;S.Nicolás de Bujaruelo 5;S.Nicolás de Bujaruelo;Huesca;España;2014-08-09;2014;8;9;1591;"42°41'54.50""N";"0° 7'46.04""O";Pilar De la Rúa; C. Ornosa;2014;1;NA;NA;alcohol;NA
Bombus;Thoracobombus;humilis;quasimuscorum;S.Nicolás de Bujaruelo 5;S.Nicolás de Bujaruelo;Huesca;España;2014-08-09;2014;8;9;1591;"42°41'54.50""N";"0° 7'46.04""O";Pilar De la Rúa; C. Ornosa;2014;NA;0;1;alcohol;NA
Bombus;Psithyrus;vestalis ;vestalis ;S.Nicolás de Bujaruelo 5;S.Nicolás de Bujaruelo;Huesca;España;2014-08-09;2014;8;9;1591;"42°41'54.50""N";"0° 7'46.04""O";Pilar De la Rúa; C. Ornosa;2014;1;NA;NA;alcohol;NA
Bombus;Melanobombus;lapidarius;lapidarius;S.Nicolás de Bujaruelo 5;S.Nicolás de Bujaruelo;Huesca;España;2014-08-09;2014;8;9;1591;"42°41'54.50""N";"0° 7'46.04""O";Pilar De la Rúa; C. Ornosa;2014;NA;0;1;alcohol;NA
Bombus;Bombus;lucorum;congruens;S.Nicolás de Bujaruelo 5;S.Nicolás de Bujaruelo;Huesca;España;2014-08-09;2014;8;9;1591;"42°41'54.50""N";"0° 7'46.04""O";Pilar De la Rúa; C. Ornosa;2014;1;NA;NA;alcohol;NA
Bombus;Kallobombus;soroeensis;soroeensis;S.Nicolás de Bujaruelo 5;S.Nicolás de Bujaruelo;Huesca;España;2014-08-09;2014;8;9;1591;"42°41'54.50""N";"0° 7'46.04""O";Pilar De la Rúa; C. Ornosa;2014;NA;0;1;alcohol;NA
Bombus;Melanobombus;lapidarius;lapidarius;S.Nicolás de Bujaruelo 5;S.Nicolás de Bujaruelo;Huesca;España;2014-08-09;2014;8;9;1591;"42°41'54.50""N";"0° 7'46.04""O";Pilar De la Rúa; C. Ornosa;2014;NA;0;1;alcohol;NA
Bombus;Kallobombus;soroeensis;proteus ;S.Nicolás de Bujaruelo 5;S.Nicolás de Bujaruelo;Huesca;España;2014-08-09;2014;8;9;1591;"42°41'54.50""N";"0° 7'46.04""O";Pilar De la Rúa; C. Ornosa;2014;1;NA;NA;alcohol;NA
Bombus;Bombus;lucorum;congruens;S.Nicolás de Bujaruelo 5;S.Nicolás de Bujaruelo;Huesca;España;2014-08-09;2014;8;9;1591;"42°41'54.50""N";"0° 7'46.04""O";Pilar De la Rúa; C. Ornosa;2014;1;NA;NA;alcohol;NA
Bombus;Thoracobombus;ruderarius;ruderarius;S.Nicolás de Bujaruelo 5;S.Nicolás de Bujaruelo;Huesca;España;2014-08-09;2014;8;9;1591;"42°41'54.50""N";"0° 7'46.04""O";Pilar De la Rúa; C. Ornosa;2014;1;NA;NA;alcohol;NA
Bombus;Melanobombus;lapidarius;lapidarius;S.Nicolás de Bujaruelo 5;S.Nicolás de Bujaruelo;Huesca;España;2014-08-09;2014;8;9;1591;"42°41'54.50""N";"0° 7'46.04""O";Pilar De la Rúa; C. Ornosa;2014;1;NA;NA;alcohol;NA
Bombus;Thoracobombus;ruderarius;ruderarius;S.Nicolás de Bujaruelo 5;S.Nicolás de Bujaruelo;Huesca;España;2014-08-09;2014;8;9;1591;"42°41'54.50""N";"0° 7'46.04""O";Pilar De la Rúa; C. Ornosa;2014;1;NA;NA;alcohol;NA
Bombus;Thoracobombus;humilis;quasimuscorum;S.Nicolás de Bujaruelo 5;S.Nicolás de Bujaruelo;Huesca;España;2014-08-09;2014;8;9;1591;"42°41'54.50""N";"0° 7'46.04""O";Pilar De la Rúa; C. Ornosa;2014;NA;0;1;alcohol;NA
Bombus;Melanobombus;lapidarius;lapidarius;S.Nicolás de Bujaruelo 5;S.Nicolás de Bujaruelo;Huesca;España;2014-08-09;2014;8;9;1591;"42°41'54.50""N";"0° 7'46.04""O";Pilar De la Rúa; C. Ornosa;2014;NA;0;1;alcohol;NA
Bombus;Melanobombus;lapidarius;lapidarius;S.Nicolás de Bujaruelo 5;S.Nicolás de Bujaruelo;Huesca;España;2014-08-09;2014;8;9;1591;"42°41'54.50""N";"0° 7'46.04""O";Pilar De la Rúa; C. Ornosa;2014;NA;0;1;alcohol;NA
Bombus;Thoracobombus;ruderarius;ruderarius;S.Nicolás de Bujaruelo 5;S.Nicolás de Bujaruelo;Huesca;España;2014-08-09;2014;8;9;1591;"42°41'54.50""N";"0° 7'46.04""O";Pilar De la Rúa; C. Ornosa;2014;1;NA;NA;alcohol;NA
Bombus;Kallobombus;soroeensis;soroeensis;S.Nicolás de Bujaruelo 5;S.Nicolás de Bujaruelo;Huesca;España;2014-08-09;2014;8;9;1591;"42°41'54.50""N";"0° 7'46.04""O";Pilar De la Rúa; C. Ornosa;2014;1;NA;NA;alcohol;NA
Bombus;Thoracobombus;humilis;quasimuscorum;S.Nicolás de Bujaruelo 5;S.Nicolás de Bujaruelo;Huesca;España;2014-08-09;2014;8;9;1591;"42°41'54.50""N";"0° 7'46.04""O";Pilar De la Rúa; C. Ornosa;2014;NA;0;1;alcohol;NA
Bombus;Kallobombus;soroeensis;soroeensis;S.Nicolás de Bujaruelo 5;S.Nicolás de Bujaruelo;Huesca;España;2014-08-09;2014;8;9;1591;"42°41'54.50""N";"0° 7'46.04""O";Pilar De la Rúa; C. Ornosa;2014;NA;0;1;alcohol;NA
Bombus;Kallobombus;soroeensis;soroeensis;S.Nicolás de Bujaruelo 5;S.Nicolás de Bujaruelo;Huesca;España;2014-08-09;2014;8;9;1591;"42°41'54.50""N";"0° 7'46.04""O";Pilar De la Rúa; C. Ornosa;2014;m;NA;NA;alcohol;NA
Bombus;Melanobombus;lapidarius;lapidarius;S.Nicolás de Bujaruelo 5;S.Nicolás de Bujaruelo;Huesca;España;2014-08-09;2014;8;9;1591;"42°41'54.50""N";"0° 7'46.04""O";Pilar De la Rúa; C. Ornosa;2014;NA;0;1;alcohol;NA
Bombus;Thoracobombus;humilis;quasimuscorum;S.Nicolás de Bujaruelo 5;S.Nicolás de Bujaruelo;Huesca;España;2014-08-09;2014;8;9;1591;"42°41'54.50""N";"0° 7'46.04""O";Pilar De la Rúa; C. Ornosa;2014;NA;0;1;alcohol;NA
Bombus;Kallobombus;soroeensis;proteus ;S.Nicolás de Bujaruelo 5;S.Nicolás de Bujaruelo;Huesca;España;2014-08-09;2014;8;9;1591;"42°41'54.50""N";"0° 7'46.04""O";Pilar De la Rúa; C. Ornosa;2014;NA;0;1;alcohol;NA
Bombus;Bombus ;lucorum;congruens;S.Nicolás de Bujaruelo 6;S.Nicolás de Bujaruelo;Huesca;España;2014-08-09;2014;8;9;1381;"42°42'2.00""N";"0° 7'4.00""O";José A. Acosta; C. Ornosa;2014;1;NA;NA;alcohol;NA
Bombus;Kallobombus;soroeensis;soroeensis;S.Nicolás de Bujaruelo 6;S.Nicolás de Bujaruelo;Huesca;España;2014-08-09;2014;8;9;1381;"42°42'2.00""N";"0° 7'4.00""O";José A. Acosta; C. Ornosa;2014;NA;0;1;alcohol;NA
Bombus;Kallobombus;soroeensis;soroeensis;S.Nicolás de Bujaruelo 6;S.Nicolás de Bujaruelo;Huesca;España;2014-08-09;2014;8;9;1381;"42°42'2.00""N";"0° 7'4.00""O";José A. Acosta; C. Ornosa;2014;NA;0;1;alcohol;NA
Bombus;Melanobombus;lapidarius;lapidarius;S.Nicolás de Bujaruelo 6;S.Nicolás de Bujaruelo;Huesca;España;2014-08-09;2014;8;9;1381;"42°42'2.00""N";"0° 7'4.00""O";José A. Acosta; C. Ornosa;2014;NA;0;1;alcohol;NA
Bombus;Megabombus;hortorum;hortorum;S.Nicolás de Bujaruelo 6;S.Nicolás de Bujaruelo;Huesca;España;2014-08-09;2014;8;9;1381;"42°42'2.00""N";"0° 7'4.00""O";Pilar De la Rúa; C. Ornosa;2014;NA;0;1;alcohol;NA
Bombus;Melanobombus;lapidarius;lapidarius;S.Nicolás de Bujaruelo 6;S.Nicolás de Bujaruelo;Huesca;España;2014-08-09;2014;8;9;1381;"42°42'2.00""N";"0° 7'4.00""O";José A. Acosta; C. Ornosa;2014;NA;0;1;alcohol;NA
Bombus;Melanobombus;lapidarius;lapidarius;S.Nicolás de Bujaruelo 6;S.Nicolás de Bujaruelo;Huesca;España;2014-08-09;2014;8;9;1381;"42°42'2.00""N";"0° 7'4.00""O";Pilar De la Rúa; C. Ornosa;2014;NA;0;1;alcohol;NA
Bombus;Kallobombus;soroeensis;soroeensis;S.Nicolás de Bujaruelo 6;S.Nicolás de Bujaruelo;Huesca;España;2014-08-09;2014;8;9;1381;"42°42'2.00""N";"0° 7'4.00""O";José A. Acosta; C. Ornosa;2014;NA;0;1;alcohol;NA
Bombus;Kallobombus;soroeensis;soroeensis;S.Nicolás de Bujaruelo 6;S.Nicolás de Bujaruelo;Huesca;España;2014-08-09;2014;8;9;1381;"42°42'2.00""N";"0° 7'4.00""O";Pilar De la Rúa; C. Ornosa;2014;NA;0;1;alcohol;NA
Bombus;Kallobombus;soroeensis;soroeensis;S.Nicolás de Bujaruelo 6;S.Nicolás de Bujaruelo;Huesca;España;2014-08-09;2014;8;9;1381;"42°42'2.00""N";"0° 7'4.00""O";José A. Acosta; C. Ornosa;2014;NA;0;1;alcohol;NA
Bombus;Melanobombus;lapidarius;lapidarius;S.Nicolás de Bujaruelo 6;S.Nicolás de Bujaruelo;Huesca;España;2014-08-09;2014;8;9;1381;"42°42'2.00""N";"0° 7'4.00""O";Pilar De la Rúa; C. Ornosa;2014;NA;0;1;alcohol;NA
Bombus;Kallobombus;soroeensis;soroeensis;S.Nicolás de Bujaruelo 6;S.Nicolás de Bujaruelo;Huesca;España;2014-08-09;2014;8;9;1381;"42°42'2.00""N";"0° 7'4.00""O";Pilar De la Rúa; C. Ornosa;2014;NA;0;1;alcohol;NA
Bombus;Psithyrus;vestalis;vestalis ;Biescas;Biescas;Huesca;España;2014-08-10;2014;8;10;914;"42°37'49.19""N";"0°18'58.17""O";Paula Acosta; C. Ornosa;2014;1;NA;NA;alcohol;NA
Bombus;Thoracobombus;pascuorum;maculatus;Biescas;Biescas;Huesca;España;2014-08-10;2014;8;10;914;"42°37'49.19""N";"0°18'58.17""O";Pilar De la Rúa; C. Ornosa;2014;1;NA;NA;alcohol;NA
Bombus;Thoracobombus;humilis;paraurantiacus;Biescas;Biescas;Huesca;España;2014-08-10;2014;8;10;914;"42°37'49.19""N";"0°18'58.17""O";Enrique Acosta; C. Ornosa;2014;1;NA;NA;alcohol;NA
Bombus;Melanobombus;lapidarius;lapidarius;Biescas;Biescas;Huesca;España;2014-08-10;2014;8;10;914;"42°37'49.19""N";"0°18'58.17""O";Paula Acosta; C. Ornosa;2014;NA;0;1;alcohol;NA
Bombus;Kallobombus;soroeensis;soroeensis;Biescas;Biescas;Huesca;España;2014-08-10;2014;8;10;914;"42°37'49.19""N";"0°18'58.17""O";Pilar De la Rúa; C. Ornosa;2014;NA;0;1;alcohol;NA
Bombus;Thoracobombus;humilis;paraurantiacus;Biescas;Biescas;Huesca;España;2014-08-10;2014;8;10;914;"42°37'49.19""N";"0°18'58.17""O";Enrique Acosta; C. Ornosa;2014;1;NA;NA;alcohol;NA
Bombus;Melanobombus;lapidarius;lapidarius;Biescas;Biescas;Huesca;España;2014-08-10;2014;8;10;914;"42°37'49.19""N";"0°18'58.17""O";Paula Acosta; C. Ornosa;2014;NA;0;1;alcohol;NA
Bombus;Thoracobombus;pascuorum;maculatus;Biescas;Biescas;Huesca;España;2014-08-10;2014;8;10;914;"42°37'49.19""N";"0°18'58.17""O";Pilar De la Rúa; C. Ornosa;2014;NA;0;1;alcohol;NA
Bombus;Bombus ;terrestris;lusitanicus mezcla;Biescas;Biescas;Huesca;España;2014-08-10;2014;8;10;914;"42°37'49.19""N";"0°18'58.17""O";Enrique Acosta; C. Ornosa;2014;NA;1;0;alcohol;NA
Bombus;Melanobombus;lapidarius;lapidarius;Biescas;Biescas;Huesca;España;2014-08-10;2014;8;10;914;"42°37'49.19""N";"0°18'58.17""O";Paula Acosta; C. Ornosa;2014;NA;0;1;alcohol;NA
Bombus;Thoracobombus;humilis;paraurantiacus ;Biescas;Biescas;Huesca;España;2014-08-10;2014;8;10;914;"42°37'49.19""N";"0°18'58.17""O";Pilar De la Rúa; C. Ornosa;2014;1;NA;NA;alcohol;NA
Bombus;Bombus ;terrestris;no se distingue;Biescas;Biescas;Huesca;España;2014-08-10;2014;8;10;914;"42°37'49.19""N";"0°18'58.17""O";Enrique Acosta; C. Ornosa;2014;NA;0;1;alcohol;NA
Bombus;Thoracobombus;humilis;no se distingue;Biescas;Biescas;Huesca;España;2014-08-10;2014;8;10;914;"42°37'49.19""N";"0°18'58.17""O";Pilar De la Rúa; C. Ornosa;2014;NA;0;1;alcohol;NA
Bombus;Bombus ;lucorum;congruens;Biescas;Biescas;Huesca;España;2014-08-10;2014;8;10;914;"42°37'49.19""N";"0°18'58.17""O";Enrique Acosta; C. Ornosa;2014;1;NA;NA;alcohol;NA
Bombus;Thoracobombus;humilis;quasimuscorum;Biescas;Biescas;Huesca;España;2014-08-10;2014;8;10;914;"42°37'49.19""N";"0°18'58.17""O";Paula Acosta; C. Ornosa;2014;1;NA;NA;alcohol;NA
Bombus;Thoracobombus;humilis;quasimuscorum;Biescas;Biescas;Huesca;España;2014-08-10;2014;8;10;914;"42°37'49.19""N";"0°18'58.17""O";Pilar De la Rúa; C. Ornosa;2014;1;NA;NA;alcohol;sobre cardos
Bombus;Bombus;terrestris;lusitanicus?;Jaca;Jaca;Huesca;España;2014-08-11;2014;8;11;799;"42°33'52.50""N";"0°34'1.39""O";Enrique Acosta; C. Ornosa;2014;NA;0;1;alcohol;NA
Bombus;Bombus;terrestris;lusitanicus;Jaca;Jaca;Huesca;España;2014-08-11;2014;8;11;799;"42°33'52.50""N";"0°34'1.39""O";Pilar De la Rúa; C. Ornosa;2014;NA;0;1;alcohol;NA
Bombus;Bombus;terrestris;lusitanicus;Jaca;Jaca;Huesca;España;2014-08-11;2014;8;11;799;"42°33'52.50""N";"0°34'1.39""O";Pilar De la Rúa; C. Ornosa;2014;NA;0;1;alcohol;NA
Bombus;Bombus;lucorum?;NA;Jaca;Jaca;Huesca;España;2014-08-11;2014;8;11;799;"42°33'52.50""N";"0°34'1.39""O";Pilar De la Rúa; C. Ornosa;2014;1;NA;NA;alcohol;NA
Bombus;Bombus ;lucorum;congruens;puerto entre Hecho y Ansó;Ansó/Fago;Huesca;España;2014-08-11;2014;8;11;1053;"42°44'24.90""N";"0°47'4.33""O";Pilar De la Rúa; C. Ornosa;2014;1;NA;NA;alcohol;NA
Bombus;Bombus ;lucorum;congruens;puerto entre Hecho y Ansó;Ansó/Fago;Huesca;España;2014-08-11;2014;8;11;1053;"42°44'24.90""N";"0°47'4.33""O";Pilar De la Rúa; C. Ornosa;2014;NA;0;1;alcohol;NA
Bombus;Bombus ;lucorum;congruens;puerto entre Hecho y Ansó;Ansó/Fago;Huesca;España;2014-08-11;2014;8;11;1053;"42°44'24.90""N";"0°47'4.33""O";Pilar De la Rúa; C. Ornosa;2014;NA;0;1;alcohol;NA
Bombus;Bombus ;lucorum;congruens;puerto entre Hecho y Ansó;Ansó/Fago;Huesca;España;2014-08-11;2014;8;11;1053;"42°44'24.90""N";"0°47'4.33""O";Pilar De la Rúa; C. Ornosa;2014;NA;0;1;alcohol;NA
Bombus;Bombus ;lucorum;congruens;puerto entre Hecho y Ansó;Ansó/Fago;Huesca;España;2014-08-11;2014;8;11;1053;"42°44'24.90""N";"0°47'4.33""O";Pilar De la Rúa; C. Ornosa;2014;1;NA;NA;alcohol;NA
Bombus;Bombus ;lucorum;congruens;puerto entre Hecho y Ansó;Ansó/Fago;Huesca;España;2014-08-11;2014;8;11;1053;"42°44'24.90""N";"0°47'4.33""O";Pilar De la Rúa; C. Ornosa;2014;NA;0;1;alcohol;NA
Bombus;Melanobombus;lapidarius;lapidarius;puerto entre Hecho y Ansó;Ansó/Fago;Huesca;España;2014-08-11;2014;8;11;1053;"42°44'24.90""N";"0°47'4.33""O";Pilar De la Rúa; C. Ornosa;2014;NA;0;1;alcohol;NA
Bombus;Thoracobombus;pascuorum;maculatus;camino Zuriza1;Ansó/Fago;Huesca;España;2014-08-12;2014;8;12;1103;"42°50'29.87""N";"0°49'46.10""O";José A. Acosta; C. Ornosa;2014;NA;0;1;alcohol;NA
Bombus;Thoracobombus;pascuorum;maculatus;camino Zuriza1;Ansó/Fago;Huesca;España;2014-08-12;2014;8;12;1103;"42°50'29.87""N";"0°49'46.10""O";José A. Acosta; C. Ornosa;2014;NA;0;1;alcohol;NA
Bombus;Melanobombus;lapidarius;lapidarius;camino Zuriza2;Ansó/Fago;Huesca;España;2014-08-12;2014;8;12;1216;"42°51'53.36""N";"0°49'5.01""O";Pilar De la Rúa; C. Ornosa;2014;1;NA;NA;alcohol;NA
Bombus;Thoracobombus;ruderarius;NA;camino Zuriza2;Ansó/Fago;Huesca;España;2014-08-12;2014;8;12;1216;"42°51'53.36""N";"0°49'5.01""O";Pilar De la Rúa; C. Ornosa;2014;1;NA;NA;alcohol;NA
Bombus;Thoracobombus;ruderarius;NA;camino Zuriza2;Ansó/Fago;Huesca;España;2014-08-12;2014;8;12;1216;"42°51'53.36""N";"0°49'5.01""O";Pilar De la Rúa; C. Ornosa;2014;1;NA;NA;alcohol;NA
Bombus;Kallobombus;soroeensis;soroeensis;camino Zuriza2;Ansó/Fago;Huesca;España;2014-08-12;2014;8;12;1216;"42°51'53.36""N";"0°49'5.01""O";Pilar De la Rúa; C. Ornosa;2014;NA;0;1;alcohol;NA
Bombus;Kallobombus;soroeensis;soroeensis;camino Zuriza2;Ansó/Fago;Huesca;España;2014-08-12;2014;8;12;1216;"42°51'53.36""N";"0°49'5.01""O";Pilar De la Rúa; C. Ornosa;2014;NA;0;1;alcohol;NA
Bombus;Kallobombus;soroeensis;soroeensis;camino Zuriza2;Ansó/Fago;Huesca;España;2014-08-12;2014;8;12;1216;"42°51'53.36""N";"0°49'5.01""O";Pilar De la Rúa; C. Ornosa;2014;NA;0;1;alcohol;NA
Bombus;Bombus ;lucorum;congruens;camino Zuriza2;Ansó/Fago;Huesca;España;2014-08-12;2014;8;12;1216;"42°51'53.36""N";"0°49'5.01""O";Pilar De la Rúa; C. Ornosa;2014;1;NA;NA;alcohol;NA
Bombus;Bombus;terrestris;lusitanicus;Subida al Relojero;La Alberca;Murcia;España;2015-04-04;2015;4;4;487;"37°55'13.40""N";"1° 6'53.44""O";Pilar De la Rúa;barcoding/C. Ornosa;2015;NA;0;1;alcohol;Echium creticum
Bombus;Thoracobombus;pascuorum;bofilli;Bubión;Bubión;Granada;España;2015-05-02;2015;5;2;1393;"36°57'7.19""N";"3°21'14.49""O";Carlos Ruiz;barcoding/C. Ornosa;2015;NA;1;0;alcohol;Frutal
Bombus;Thoracobombus;pascuorum;bofilli;Bubión;Bubión;Granada;España;2015-05-02;2015;5;2;1393;"36°57'7.19""N";"3°21'14.49""O";Carlos Ruiz;barcoding/C. Ornosa;2015;NA;1;0;alcohol;Frutal
Bombus;Bombus;terrestris;lusitanicus;Carretera Lanjarón-Orgiva km1;Lanjarón;Granada;España;2015-05-01;2015;5;1;638;"36°54'58.54""N";"3°28'20.57""O";Carlos Ruiz;barcoding/C. Ornosa;2015;NA;0;1;alcohol;Tipuana tipu
Bombus;Bombus;terrestris;lusitanicus;Carretera Lanjarón-Orgiva km1;Lanjarón;Granada;España;2015-05-01;2015;5;1;638;"36°54'58.54""N";"3°28'20.57""O";Carlos Ruiz;barcoding/C. Ornosa;2015;NA;0;1;alcohol;Tipuana tipu
Bombus;Bombus;terrestris;lusitanicus;Carretera Lanjarón-Orgiva km1;Lanjarón;Granada;España;2015-05-01;2015;5;1;638;"36°54'58.54""N";"3°28'20.57""O";Carlos Ruiz;barcoding/C. Ornosa;2015;NA;0;1;alcohol;Tipuana tipu
Bombus;Bombus;terrestris;lusitanicus;Carretera Lanjarón-Orgiva km1;Lanjarón;Granada;España;2015-05-01;2015;5;1;638;"36°54'58.54""N";"3°28'20.57""O";Carlos Ruiz;barcoding/C. Ornosa;2015;NA;0;1;alcohol;Tipuana tipu
Bombus;Bombus;terrestris;lusitanicus;Carretera Lanjarón-Orgiva km1;Lanjarón;Granada;España;2015-05-01;2015;5;1;638;"36°54'58.54""N";"3°28'20.57""O";Carlos Ruiz;barcoding/C. Ornosa;2015;NA;0;1;alcohol;Tipuana tipu
Bombus;Bombus;terrestris;lusitanicus;Carretera Lanjarón-Orgiva km1;Lanjarón;Granada;España;2015-05-01;2015;5;1;638;"36°54'58.54""N";"3°28'20.57""O";Carlos Ruiz;barcoding/C. Ornosa;2015;NA;0;1;alcohol;Tipuana tipu
Bombus;Bombus;terrestris;lusitanicus;Carretera Lanjarón-Orgiva km1;Lanjarón;Granada;España;2015-05-01;2015;5;1;638;"36°54'58.54""N";"3°28'20.57""O";Carlos Ruiz;barcoding/C. Ornosa;2015;NA;0;1;alcohol;Tipuana tipu
Bombus;Psithyrus;vestalis;obenbergeri;Sierra Mágina;Huelma;Jaen;España;2015-05-18;2015;5;18;1810;"37°43'8.75""N";"3°27'5.36""O";José Serrano;barcoding/C. Ornosa;2015;1;NA;NA;alcohol;Asphodelus albus
Bombus;Pyrobombus;pratorum;santonae;Sierra Mágina;Huelma;Jaen;España;2015-05-18;2015;5;18;1810;"37°43'8.75""N";"3°27'5.36""O";José Serrano;barcoding/C. Ornosa;2015;NA;0;1;alcohol;Asphodelus albus
Bombus;Bombus;terrestris;lusitanicus;Sierra Mágina;Huelma;Jaen;España;2015-05-18;2015;5;18;1810;"37°43'8.75""N";"3°27'5.36""O";José Serrano;barcoding/C. Ornosa;2015;1;NA;NA;alcohol;Asphodelus albus
Bombus;Psithyrus;vestalis;obenbergeri;Sierra Mágina;Huelma;Jaen;España;2015-05-18;2015;5;18;1810;"37°43'8.75""N";"3°27'5.36""O";José Serrano;barcoding/C. Ornosa;2015;1;NA;NA;alcohol;Asphodelus albus
Bombus;Pyrobombus;pratorum;santonae;Sierra Mágina;Huelma;Jaen;España;2015-05-18;2015;5;18;1810;"37°43'8.75""N";"3°27'5.36""O";José Serrano;barcoding/C. Ornosa;2015;1;NA;NA;alcohol;Asphodelus albus
Bombus;Psithyrus;vestalis;obenbergeri;Sierra Mágina;Huelma;Jaen;España;2015-05-18;2015;5;18;1810;"37°43'8.75""N";"3°27'5.36""O";José Serrano;barcoding/C. Ornosa;2015;1;NA;NA;alcohol;Asphodelus albus
Bombus;Bombus;terrestris;lusitanicus;Sierra Mágina;Huelma;Jaen;España;2015-05-18;2015;5;18;1810;"37°43'8.75""N";"3°27'5.36""O";José Serrano;barcoding/C. Ornosa;2015;1;NA;NA;alcohol;Asphodelus albus
Bombus;Bombus;terrestris;lusitanicus;Sierra Mágina;Huelma;Jaen;España;2015-05-18;2015;5;18;1810;"37°43'8.75""N";"3°27'5.36""O";José Serrano;barcoding/C. Ornosa;2015;1;NA;NA;alcohol;Asphodelus albus
Bombus;Pyrobombus;pratorum;santonae;Sierra Mágina;Huelma;Jaen;España;2015-05-18;2015;5;18;1810;"37°43'8.75""N";"3°27'5.36""O";José Serrano;barcoding/C. Ornosa;2015;1;NA;NA;alcohol;Asphodelus albus
Bombus;Pyrobombus;pratorum;santonae;Sierra Mágina;Huelma;Jaen;España;2015-05-18;2015;5;18;1810;"37°43'8.75""N";"3°27'5.36""O";José Serrano;barcoding/C. Ornosa;2015;1;NA;NA;alcohol;Asphodelus albus
Bombus;Psithyrus;vestalis;obenbergeri;Sierra Mágina;Huelma;Jaen;España;2015-05-18;2015;5;18;1810;"37°43'8.75""N";"3°27'5.36""O";José Serrano;barcoding/C. Ornosa;2015;1;NA;NA;alcohol;Asphodelus albus
Bombus;Pyrobombus;pratorum;santonae;Sierra Mágina;Huelma;Jaen;España;2015-05-18;2015;5;18;1810;"37°43'8.75""N";"3°27'5.36""O";José Serrano;barcoding/C. Ornosa;2015;1;NA;NA;alcohol;Asphodelus albus
Bombus;Bombus;terrestris;lusitanicus;Sierra Mágina;Huelma;Jaen;España;2015-05-18;2015;5;18;1810;"37°43'8.75""N";"3°27'5.36""O";José Serrano;barcoding/C. Ornosa;2015;1;NA;NA;alcohol;Asphodelus albus
Bombus;Pyrobombus;pratorum;santonae;Sierra Mágina;Huelma;Jaen;España;2015-05-18;2015;5;18;1810;"37°43'8.75""N";"3°27'5.36""O";José Serrano;barcoding/C. Ornosa;2015;1;NA;NA;alcohol;Asphodelus albus
Bombus;Pyrobombus;pratorum;santonae;Sierra Mágina;Huelma;Jaen;España;2015-05-18;2015;5;18;1810;"37°43'8.75""N";"3°27'5.36""O";José Serrano;barcoding/C. Ornosa;2015;1;NA;NA;alcohol;Asphodelus albus
Bombus;Bombus;terrestris;lusitanicus;Sierra Mágina;Huelma;Jaen;España;2015-05-18;2015;5;18;1810;"37°43'8.75""N";"3°27'5.36""O";José Serrano;barcoding/C. Ornosa;2015;NA;0;1;alcohol;Asphodelus albus
Bombus;Bombus;terrestris;lusitanicus;Sierra Mágina;Huelma;Jaen;España;2015-05-18;2015;5;18;1810;"37°43'8.75""N";"3°27'5.36""O";José Serrano;barcoding/C. Ornosa;2015;NA;0;1;alcohol;Asphodelus albus
Bombus;Pyrobombus;pratorum;santonae;Sierra Mágina;Huelma;Jaen;España;2015-05-18;2015;5;18;1810;"37°43'8.75""N";"3°27'5.36""O";José Serrano;barcoding/C. Ornosa;2015;1;NA;NA;alcohol;Asphodelus albus
Bombus;Bombus;terrestris;lusitanicus;Sierra Mágina;Huelma;Jaen;España;2015-05-18;2015;5;18;1810;"37°43'8.75""N";"3°27'5.36""O";José Serrano;barcoding/C. Ornosa;2015;1;NA;NA;alcohol;Asphodelus albus
Bombus;Bombus;terrestris;lusitanicus;Hoya de la Mora-1;NA;Granada;España;2015-08-04;2015;8;4;2536;"37° 5'15.72""N";"3°22'47.21""O";Pilar De la Rúa;barcoding;2015;NA;0;1;alcohol;sobre cardo
Bombus;Thoracobombus;pascuorum;bofilli;Hoya de la Mora-1;NA;Granada;España;2015-08-04;2015;8;4;2536;"37° 5'15.72""N";"3°22'47.21""O";Pilar De la Rúa;barcoding;2015;NA;0;1;alcohol;sobre cardo
Bombus;Bombus;terrestris;lusitanicus;Hoya de la Mora-2;NA;Granada;España;2015-08-04;2015;8;4;2591;"37° 5'0.59""N";"3°22'37.56""O";José A. Acosta;barcoding;2015;1;NA;NA;alcohol;NA
Bombus;Bombus;terrestris;lusitanicus;Hoya de la Mora-2;NA;Granada;España;2015-08-04;2015;8;4;2591;"37° 5'0.59""N";"3°22'37.56""O";Enrique Acosta;barcoding;2015;NA;0;1;alcohol;NA
Bombus;Bombus;terrestris;lusitanicus;Hoya de la Mora-2;NA;Granada;España;2015-08-04;2015;8;4;2591;"37° 5'0.59""N";"3°22'37.56""O";Paula Acosta;barcoding;2015;NA;0;1;alcohol;NA
Bombus;Bombus;terrestris;lusitanicus;Cascada Arroyo S. Juan;NA;Granada;España;2015-08-04;2015;8;4;2822;" 37° 4'27.75""N";"3°22'14.64""O";Pilar De la Rúa;barcoding;2015;1;NA;NA;alcohol;NA
Bombus;Thoracobombus;pascuorum;bofilli;Cascada Arroyo S. Juan;NA;Granada;España;2015-08-04;2015;8;4;2822;" 37° 4'27.75""N";"3°22'14.64""O";Pilar De la Rúa;barcoding;2015;NA;0;1;alcohol;NA
Bombus;Bombus;terrestris;lusitanicus;Cascada Arroyo S. Juan;NA;Granada;España;2015-08-04;2015;8;4;2822;" 37° 4'27.75""N";"3°22'14.64""O";José A. Acosta;barcoding;2015;1;NA;NA;alcohol;NA
Bombus;Psithyrus;vestalis;obenbergeri;Cascada Arroyo S. Juan;NA;Granada;España;2015-08-04;2015;8;4;2822;" 37° 4'27.75""N";"3°22'14.64""O";Enrique Acosta;barcoding;2015;1;NA;NA;alcohol;NA
Bombus;Bombus;terrestris;lusitanicus;Cascada Arroyo S. Juan;NA;Granada;España;2015-08-04;2015;8;4;2822;" 37° 4'27.75""N";"3°22'14.64""O";Paula Acosta;barcoding;2015;1;NA;NA;alcohol;NA
Bombus;Bombus;terrestris;lusitanicus;Cascada Arroyo S. Juan;NA;Granada;España;2015-08-04;2015;8;4;2822;" 37° 4'27.75""N";"3°22'14.64""O";Pilar De la Rúa;barcoding;2015;NA;0;1;alcohol;NA
Bombus;Bombus;terrestris;lusitanicus;Cascada Arroyo S. Juan;NA;Granada;España;2015-08-04;2015;8;4;2822;" 37° 4'27.75""N";"3°22'14.64""O";Pilar De la Rúa;barcoding;2015;1;NA;NA;alcohol;NA
Bombus;Bombus;terrestris;lusitanicus;Cascada Arroyo S. Juan;NA;Granada;España;2015-08-04;2015;8;4;2822;" 37° 4'27.75""N";"3°22'14.64""O";José A. Acosta;barcoding;2015;1;NA;NA;alcohol;NA
Bombus;Bombus;terrestris;lusitanicus;Cascada Arroyo S. Juan;NA;Granada;España;2015-08-04;2015;8;4;2822;" 37° 4'27.75""N";"3°22'14.64""O";Enrique Acosta;barcoding;2015;NA;0;1;alcohol;NA
Bombus;Bombus;terrestris;lusitanicus;Cascada Arroyo S. Juan;NA;Granada;España;2015-08-04;2015;8;4;2822;" 37° 4'27.75""N";"3°22'14.64""O";Paula Acosta;barcoding;2015;NA;0;1;alcohol;NA
Bombus;Bombus;terrestris;lusitanicus;Cascada Arroyo S. Juan;NA;Granada;España;2015-08-04;2015;8;4;2822;" 37° 4'27.75""N";"3°22'14.64""O";Pilar De la Rúa;barcoding;2015;1;NA;NA;alcohol;NA
Bombus;Bombus;terrestris;lusitanicus;castillo;Burgos;Burgos;España;2015-08-06;2015;8;6;949;"42°20'57.25""N";" 3°42'15.82""O";Pilar De la Rúa;barcoding;2015;1;NA;NA;alcohol;NA
Bombus;Bombus;terrestris;lusitanicus;castillo;Burgos;Burgos;España;2015-08-06;2015;8;6;949;"42°20'57.25""N";" 3°42'15.82""O";José A. Acosta;barcoding;2015;1;NA;NA;alcohol;NA
Bombus;Melanobombus;lapidarius;decipiens;castillo;Burgos;Burgos;España;2015-08-06;2015;8;6;949;"42°20'57.25""N";" 3°42'15.82""O";Enrique Acosta;barcoding;2015;1;NA;NA;alcohol;NA
Bombus;Melanobombus;lapidarius;NA;castillo;Burgos;Burgos;España;2015-08-06;2015;8;6;949;"42°20'57.25""N";" 3°42'15.82""O";Paula Acosta;barcoding;2015;NA;0;1;alcohol;NA
Bombus;Bombus;terrestris;lusitanicus;castillo;Burgos;Burgos;España;2015-08-06;2015;8;6;949;"42°20'57.25""N";" 3°42'15.82""O";Pilar De la Rúa;barcoding;2015;NA;0;1;alcohol;NA
Bombus;Bombus;terrestris;lusitanicus;castillo;Burgos;Burgos;España;2015-08-06;2015;8;6;949;"42°20'57.25""N";" 3°42'15.82""O";Pilar De la Rúa;barcoding;2015;1;NA;NA;alcohol;NA
Bombus;Bombus;terrestris;lusitanicus;castillo;Burgos;Burgos;España;2015-08-06;2015;8;6;949;"42°20'57.25""N";" 3°42'15.82""O";José A. Acosta;barcoding;2015;1;NA;NA;alcohol;NA
Bombus;Thoracobombus;sylvarum;sylvarum;castillo;Burgos;Burgos;España;2015-08-06;2015;8;6;949;"42°20'57.25""N";" 3°42'15.82""O";Enrique Acosta;barcoding;2015;NA;0;1;alcohol;NA
Bombus;Bombus;terrestris;lusitanicus;castillo;Burgos;Burgos;España;2015-08-06;2015;8;6;949;"42°20'57.25""N";" 3°42'15.82""O";Paula Acosta;barcoding;2015;1;NA;NA;alcohol;NA
Bombus;Melanobombus;lapidarius;decipiens;castillo;Burgos;Burgos;España;2015-08-06;2015;8;6;949;"42°20'57.25""N";" 3°42'15.82""O";Pilar De la Rúa;barcoding;2015;1;NA;NA;alcohol;NA
Bombus;Bombus;terrestris;lusitanicus;castillo;Burgos;Burgos;España;2015-08-06;2015;8;6;949;"42°20'57.25""N";" 3°42'15.82""O";Pilar De la Rúa;barcoding;2015;1;NA;NA;alcohol;NA
Bombus;Melanobombus;lapidarius;decipiens;castillo;Burgos;Burgos;España;2015-08-06;2015;8;6;949;"42°20'57.25""N";" 3°42'15.82""O";José A. Acosta;barcoding;2015;1;NA;NA;alcohol;NA
Bombus;Thoracobombus;pascuorum;maculatus;NA;Albarracín;Teruel;España;2015-08-16;2015;8;16;NA;NA;NA;Nuria Blasco;Barcoding/C. Ornosa;2015;NA;0;1;NA;NA
Bombus;Thoracobombus;pascuorum;maculatus;NA;Albarracín;Teruel;España;2015-08-16;2015;8;16;NA;NA;NA;Nuria Blasco;Barcoding/C. Ornosa;2015;NA;0;1;NA;NA
Bombus;Bombus;terrestris;lusitanicus;NA;Albarracín;Teruel;España;2015-08-16;2015;8;16;NA;NA;NA;Nuria Blasco;Barcoding/C. Ornosa;2015;NA;0;1;NA;NA
Bombus;Thoracobombus;sylvarum;NA;NA;Albarracín;Teruel;España;2015-08-16;2015;8;16;NA;NA;NA;Nuria Blasco;Barcoding/C. Ornosa;2015;1;NA;NA;NA;tiene la genitalia rota y falta T7
Bombus;Thoracobombus;humilis;quasimuscorum;NA;Albarracín;Teruel;España;2015-08-16;2015;8;16;NA;NA;NA;Nuria Blasco;Barcoding/C. Ornosa;2015;NA;0;1;NA;falta T6
Bombus;Bombus;terrestris;lusitanicus;NA;pinares ródeno;Teruel;España;2015-08-16;2015;8;16;NA;NA;NA;Nuria Blasco;Barcoding/C. Ornosa;2015;1;NA;NA;NA;NA
Bombus;Thoracobombus;pascuorum;maculatus;NA;pinares ródeno;Teruel;España;2015-08-16;2015;8;16;NA;NA;NA;Nuria Blasco;Barcoding/C. Ornosa;2015;1;NA;NA;NA;NA
Bombus;Bombus;terrestris;lusitanicus;NA;pinares ródeno;Teruel;España;2015-08-16;2015;8;16;NA;NA;NA;Nuria Blasco;Barcoding/C. Ornosa;2015;1;NA;NA;NA;NA
Bombus;Thoracobombus;ruderarius;ruderarius;NA;Clots de Rialba;Lleida;España;2015-09-02;2015;9;2;NA;NA;NA;José Herrera;Barcoding/C. Ornosa;2015;1;NA;NA;NA;NA
Bombus;Pyrobombus;monticola;NA;NA;Clots de Rialba;Lleida;España;2015-09-02;2015;9;2;NA;NA;NA;José Herrera;Barcoding/C. Ornosa;2015;NA;1;0;NA;falta T6 y parte de T5, en mal estado
Bombus;Thoracobombus;humilis;quasimuscorum;NA;Clots de Rialba;Lleida;España;2015-09-02;2015;9;2;NA;NA;NA;José Herrera;Barcoding/C. Ornosa;2015;NA;0;1;NA;NA
Bombus;Bombus;lucorum;congruens;NA;Clots de Rialba;Lleida;España;2015-09-02;2015;9;2;NA;NA;NA;José Herrera;C. Ornosa;2015;NA;0;1;NA;NA
Bombus;Thoracobombus;mesomelas;mesomelas;NA;Clots de Rialba;Lleida;España;2015-09-02;2015;9;2;NA;NA;NA;José Herrera;Barcoding/C. Ornosa;2015;NA;1;0;NA;NA
Bombus;Thoracobombus;mesomelas;mesomelas;NA;Clots de Rialba;Lleida;España;2015-09-02;2015;9;2;NA;NA;NA;José Herrera;Barcoding/C. Ornosa;2015;NA;0;1;NA;totalmente decolorado
Bombus;Bombus;lucorum;congruens;NA;Clots de Rialba;Lleida;España;2015-09-02;2015;9;2;NA;NA;NA;José Herrera;Barcoding/C. Ornosa;2015;NA;0;1;NA;decolorado
Bombus;Melanobombus;lapidarius;NA;NA;Clots de Rialba;Lleida;España;2015-09-02;2015;9;2;NA;NA;NA;José Herrera;Barcoding/C. Ornosa;2015;NA;0;1;NA;genitalia incompleta y falta T6
Bombus;Pyrobombus;monticola;monticola;NA;Clots de Rialba;Lleida;España;2015-09-02;2015;9;2;NA;NA;NA;José Herrera;Barcoding/C. Ornosa;2015;NA;0;1;NA;genitalia incompleta
Bombus;Melanobombus;sichelii;NA;NA;Clots de Rialba;Lleida;España;2015-09-02;2015;9;2;NA;NA;NA;José Herrera;Barcoding/C. Ornosa;2015;NA;0;1;NA;NA
Bombus;Thoracobombus;humilis;quasimuscorum;NA;Llesui;Lleida;España;2015-09-03;2015;9;3;NA;NA;NA;José Herrera;Barcoding/C. Ornosa;2015;NA;1;0;NA;NA
Bombus;Bombus;terrestris;lusitanicus;NA;Llesui;Lleida;España;2015-09-04;2015;9;4;NA;NA;NA;José Herrera;Barcoding/C. Ornosa;2015;NA;0;1;NA;NA
Bombus;Melanobombus;lapidarius;decipiens;NA;Llesui;Lleida;España;2015-09-05;2015;9;5;NA;NA;NA;José Herrera;Barcoding/C. Ornosa;2015;1;NA;NA;NA;NA
