Longitude;Latitude;Visitor;Plant;Date;Day;Month;Year;Site;Data;MinEle;MaxEle;EleZone;clim
-0.04113;42.74037;Bombus terrestris complex;Carduus carlinoides;18/8/1889;18;8;1889;Port de Gavarnie;MacLeod;1900;1900;1800-2000;10.5
-0.038612;42.74206;Bombus sichelii;Carduus defloratus;18/8/1889;18;8;1889;Port de Gavarnie;MacLeod;1800;1800;1800-2000;10.9
-0.036181;42.70804;Bombus sichelii;Carduus carlinoides;15/8/1889;15;8;1889;weg naar de Breche de Roland (Gavarnie);MacLeod;2000;2000;2000-2200;9.9
-0.03585;42.74282;Bombus hortorum;Scutellaria alpina;18/8/1889;18;8;1889;Port de Gavarnie;MacLeod;1700;1700;1600-1800;11.4
-0.03585;42.74282;Bombus lapidarius;Carduus carlinoides;18/8/1889;18;8;1889;Port de Gavarnie;MacLeod;1700;1700;1600-1800;11.4
-0.03585;42.74282;Bombus terrestris complex;Carduus defloratus;18/8/1889;18;8;1889;Port de Gavarnie;MacLeod;1700;1700;1600-1800;11.4
-0.034636;42.74376;Bombus humilis;Cirsium acaule;18/8/1889;18;8;1889;Port de Gavarnie;MacLeod;1600;1600;1600-1800;11.8
-0.02741;42.71274;Bombus terrestris complex;Carduus defloratus;18/8/1889;18;8;1889;tussen Boucharol en den Port de Gavarnie, op de zuidelijke helling der pyreneeen;MacLeod;1800;1800;1800-2000;11
-0.02741;42.71274;Bombus mesomelas;Carduus carlinoides;18/8/1889;18;8;1889;tussen Boucharol en den Port de Gavarnie, op de zuidelijke helling der pyreneeen;MacLeod;1800;1800;1800-2000;11
-0.02741;42.71274;Bombus hortorum;Cirsium glabrum;18/8/1889;18;8;1889;tussen Boucharol en den Port de Gavarnie, op de zuidelijke helling der pyreneeen;MacLeod;1800;1800;1800-2000;11
-0.016726;42.73138;Bombus wurflenii;Anthyllis vulneraria;16/8/1889;16;8;1889;Gavarnie;MacLeod;1700;1700;1600-1800;11.6
-0.016726;42.73138;Bombus wurflenii;Trifolium pratense;13/8/1889;13;8;1889;Gavarnie;MacLeod;1700;1700;1600-1800;11.6
-0.016726;42.73138;Bombus sichelii;Carduus defloratus;13/8/1889;13;8;1889;Gavarnie;MacLeod;1700;1700;1600-1800;11.6
-0.016726;42.73138;Bombus wurflenii;Anthyllis vulneraria;14/8/1889;14;8;1889;Gavarnie;MacLeod;1700;1700;1600-1800;11.6
-0.016726;42.73138;Bombus mesomelas;Carduus defloratus;17/8/1889;17;8;1889;Gavarnie;MacLeod;1700;1700;1600-1800;11.6
-0.016726;42.73138;Bombus mesomelas;Carduus defloratus;23/8/1889;23;8;1889;Gavarnie;MacLeod;1700;1700;1600-1800;11.6
-0.016726;42.73138;Bombus terrestris complex;Carduus defloratus;13/8/1889;13;8;1889;Gavarnie;MacLeod;1700;1700;1600-1800;11.6
-0.016726;42.73138;Bombus terrestris complex;Carduus defloratus;14/8/1889;14;8;1889;Gavarnie;MacLeod;1700;1700;1600-1800;11.6
-0.016726;42.73138;Bombus terrestris complex;Carduus defloratus;16/8/1889;16;8;1889;Gavarnie;MacLeod;1700;1700;1600-1800;11.6
-0.016726;42.73138;Bombus hortorum;Aconitum sp.;17/8/1889;17;8;1889;Gavarnie;MacLeod;1700;1700;1600-1800;11.6
-0.016726;42.73138;Bombus hortorum;Aconitum sp.;16/8/1889;16;8;1889;Gavarnie;MacLeod;1700;1700;1600-1800;11.6
-0.016726;42.73138;Bombus hortorum;Aconitum sp.;13/8/1889;13;8;1889;Gavarnie;MacLeod;1700;1700;1600-1800;11.6
-0.016726;42.73138;Bombus wurflenii;Aconitum sp.;13/8/1889;13;8;1889;Gavarnie;MacLeod;1700;1700;1600-1800;11.6
-0.016726;42.73138;Bombus wurflenii;Aconitum sp.;16/8/1889;16;8;1889;Gavarnie;MacLeod;1700;1700;1600-1800;11.6
-0.016726;42.73138;Bombus sichelii;Sideritis hyssopifolia;13/8/1889;13;8;1889;Gavarnie;MacLeod;1700;1700;1600-1800;11.6
-0.016726;42.73138;Bombus sichelii;Brunella vulgaris;13/8/1889;13;8;1889;Gavarnie;MacLeod;1700;1700;1600-1800;11.6
-0.016726;42.73138;Bombus sichelii;Brunella vulgaris;14/8/1889;14;8;1889;Gavarnie;MacLeod;1700;1700;1600-1800;11.6
-0.016726;42.73138;Bombus sichelii;Teucrium pyrenaicum;13/8/1889;13;8;1889;Gavarnie;MacLeod;1700;1700;1600-1800;11.6
-0.016726;42.73138;Bombus sichelii;Carduus carlinoides;14/8/1889;14;8;1889;Gavarnie;MacLeod;1700;1700;1600-1800;11.6
-0.016726;42.73138;Bombus sichelii;Geranium cinereum;14/8/1889;14;8;1889;Gavarnie;MacLeod;1700;1700;1600-1800;11.6
-0.016726;42.73138;Bombus sichelii;Lotus corniculatus;13/8/1889;13;8;1889;Gavarnie;MacLeod;1700;1700;1600-1800;11.6
-0.016726;42.73138;Bombus hortorum;Teucrium pyrenaicum;13/8/1889;13;8;1889;Gavarnie;MacLeod;1700;1700;1600-1800;11.6
-0.016726;42.73138;Bombus wurflenii;Rhinanthus minor;14/8/1889;14;8;1889;Gavarnie;MacLeod;1700;1700;1600-1800;11.6
-0.016726;42.73138;Bombus wurflenii;Sideritis hyssopifolia;13/8/1889;13;8;1889;Gavarnie;MacLeod;1700;1700;1600-1800;11.6
-0.016726;42.73138;Bombus wurflenii;Sideritis hyssopifolia;14/8/1889;14;8;1889;Gavarnie;MacLeod;1700;1700;1600-1800;11.6
-0.016726;42.73138;Bombus wurflenii;Phyteuma orbiculare;14/8/1889;14;8;1889;Gavarnie;MacLeod;1700;1700;1600-1800;11.6
-0.016726;42.73138;Bombus wurflenii;Lotus corniculatus;14/8/1889;14;8;1889;Gavarnie;MacLeod;1700;1700;1600-1800;11.6
-0.016726;42.73138;Bombus terrestris complex;Sideritis hyssopifolia;13/8/1889;13;8;1889;Gavarnie;MacLeod;1700;1700;1600-1800;11.6
-0.016726;42.73138;Bombus terrestris complex;Knautia arvensis;13/8/1889;13;8;1889;Gavarnie;MacLeod;1700;1700;1600-1800;11.6
-0.016726;42.73138;Bombus terrestris complex;Scabiosa columbaria;13/8/1889;13;8;1889;Gavarnie;MacLeod;1700;1700;1600-1800;11.6
-0.016726;42.73138;Bombus terrestris complex;Campanula rotundifolia;13/8/1889;13;8;1889;Gavarnie;MacLeod;1700;1700;1600-1800;11.6
-0.016726;42.73138;Bombus terrestris complex;Campanula rotundifolia;14/8/1889;14;8;1889;Gavarnie;MacLeod;1700;1700;1600-1800;11.6
-0.016726;42.73138;Bombus humilis;Knautia arvensis;13/8/1889;13;8;1889;Gavarnie;MacLeod;1700;1700;1600-1800;11.6
-0.016726;42.73138;Bombus mesomelas;Carduus defloratus;13/8/1889;13;8;1889;Gavarnie;MacLeod;1700;1700;1600-1800;11.6
-0.016726;42.73138;Bombus wurflenii;Trifolium pratense;14/8/1889;14;8;1889;Gavarnie;MacLeod;1700;1700;1600-1800;11.6
-0.016726;42.73138;Bombus sichelii;Carduus defloratus;16/8/1889;16;8;1889;Gavarnie;MacLeod;1700;1700;1600-1800;11.6
-0.015187;42.73136;Bombus wurflenii;Anthyllis vulneraria;14/8/1889;14;8;1889;Gavarnie;MacLeod;1600;1600;1600-1800;12
-0.015187;42.73136;Bombus wurflenii;Trifolium pratense;13/8/1889;13;8;1889;Gavarnie;MacLeod;1600;1600;1600-1800;12
-0.015187;42.73136;Bombus wurflenii;Trifolium pratense;14/8/1889;14;8;1889;Gavarnie;MacLeod;1600;1600;1600-1800;12
-0.015187;42.73136;Bombus mesomelas;Carduus defloratus;13/8/1889;13;8;1889;Gavarnie;MacLeod;1600;1600;1600-1800;12
-0.015187;42.73136;Bombus mesomelas;Carduus defloratus;17/8/1889;17;8;1889;Gavarnie;MacLeod;1600;1600;1600-1800;12
-0.015187;42.73136;Bombus wurflenii;Anthyllis vulneraria;16/8/1889;16;8;1889;Gavarnie;MacLeod;1600;1600;1600-1800;12
-0.015187;42.73136;Bombus sichelii;Carduus defloratus;16/8/1889;16;8;1889;Gavarnie;MacLeod;1600;1600;1600-1800;12
-0.015187;42.73136;Bombus terrestris complex;Carduus defloratus;14/8/1889;14;8;1889;Gavarnie;MacLeod;1600;1600;1600-1800;12
-0.015187;42.73136;Bombus terrestris complex;Carduus defloratus;16/8/1889;16;8;1889;Gavarnie;MacLeod;1600;1600;1600-1800;12
-0.015187;42.73136;Bombus hortorum;Aconitum sp.;17/8/1889;17;8;1889;Gavarnie;MacLeod;1600;1600;1600-1800;12
-0.015187;42.73136;Bombus hortorum;Aconitum sp.;16/8/1889;16;8;1889;Gavarnie;MacLeod;1600;1600;1600-1800;12
-0.015187;42.73136;Bombus hortorum;Aconitum sp.;13/8/1889;13;8;1889;Gavarnie;MacLeod;1600;1600;1600-1800;12
-0.015187;42.73136;Bombus wurflenii;Aconitum sp.;13/8/1889;13;8;1889;Gavarnie;MacLeod;1600;1600;1600-1800;12
-0.015187;42.73136;Bombus wurflenii;Aconitum sp.;16/8/1889;16;8;1889;Gavarnie;MacLeod;1600;1600;1600-1800;12
-0.015187;42.73136;Bombus sichelii;Carduus defloratus;13/8/1889;13;8;1889;Gavarnie;MacLeod;1600;1600;1600-1800;12
-0.015187;42.73136;Bombus gerstaeckeri;Aconitum sp.;16/8/1889;16;8;1889;Gavarnie;MacLeod;1600;1600;1600-1800;12
-0.015187;42.73136;Bombus hortorum;Galeopsis tetrahit;17/8/1889;17;8;1889;Gavarnie;MacLeod;1600;1600;1600-1800;12
-0.015187;42.73136;Bombus hortorum;Galeopsis tetrahit;23/8/1889;23;8;1889;Gavarnie;MacLeod;1600;1600;1600-1800;12
-0.015187;42.73136;Bombus mesomelas;Carduus defloratus;23/8/1889;23;8;1889;Gavarnie;MacLeod;1600;1600;1600-1800;12
-0.015187;42.73136;Bombus terrestris complex;Carduus defloratus;13/8/1889;13;8;1889;Gavarnie;MacLeod;1600;1600;1600-1800;12
-0.015187;42.73136;Bombus wurflenii;Aconitum sp.;17/8/1889;17;8;1889;Gavarnie;MacLeod;1600;1600;1600-1800;12
-0.015187;42.73136;Bombus wurflenii;Aconitum sp.;22/8/1889;22;8;1889;Gavarnie;MacLeod;1600;1600;1600-1800;12
-0.015187;42.73136;Bombus mesomelas;Brunella vulgaris;16/8/1889;16;8;1889;Gavarnie;MacLeod;1600;1600;1600-1800;12
-0.015187;42.73136;Bombus mesomelas;Lotus corniculatus;16/8/1889;16;8;1889;Gavarnie;MacLeod;1600;1600;1600-1800;12
-0.015187;42.73136;Bombus soroeensis;Carduus defloratus;16/8/1889;16;8;1889;Gavarnie;MacLeod;1600;1600;1600-1800;12
-0.015187;42.73136;Bombus soroeensis;Carduus defloratus;17/8/1889;17;8;1889;Gavarnie;MacLeod;1600;1600;1600-1800;12
-0.015187;42.73136;Bombus sichelii;Stachys sylvatica;17/8/1889;17;8;1889;Gavarnie;MacLeod;1600;1600;1600-1800;12
-0.015187;42.73136;Bombus wurflenii;Aconitum sp.;16/8/1889;16;8;1889;Gavarnie;MacLeod;1600;1600;1600-1800;12
-0.015187;42.73136;Bombus hortorum;Aconitum sp.;17/8/1889;17;8;1889;Gavarnie;MacLeod;1600;1600;1600-1800;12
-0.014504;42.73128;Bombus sichelii;Carduus defloratus;16/8/1889;16;8;1889;Gavarnie;MacLeod;1550;1550;1400-1600;12.2
-0.014504;42.73128;Bombus mesomelas;Carduus defloratus;13/8/1889;13;8;1889;Gavarnie;MacLeod;1550;1550;1400-1600;12.2
-0.014504;42.73128;Bombus sichelii;Carduus defloratus;13/8/1889;13;8;1889;Gavarnie;MacLeod;1550;1550;1400-1600;12.2
-0.014504;42.73128;Bombus terrestris complex;Carduus defloratus;13/8/1889;13;8;1889;Gavarnie;MacLeod;1550;1550;1400-1600;12.2
-0.014504;42.73128;Bombus terrestris complex;Carduus defloratus;14/8/1889;14;8;1889;Gavarnie;MacLeod;1550;1550;1400-1600;12.2
-0.014504;42.73128;Bombus mesomelas;Carduus defloratus;23/8/1889;23;8;1889;Gavarnie;MacLeod;1550;1550;1400-1600;12.2
-0.014504;42.73128;Bombus sichelii;Trifolium repens;22/8/1889;22;8;1889;Gavarnie;MacLeod;1550;1550;1400-1600;12.2
-0.014504;42.73128;Bombus sichelii;Lotus corniculatus;22/8/1889;22;8;1889;Gavarnie;MacLeod;1550;1550;1400-1600;12.2
-0.014504;42.73128;Bombus mesomelas;Carduus defloratus;17/8/1889;17;8;1889;Gavarnie;MacLeod;1550;1550;1400-1600;12.2
-0.014504;42.73128;Bombus sichelii;Cirsium eriophorum;23/8/1889;23;8;1889;Gavarnie;MacLeod;1550;1550;1400-1600;12.2
-0.014504;42.73128;Bombus wurflenii;Cirsium eriophorum;22/8/1889;22;8;1889;Gavarnie;MacLeod;1550;1550;1400-1600;12.2
-0.014504;42.73128;Bombus wurflenii;Cirsium eriophorum;23/8/1889;23;8;1889;Gavarnie;MacLeod;1550;1550;1400-1600;12.2
-0.014504;42.73128;Bombus ruderarius;Cirsium eriophorum;22/8/1889;22;8;1889;Gavarnie;MacLeod;1550;1550;1400-1600;12.2
-0.014504;42.73128;Bombus soroeensis;Cirsium eriophorum;17/8/1889;17;8;1889;Gavarnie;MacLeod;1550;1550;1400-1600;12.2
-0.014504;42.73128;Bombus terrestris complex;Carduus defloratus;16/8/1889;16;8;1889;Gavarnie;MacLeod;1550;1550;1400-1600;12.2
-0.014504;42.73128;Bombus hortorum;Cirsium eriophorum;22/8/1889;22;8;1889;Gavarnie;MacLeod;1550;1550;1400-1600;12.2
-0.014504;42.73128;Bombus hortorum;Iris pyrenaica;16/8/1889;16;8;1889;Gavarnie;MacLeod;1550;1550;1400-1600;12.2
-0.013661;42.73153;Bombus hortorum;Aconitum sp.;16/8/1889;16;8;1889;Gavarnie;MacLeod;1500;1500;1400-1600;12.4
-0.013661;42.73153;Bombus hortorum;Aconitum sp.;13/8/1889;13;8;1889;Gavarnie;MacLeod;1500;1500;1400-1600;12.4
-0.013661;42.73153;Bombus wurflenii;Aconitum sp.;16/8/1889;16;8;1889;Gavarnie;MacLeod;1500;1500;1400-1600;12.4
-0.013661;42.73153;Bombus hortorum;Aconitum sp.;17/8/1889;17;8;1889;Gavarnie;MacLeod;1500;1500;1400-1600;12.4
-0.013661;42.73153;Bombus wurflenii;Aconitum sp.;13/8/1889;13;8;1889;Gavarnie;MacLeod;1500;1500;1400-1600;12.4
-0.007369;42.69684;Bombus sichelii;Scrophularia alpestris;15/8/1889;15;8;1889;Cirque de Gavarnie;MacLeod;1700;1700;1600-1800;10.7
-0.007369;42.69684;Bombus soroeensis;Scrophularia alpestris;15/8/1889;15;8;1889;Cirque de Gavarnie;MacLeod;1700;1700;1600-1800;10.7
-0.00371;42.76147;Bombus terrestris complex;Eryngium bourgati;10/8/1889;10;8;1889;Saugue;MacLeod;1550;1550;1400-1600;12.4
-0.00371;42.76147;Bombus sichelii;Eryngium bourgati;10/8/1889;10;8;1889;Saugue;MacLeod;1550;1550;1400-1600;12.4
-0.002154;42.76098;Bombus terrestris complex;Carduus defloratus;10/8/1889;10;8;1889;Saugue;MacLeod;1400;1400;1400-1600;13.1
-0.002154;42.76098;Bombus lapidarius;Trifolium repens;10/8/1889;10;8;1889;Saugue;MacLeod;1400;1400;1400-1600;13.1
0.008022;42.77478;Bombus hortorum;Cirsium acaule;24/8/1889;24;8;1889;tussen Gedre en Gavarnie;MacLeod;1200;1200;1200-1400;13.9
0.008022;42.77478;Bombus hortorum;Cirsium eriophorum;24/8/1889;24;8;1889;tussen Gedre en Gavarnie;MacLeod;1200;1200;1200-1400;13.9
0.018592;42.78608;Bombus terrestris complex;Campanula rapunculoides;8/8/1889;8;8;1889;Gedre;MacLeod;1000;1200;1200-1400;14.8
0.018592;42.78608;Bombus terrestris complex;Campanula rapunculoides;8/8/1889;8;8;1889;Gedre;MacLeod;1000;1000;1000-1200;14.8
0.018592;42.78608;Bombus terrestris complex;Campanula rapunculoides;5/8/1889;5;8;1889;Gedre;MacLeod;1000;1000;1000-1200;14.8
0.018592;42.78608;Bombus terrestris complex;Rubus fruticosus;8/8/1889;8;8;1889;Gedre;MacLeod;1000;1000;1000-1200;14.8
0.018592;42.78608;Bombus terrestris complex;Rubus fruticosus;10/8/1889;10;8;1889;Gedre;MacLeod;1000;1000;1000-1200;14.8
0.018592;42.78608;Bombus terrestris complex;Rubus fruticosus;5/8/1889;5;8;1889;Gedre;MacLeod;1000;1000;1000-1200;14.8
0.018592;42.78608;Bombus pascuorum;Lathyrus pyrenaicus?;29/8/1889;29;8;1889;Gedre;MacLeod;1000;1000;1000-1200;14.8
0.018592;42.78608;Bombus pascuorum;Teucrium scorodonia;11/8/1889;11;8;1889;Gedre;MacLeod;1000;1000;1000-1200;14.8
0.018592;42.78608;Bombus pascuorum;Lathyrus pyrenaicus?;9/8/1889;9;8;1889;Gedre;MacLeod;1000;1000;1000-1200;14.8
0.018592;42.78608;Bombus pascuorum;Teucrium scorodonia;5/8/1889;5;8;1889;Gedre;MacLeod;1000;1000;1000-1200;14.8
0.018592;42.78608;Bombus lapidarius;Centaurea nigra;8/8/1889;8;8;1889;Gedre;MacLeod;1000;1000;1000-1200;14.8
0.018592;42.78608;Bombus lapidarius;Centaurea nigra;25/8/1889;25;8;1889;Gedre;MacLeod;1000;1000;1000-1200;14.8
0.018592;42.78608;Bombus terrestris complex;Scabiosa columbaria;8/8/1889;8;8;1889;Gedre;MacLeod;1000;1000;1000-1200;14.8
0.018592;42.78608;Bombus humilis;Satureja montana;26/8/1889;26;8;1889;Gedre;MacLeod;1000;1000;1000-1200;14.8
0.018592;42.78608;Bombus humilis;Centaurea nigra;5/8/1889;5;8;1889;Gedre;MacLeod;1000;1000;1000-1200;14.8
0.018592;42.78608;Bombus humilis;Centaurea nigra;8/8/1889;8;8;1889;Gedre;MacLeod;1000;1000;1000-1200;14.8
0.018592;42.78608;Bombus quadricolor;Centaurea nigra;5/8/1889;5;8;1889;Gedre;MacLeod;1000;1000;1000-1200;14.8
0.018592;42.78608;Bombus hortorum;Ballota foetida;5/8/1889;5;8;1889;Gedre;MacLeod;1000;1000;1000-1200;14.8
0.018592;42.78608;Bombus humilis;Ballota foetida;5/8/1889;5;8;1889;Gedre;MacLeod;1000;1000;1000-1200;14.8
0.018592;42.78608;Bombus pascuorum;Echium vulgare;25/8/1889;25;8;1889;Gedre;MacLeod;1000;1000;1000-1200;14.8
0.018592;42.78608;Bombus pascuorum;Brunella vulgaris;5/8/1889;5;8;1889;Gedre;MacLeod;1000;1000;1000-1200;14.8
0.018592;42.78608;Bombus pascuorum;Teucrium scorodonia;26/8/1889;26;8;1889;Gedre;MacLeod;1000;1000;1000-1200;14.8
0.018592;42.78608;Bombus pascuorum;Cirsium monspessulanum;9/8/1889;9;8;1889;Gedre;MacLeod;1000;1000;1000-1200;14.8
0.018592;42.78608;Bombus pascuorum;Cirsium monspessulanum;29/8/1889;29;8;1889;Gedre;MacLeod;1000;1000;1000-1200;14.8
0.018592;42.78608;Bombus pascuorum;Centaurea scabiosa;11/8/1889;11;8;1889;Gedre;MacLeod;1000;1000;1000-1200;14.8
0.018592;42.78608;Bombus pascuorum;Carlina vulgaris;26/8/1889;26;8;1889;Gedre;MacLeod;1000;1000;1000-1200;14.8
0.018592;42.78608;Bombus pascuorum;Centaurea nigra;5/8/1889;5;8;1889;Gedre;MacLeod;1000;1000;1000-1200;14.8
0.018592;42.78608;Bombus pascuorum;Picris hieracioides;5/8/1889;5;8;1889;Gedre;MacLeod;1000;1000;1000-1200;14.8
0.018592;42.78608;Bombus pascuorum;Sedum albescens;8/8/1889;8;8;1889;Gedre;MacLeod;1000;1000;1000-1200;14.8
0.018592;42.78608;Bombus hortorum;Echium vulgare;25/8/1889;25;8;1889;Gedre;MacLeod;1000;1000;1000-1200;14.8
0.018592;42.78608;Bombus hortorum;Verbascum  nigrum;8/8/1889;8;8;1889;Gedre;MacLeod;1000;1000;1000-1200;14.8
0.018592;42.78608;Bombus hortorum;Betonica officinalis;11/8/1889;11;8;1889;Gedre;MacLeod;1000;1000;1000-1200;14.8
0.018592;42.78608;Bombus hortorum;Brunella grandiflora;5/8/1889;5;8;1889;Gedre;MacLeod;1000;1000;1000-1200;14.8
0.018592;42.78608;Bombus hortorum;Brunella grandiflora;8/8/1889;8;8;1889;Gedre;MacLeod;1000;1000;1000-1200;14.8
0.018592;42.78608;Bombus hortorum;Teucrium scorodonia;5/8/1889;5;8;1889;Gedre;MacLeod;1000;1000;1000-1200;14.8
0.018592;42.78608;Bombus hortorum;Teucrium scorodonia;11/8/1889;11;8;1889;Gedre;MacLeod;1000;1000;1000-1200;14.8
0.018592;42.78608;Bombus hortorum;Cirsium monspessulanum;5/8/1889;5;8;1889;Gedre;MacLeod;1000;1000;1000-1200;14.8
0.018592;42.78608;Bombus hortorum;Cirsium monspessulanum;9/8/1889;9;8;1889;Gedre;MacLeod;1000;1000;1000-1200;14.8
0.018592;42.78608;Bombus hortorum;Trifolium pratense;5/8/1889;5;8;1889;Gedre;MacLeod;1000;1000;1000-1200;14.8
0.018592;42.78608;Bombus lapidarius;Verbascum  nigrum;8/8/1889;8;8;1889;Gedre;MacLeod;1000;1000;1000-1200;14.8
0.018592;42.78608;Bombus terrestris complex;Campanula rapunculoides;10/8/1889;10;8;1889;Gedre;MacLeod;1000;1000;1000-1200;14.8
0.018592;42.78608;Bombus lapidarius;Carlina vulgaris;25/8/1889;25;8;1889;Gedre;MacLeod;1000;1000;1000-1200;14.8
0.018592;42.78608;Bombus lapidarius;Malva moschata;7/8/1889;7;8;1889;Gedre;MacLeod;1000;1000;1000-1200;14.8
0.018592;42.78608;Bombus wurflenii;Verbena officinalis;11/8/1889;11;8;1889;Gedre;MacLeod;1000;1000;1000-1200;14.8
0.018592;42.78608;Bombus terrestris complex;Rubus fruticosus;29/8/1889;29;8;1889;Gedre;MacLeod;1000;1000;1000-1200;14.8
0.018592;42.78608;Bombus pascuorum;Teucrium scorodonia;26/8/1889;26;8;1889;Gedre;MacLeod;1000;1000;1000-1200;14.8
0.018592;42.78608;Bombus mesomelas;Satureja montana;25/8/1889;25;8;1889;Gedre;MacLeod;1000;1000;1000-1200;14.8
0.018592;42.78608;Bombus mesomelas;Scabiosa columbaria;25/8/1889;25;8;1889;Gedre;MacLeod;1000;1000;1000-1200;14.8
0.018592;42.78608;Bombus mesomelas;Centaurea nigra;25/8/1889;25;8;1889;Gedre;MacLeod;1000;1000;1000-1200;14.8
0.018592;42.78608;Bombus terrestris complex;Echium vulgare;25/8/1889;25;8;1889;Gedre;MacLeod;1000;1000;1000-1200;14.8
0.018592;42.78608;Bombus terrestris complex;Satureja montana;25/8/1889;25;8;1889;Gedre;MacLeod;1000;1000;1000-1200;14.8
0.018592;42.78608;Bombus terrestris complex;Centaurea nigra;25/8/1889;25;8;1889;Gedre;MacLeod;1000;1000;1000-1200;14.8
0.018592;42.78608;Bombus terrestris complex;Centaurea scabiosa;5/8/1889;5;8;1889;Gedre;MacLeod;1000;1000;1000-1200;14.8
0.018592;42.78608;Bombus terrestris complex;Silene inflata;25/8/1889;25;8;1889;Gedre;MacLeod;1000;1000;1000-1200;14.8
0.018592;42.78608;Bombus terrestris complex;Clematis vitalba;11/8/1889;11;8;1889;Gedre;MacLeod;1000;1000;1000-1200;14.8
0.018592;42.78608;Bombus terrestris complex;Papaver rhaeas;10/8/1889;10;8;1889;Gedre;MacLeod;1000;1000;1000-1200;14.8
0.018592;42.78608;Bombus terrestris complex;Tilia sylvestris;7/8/1889;7;8;1889;Gedre;MacLeod;1000;1000;1000-1200;14.8
0.018592;42.78608;Bombus terrestris complex;Sedum telephium;31/8/1889;31;8;1889;Gedre;MacLeod;1000;1000;1000-1200;14.8
0.018592;42.78608;Bombus terrestris complex;Merendera bulbocodium;25/8/1889;25;8;1889;Gedre;MacLeod;1000;1000;1000-1200;14.8
0.018592;42.78608;Bombus humilis;Merendera bulbocodium;26/8/1889;26;8;1889;Gedre;MacLeod;1000;1000;1000-1200;14.8
0.018592;42.78608;Bombus humilis;Echium vulgare;25/8/1889;25;8;1889;Gedre;MacLeod;1000;1000;1000-1200;14.8
0.018592;42.78608;Bombus humilis;Origanum vulgare;5/8/1889;5;8;1889;Gedre;MacLeod;1000;1000;1000-1200;14.8
0.018592;42.78608;Bombus humilis;Lappa minor;8/8/1889;8;8;1889;Gedre;MacLeod;1000;1000;1000-1200;14.8
0.018592;42.78608;Bombus humilis;Trifolium repens;5/8/1889;5;8;1889;Gedre;MacLeod;1000;1000;1000-1200;14.8
0.018592;42.78608;Bombus humilis;Lathyrus pyrenaicus?;26/8/1889;26;8;1889;Gedre;MacLeod;1000;1000;1000-1200;14.8
0.018592;42.78608;Bombus lapidarius;Thymus serpyllum;26/8/1889;26;8;1889;Gedre;MacLeod;1000;1000;1000-1200;14.8
0.018592;42.78608;Bombus mesomelas;Echium vulgare;25/8/1889;25;8;1889;Gedre;MacLeod;1000;1000;1000-1200;14.8
0.018592;42.78608;Bombus wurflenii;Brunella vulgaris;11/8/1889;11;8;1889;Gedre;MacLeod;1000;1000;1000-1200;14.8
0.018592;42.78608;Bombus lapidarius;Cirsium arvense;12/8/1889;12;8;1889;Gedre (op akkerland);MacLeod;1100;1100;1000-1200;14.2
0.020992;42.78475;Bombus hortorum;Knautia arvensis;29/8/1889;29;8;1889;Gedre;MacLeod;1050;1050;1000-1200;14.6
0.020992;42.78475;Bombus terrestris complex;Cirsium monspessulanum;29/8/1889;29;8;1889;Gedre;MacLeod;1050;1050;1000-1200;14.6
0.022022;42.78358;Bombus hortorum;Aconitum sp.;8/8/1889;8;8;1889;Gedre;MacLeod;1100;1100;1000-1200;14.4
0.022022;42.78358;Bombus terrestris complex;Trifolium repens;6/8/1889;6;8;1889;Gedre;MacLeod;1100;1100;1000-1200;14.4
0.022022;42.78358;Bombus terrestris complex;Trifolium repens;8/8/1889;8;8;1889;Gedre;MacLeod;1100;1100;1000-1200;14.4
0.022022;42.78358;Bombus quadricolor;Carduus defloratus;7/8/1889;7;8;1889;Gedre;MacLeod;1100;1100;1000-1200;14.4
0.022022;42.78358;Bombus quadricolor;Carduus defloratus;8/8/1889;8;8;1889;Gedre;MacLeod;1100;1100;1000-1200;14.4
0.022022;42.78358;Bombus terrestris complex;Campanula rapunculoides;5/8/1889;5;8;1889;Gedre;MacLeod;1100;1100;1000-1200;14.4
0.022022;42.78358;Bombus terrestris complex;Campanula rapunculoides;8/8/1889;8;8;1889;Gedre;MacLeod;1100;1100;1000-1200;14.4
0.022022;42.78358;Bombus terrestris complex;Campanula rapunculoides;9/8/1889;9;8;1889;Gedre;MacLeod;1100;1100;1000-1200;14.4
0.022022;42.78358;Bombus terrestris complex;Campanula rapunculoides;10/8/1889;10;8;1889;Gedre;MacLeod;1100;1100;1000-1200;14.4
0.022022;42.78358;Bombus terrestris complex;Rubus fruticosus;5/8/1889;5;8;1889;Gedre;MacLeod;1100;1100;1000-1200;14.4
0.022022;42.78358;Bombus hortorum;Aconitum sp.;12/8/1889;12;8;1889;Gedre;MacLeod;1100;1100;1000-1200;14.4
0.022022;42.78358;Bombus terrestris complex;Rubus fruticosus;10/8/1889;10;8;1889;Gedre;MacLeod;1100;1100;1000-1200;14.4
0.022022;42.78358;Bombus terrestris complex;Rubus fruticosus;29/8/1889;29;8;1889;Gedre;MacLeod;1100;1100;1000-1200;14.4
0.022022;42.78358;Bombus pascuorum;Teucrium scorodonia;26/8/1889;26;8;1889;Gedre;MacLeod;1100;1100;1000-1200;14.4
0.022022;42.78358;Bombus humilis;Carduus defloratus;6/8/1889;6;8;1889;Gedre;MacLeod;1100;1100;1000-1200;14.4
0.022022;42.78358;Bombus humilis;Carduus defloratus;8/8/1889;8;8;1889;Gedre;MacLeod;1100;1100;1000-1200;14.4
0.022022;42.78358;Bombus pascuorum;Lathyrus pyrenaicus?;9/8/1889;9;8;1889;Gedre;MacLeod;1100;1100;1000-1200;14.4
0.022022;42.78358;Bombus pascuorum;Teucrium scorodonia;5/8/1889;5;8;1889;Gedre;MacLeod;1100;1100;1000-1200;14.4
0.022022;42.78358;Bombus lapidarius;Centaurea nigra;8/8/1889;8;8;1889;Gedre;MacLeod;1100;1100;1000-1200;14.4
0.022022;42.78358;Bombus lapidarius;Centaurea nigra;25/8/1889;25;8;1889;Gedre;MacLeod;1100;1100;1000-1200;14.4
0.022022;42.78358;Bombus terrestris complex;Scabiosa columbaria;8/8/1889;8;8;1889;Gedre;MacLeod;1100;1100;1000-1200;14.4
0.022022;42.78358;Bombus humilis;Satureja montana;26/8/1889;26;8;1889;Gedre;MacLeod;1100;1100;1000-1200;14.4
0.022022;42.78358;Bombus humilis;Centaurea nigra;5/8/1889;5;8;1889;Gedre;MacLeod;1100;1100;1000-1200;14.4
0.022022;42.78358;Bombus humilis;Centaurea nigra;8/8/1889;8;8;1889;Gedre;MacLeod;1100;1100;1000-1200;14.4
0.022022;42.78358;Bombus quadricolor;Centaurea nigra;5/8/1889;5;8;1889;Gedre;MacLeod;1100;1100;1000-1200;14.4
0.022022;42.78358;Bombus pascuorum;Calamintha alpina;28/8/1889;28;8;1889;Gedre;MacLeod;1100;1100;1000-1200;14.4
0.022022;42.78358;Bombus pascuorum;Clinopodium vulgare;8/8/1889;8;8;1889;Gedre;MacLeod;1100;1100;1000-1200;14.4
0.022022;42.78358;Bombus pascuorum;Clinopodium vulgare;11/8/1889;11;8;1889;Gedre;MacLeod;1100;1100;1000-1200;14.4
0.022022;42.78358;Bombus pascuorum;Clinopodium vulgare;12/8/1889;12;8;1889;Gedre;MacLeod;1100;1100;1000-1200;14.4
0.022022;42.78358;Bombus pascuorum;Ballota foetida;9/8/1889;9;8;1889;Gedre;MacLeod;1100;1100;1000-1200;14.4
0.022022;42.78358;Bombus hortorum;Clinopodium vulgare;8/8/1889;8;8;1889;Gedre;MacLeod;1100;1100;1000-1200;14.4
0.022022;42.78358;Bombus wurflenii;Clinopodium vulgare;8/8/1889;8;8;1889;Gedre;MacLeod;1100;1100;1000-1200;14.4
0.022022;42.78358;Bombus terrestris complex;Ballota foetida;9/8/1889;9;8;1889;Gedre;MacLeod;1100;1100;1000-1200;14.4
0.022022;42.78358;Bombus pascuorum;Teucrium pyrenaicum;7/8/1889;7;8;1889;Gedre;MacLeod;1100;1100;1000-1200;14.4
0.022022;42.78358;Bombus pascuorum;Scabiosa columbaria;8/8/1889;8;8;1889;Gedre;MacLeod;1100;1100;1000-1200;14.4
0.022022;42.78358;Bombus pascuorum;Carduus defloratus;8/8/1889;8;8;1889;Gedre;MacLeod;1100;1100;1000-1200;14.4
0.022022;42.78358;Bombus pascuorum;Thymus serpyllum;9/8/1889;9;8;1889;Gedre;MacLeod;1100;1100;1000-1200;14.4
0.022022;42.78358;Bombus pascuorum;Teucrium chamaedrys;11/8/1889;11;8;1889;Gedre;MacLeod;1100;1100;1000-1200;14.4
0.022022;42.78358;Bombus pascuorum;Lotus corniculatus;12/8/1889;12;8;1889;Gedre;MacLeod;1100;1100;1000-1200;14.4
0.022022;42.78358;Bombus sichelii;Scabiosa columbaria;9/8/1889;9;8;1889;Gedre;MacLeod;1100;1100;1000-1200;14.4
0.022022;42.78358;Bombus hortorum;Cirsium lanceolatum;12/8/1889;12;8;1889;Gedre;MacLeod;1100;1100;1000-1200;14.4
0.022022;42.78358;Bombus hortorum;Carduus defloratus;8/8/1889;8;8;1889;Gedre;MacLeod;1100;1100;1000-1200;14.4
0.022022;42.78358;Bombus hortorum;Centaurea scabiosa;8/8/1889;8;8;1889;Gedre;MacLeod;1100;1100;1000-1200;14.4
0.022022;42.78358;Bombus lapidarius;Allium lusitanicum;8/8/1889;8;8;1889;Gedre;MacLeod;1100;1100;1000-1200;14.4
0.022022;42.78358;Bombus lapidarius;Verbena officinalis;28/8/1889;28;8;1889;Gedre;MacLeod;1100;1100;1000-1200;14.4
0.022022;42.78358;Bombus lapidarius;Satureja montana;26/8/1889;26;8;1889;Gedre;MacLeod;1100;1100;1000-1200;14.4
0.022022;42.78358;Bombus lapidarius;Crepis sp.;9/8/1889;9;8;1889;Gedre;MacLeod;1100;1100;1000-1200;14.4
0.022022;42.78358;Bombus lapidarius;Trifolium repens;8/8/1889;8;8;1889;Gedre;MacLeod;1100;1100;1000-1200;14.4
0.022022;42.78358;Bombus wurflenii;Trifolium pratense;8/8/1889;8;8;1889;Gedre;MacLeod;1100;1100;1000-1200;14.4
0.022022;42.78358;Bombus wurflenii;Trifolium pratense;12/8/1889;12;8;1889;Gedre;MacLeod;1100;1100;1000-1200;14.4
0.022022;42.78358;Bombus wurflenii;Lathyrus pyrenaicus?;9/8/1889;9;8;1889;Gedre;MacLeod;1100;1100;1000-1200;14.4
0.022022;42.78358;Bombus mesomelas;Verbena officinalis;28/8/1889;28;8;1889;Gedre;MacLeod;1100;1100;1000-1200;14.4
0.022022;42.78358;Bombus mesomelas;Trifolium pratense;8/8/1889;8;8;1889;Gedre;MacLeod;1100;1100;1000-1200;14.4
0.022022;42.78358;Bombus ruderarius;Brunella alba;9/8/1889;9;8;1889;Gedre;MacLeod;1100;1100;1000-1200;14.4
0.022022;42.78358;Bombus soroeensis;Origanum vulgare;26/8/1889;26;8;1889;Gedre;MacLeod;1100;1100;1000-1200;14.4
0.022022;42.78358;Bombus terrestris complex;Verbena officinalis;28/8/1889;28;8;1889;Gedre;MacLeod;1100;1100;1000-1200;14.4
0.022022;42.78358;Bombus terrestris complex;Thymus serpyllum;6/8/1889;6;8;1889;Gedre;MacLeod;1100;1100;1000-1200;14.4
0.022022;42.78358;Bombus terrestris complex;Stachys recta;26/8/1889;26;8;1889;Gedre;MacLeod;1100;1100;1000-1200;14.4
0.022022;42.78358;Bombus terrestris complex;Marrubium vulgare;9/8/1889;9;8;1889;Gedre;MacLeod;1100;1100;1000-1200;14.4
0.022022;42.78358;Bombus terrestris complex;Brunella vulgaris;11/8/1889;11;8;1889;Gedre;MacLeod;1100;1100;1000-1200;14.4
0.022022;42.78358;Bombus terrestris complex;Campanula rotundifolia;8/8/1889;8;8;1889;Gedre;MacLeod;1100;1100;1000-1200;14.4
0.022022;42.78358;Bombus terrestris complex;Campanula rotundifolia;9/8/1889;9;8;1889;Gedre;MacLeod;1100;1100;1000-1200;14.4
0.022022;42.78358;Bombus terrestris complex;Campanula rotundifolia;12/8/1889;12;8;1889;Gedre;MacLeod;1100;1100;1000-1200;14.4
0.022022;42.78358;Bombus humilis;Verbena officinalis;28/8/1889;28;8;1889;Gedre;MacLeod;1100;1100;1000-1200;14.4
0.022022;42.78358;Bombus humilis;Stachys recta;9/8/1889;9;8;1889;Gedre;MacLeod;1100;1100;1000-1200;14.4
0.022022;42.78358;Bombus humilis;Sideritis hyssopifolia;9/8/1889;9;8;1889;Gedre;MacLeod;1100;1100;1000-1200;14.4
0.022022;42.78358;Bombus humilis;Campanula rapunculoides;9/8/1889;9;8;1889;Gedre;MacLeod;1100;1100;1000-1200;14.4
0.022022;42.78358;Bombus pascuorum;Lathyrus pyrenaicus?;29/8/1889;29;8;1889;Gedre;MacLeod;1100;1100;1000-1200;14.4
0.022022;42.78358;Bombus pascuorum;Teucrium scorodonia;11/8/1889;11;8;1889;Gedre;MacLeod;1100;1100;1000-1200;14.4
0.022022;42.78358;Bombus terrestris complex;Rubus fruticosus;8/8/1889;8;8;1889;Gedre;MacLeod;1100;1100;1000-1200;14.4
0.022726;42.7829;Bombus pascuorum;Teucrium chamaedrys;26/8/1889;26;8;1889;Gedre;MacLeod;1150;1150;1000-1200;14.2
0.022773;42.78206;Bombus hortorum;Aconitum sp.;8/8/1889;8;8;1889;Gedre;MacLeod;1200;1200;1200-1400;14
0.022773;42.78206;Bombus terrestris complex;Trifolium repens;6/8/1889;6;8;1889;Gedre;MacLeod;1200;1200;1200-1400;14
0.022773;42.78206;Bombus humilis;Carduus defloratus;6/8/1889;6;8;1889;Gedre;MacLeod;1200;1200;1200-1400;14
0.022773;42.78206;Bombus quadricolor;Carduus defloratus;7/8/1889;7;8;1889;Gedre;MacLeod;1200;1200;1200-1400;14
0.022773;42.78206;Bombus quadricolor;Carduus defloratus;8/8/1889;8;8;1889;Gedre;MacLeod;1200;1200;1200-1400;14
0.022773;42.78206;Bombus terrestris complex;Campanula rapunculoides;5/8/1889;5;8;1889;Gedre;MacLeod;1200;1200;1200-1400;14
0.022773;42.78206;Bombus humilis;Carduus defloratus;8/8/1889;8;8;1889;Gedre;MacLeod;1200;1200;1200-1400;14
0.022773;42.78206;Bombus terrestris complex;Campanula rapunculoides;9/8/1889;9;8;1889;Gedre;MacLeod;1200;1200;1200-1400;14
0.022773;42.78206;Bombus terrestris complex;Campanula rapunculoides;10/8/1889;10;8;1889;Gedre;MacLeod;1200;1200;1200-1400;14
0.022773;42.78206;Bombus terrestris complex;Rubus fruticosus;5/8/1889;5;8;1889;Gedre;MacLeod;1200;1200;1200-1400;14
0.022773;42.78206;Bombus hortorum;Aconitum sp.;12/8/1889;12;8;1889;Gedre;MacLeod;1200;1200;1200-1400;14
0.022773;42.78206;Bombus terrestris complex;Trifolium repens;8/8/1889;8;8;1889;Gedre;MacLeod;1200;1200;1200-1400;14
0.022773;42.78206;Bombus terrestris complex;Rubus fruticosus;29/8/1889;29;8;1889;Gedre;MacLeod;1200;1200;1200-1400;14
0.022773;42.78206;Bombus pascuorum;Carlina acaulis;26/8/1889;26;8;1889;Gedre;MacLeod;1200;1200;1200-1400;14
0.022773;42.78206;Bombus pascuorum;Polygala vulgaris;28/8/1889;28;8;1889;Gedre;MacLeod;1200;1200;1200-1400;14
0.022773;42.78206;Bombus sichelii;Carduus defloratus;6/8/1889;6;8;1889;Gedre;MacLeod;1200;1200;1200-1400;14
0.022773;42.78206;Bombus lapidarius;Allium lusitanicum;7/8/1889;7;8;1889;Gedre;MacLeod;1200;1200;1200-1400;14
0.022773;42.78206;Bombus wurflenii;Brunella grandiflora;7/8/1889;7;8;1889;Gedre;MacLeod;1200;1200;1200-1400;14
0.022773;42.78206;Bombus wurflenii;Carlina acanthifolia;28/8/1889;28;8;1889;Gedre;MacLeod;1200;1200;1200-1400;14
0.022773;42.78206;Bombus terrestris complex;Campanula rapunculoides;9/8/1889;9;8;1889;Gedre;MacLeod;1200;1200;1200-1400;14
0.022773;42.78206;Bombus ruderarius;Centaurea scabiosa;6/8/1889;6;8;1889;Gedre;MacLeod;1200;1200;1200-1400;14
0.022773;42.78206;Bombus terrestris complex;Mentha longifolia;10/8/1889;10;8;1889;Gedre;MacLeod;1200;1200;1200-1400;14
0.022773;42.78206;Bombus terrestris complex;Rubus fruticosus;8/8/1889;8;8;1889;Gedre;MacLeod;1200;1200;1200-1400;14
0.022773;42.78206;Bombus terrestris complex;Rubus fruticosus;10/8/1889;10;8;1889;Gedre;MacLeod;1200;1200;1200-1400;14
0.022773;42.78206;Bombus humilis;Rubus fruticosus;7/8/1889;7;8;1889;Gedre;MacLeod;1200;1200;1200-1400;14
0.022773;42.78206;Bombus terrestris complex;Hypericum perforatum;28/8/1889;28;8;1889;Gedre;MacLeod;1200;1200;1200-1400;14
0.022773;42.78206;Bombus mesomelas;Cirsium monspessulanum;7/8/1889;7;8;1889;Gedre;MacLeod;1200;1200;1200-1400;14
0.022773;42.78206;Bombus terrestris complex;Carduus defloratus;6/8/1889;6;8;1889;Gedre;MacLeod;1200;1200;1200-1400;14
0.023734;42.78049;Bombus quadricolor;Carduus defloratus;6/8/1889;6;8;1889;Gedre;MacLeod;1300;1300;1200-1400;13.5
0.023734;42.78049;Bombus mesomelas;Carduus defloratus;6/8/1889;6;8;1889;Gedre;MacLeod;1300;1300;1200-1400;13.5
0.081279;42.75263;Bombus sichelii;Verbascum  nigrum;27/8/1889;27;8;1889;Heas;MacLeod;1480;1480;1400-1600;12.5
0.109302;42.73139;Bombus sichelii;Carduus carlinoides;27/8/1889;27;8;1889;Trumouse;MacLeod;2000;2000;2000-2200;9.8
0.109302;42.73139;Bombus mesomelas;Cirsium eriophorum;27/8/1889;27;8;1889;Trumouse;MacLeod;2000;2000;2000-2200;9.8
0.109302;42.73139;Bombus mesomelas;Carduus carlinoides;27/8/1889;27;8;1889;Trumouse;MacLeod;2000;2000;2000-2200;9.8
0.109302;42.73139;Bombus humilis;Carduus carlinoides;27/8/1889;27;8;1889;Trumouse;MacLeod;2000;2000;2000-2200;9.8
0.109562;42.73179;Bombus gerstaeckeri;Aconitum sp.;27/8/1889;27;8;1889;cirque de Trumouse;MacLeod;1900;1900;1800-2000;10.2
0.110048;42.73161;Bombus sichelii;Galeopsis tetrahit;27/8/1889;27;8;1889;cirque de Trumouse;MacLeod;2000;2000;2000-2200;9.8
0.110048;42.73161;Bombus ruderarius;Trifolium pratense;27/8/1889;27;8;1889;cirque de Trumouse;MacLeod;2000;2000;2000-2200;9.8
0.110048;42.73161;Bombus terrestris complex;Carduus carlinoides;27/8/1889;27;8;1889;cirque de Trumouse;MacLeod;2000;2000;2000-2200;9.8
-0.079306;42.75619;Bombus wurflenii;Centaurea scabiosa;13/8/2005;13;8;2005;P082;Biesmeijer;1500;1500;1400-1600;14.2
-0.079306;42.75619;Bombus pascuorum;Centaurea scabiosa;13/8/2005;13;8;2005;P082;Biesmeijer;1500;1500;1400-1600;14.2
-0.079306;42.75619;Bombus pascuorum;Centaurea scabiosa;13/8/2005;13;8;2005;P082;Biesmeijer;1500;1500;1400-1600;14.2
-0.079306;42.75619;Bombus pascuorum;Centaurea scabiosa;13/8/2005;13;8;2005;P082;Biesmeijer;1500;1500;1400-1600;14.2
-0.079306;42.75619;Bombus soroeensis;Centaurea scabiosa;13/8/2005;13;8;2005;P082;Biesmeijer;1500;1500;1400-1600;14.2
-0.079306;42.75619;Bombus pascuorum;Centaurea scabiosa;13/8/2005;13;8;2005;P082;Biesmeijer;1500;1500;1400-1600;14.2
-0.079306;42.75619;Bombus humilis;Centaurea scabiosa;13/8/2005;13;8;2005;P082;Biesmeijer;1500;1500;1400-1600;14.2
-0.078889;42.75333;Bombus pascuorum;Centaurea nigra;13/8/2005;13;8;2005;P083;Biesmeijer;1498;1498;1400-1600;14.3
-0.078889;42.75333;Bombus soroeensis;Centaurea nigra;13/8/2005;13;8;2005;P084;Biesmeijer;1498;1498;1400-1600;14.3
-0.078889;42.75333;Bombus mesomelas;Centaurea nigra;13/8/2005;13;8;2005;P084;Biesmeijer;1498;1498;1400-1600;14.3
-0.078889;42.75333;Bombus mesomelas;Centaurea nigra;13/8/2005;13;8;2005;P084;Biesmeijer;1498;1498;1400-1600;14.3
-0.078889;42.75333;Bombus terrestris complex;Centaurea nigra;13/8/2005;13;8;2005;P084;Biesmeijer;1498;1498;1400-1600;14.3
-0.078889;42.75333;Bombus mesomelas;Centaurea nigra;13/8/2005;13;8;2005;P084;Biesmeijer;1498;1498;1400-1600;14.3
-0.078889;42.75333;Bombus soroeensis;Centaurea nigra;13/8/2005;13;8;2005;P084;Biesmeijer;1498;1498;1400-1600;14.3
-0.073025;42.74981;Bombus mesomelas;Cirsium eriophorum;28/8/2006;28;8;2006;P390;Biesmeijer;1695;1695;1600-1800;13.6
-0.073025;42.74981;Bombus mesomelas;Cirsium eriophorum;28/8/2006;28;8;2006;P391;Biesmeijer;1695;1695;1600-1800;13.6
-0.073025;42.74981;Bombus mesomelas;Cirsium eriophorum;28/8/2006;28;8;2006;P393;Biesmeijer;1695;1695;1600-1800;13.6
-0.055536;42.71971;Bombus mesomelas;Carduus defloratus;23/8/2006;23;8;2006;P335;Biesmeijer;2111;2111;2000-2200;11.6
-0.050892;42.71377;Bombus mesomelas;Carduus carlinoides;23/8/2006;23;8;2006;P332;Biesmeijer;2215;2215;2000-2200;11.2
-0.050892;42.71377;Bombus mesomelas;Carduus carlinoides;23/8/2006;23;8;2006;P333;Biesmeijer;2215;2215;2000-2200;11.2
-0.033981;42.7267;Bombus mesomelas;Cirsium eriophorum;23/8/2006;23;8;2006;P336;Biesmeijer;1883;1883;1800-2000;12.9
-0.033981;42.7267;Bombus soroeensis;Cirsium eriophorum;23/8/2006;23;8;2006;P336;Biesmeijer;1883;1883;1800-2000;12.9
-0.033981;42.7267;Bombus mesomelas;Cirsium eriophorum;23/8/2006;23;8;2006;P337;Biesmeijer;1883;1883;1800-2000;12.9
-0.033981;42.7267;Bombus soroeensis;Cirsium eriophorum;23/8/2006;23;8;2006;P337;Biesmeijer;1883;1883;1800-2000;12.9
-0.033981;42.7267;Bombus mesomelas;Aconitum sp.;23/8/2006;23;8;2006;P340;Biesmeijer;1883;1883;1800-2000;12.9
-0.033981;42.7267;Bombus mesomelas;Aconitum sp.;23/8/2006;23;8;2006;P341;Biesmeijer;1883;1883;1800-2000;12.9
-0.033981;42.7267;Bombus mesomelas;Carduus defloratus;23/8/2006;23;8;2006;P342;Biesmeijer;1883;1883;1800-2000;12.9
-0.033981;42.7267;Bombus sichelii;Carduus defloratus;23/8/2006;23;8;2006;P342;Biesmeijer;1883;1883;1800-2000;12.9
-0.032472;42.72572;Bombus wurflenii;Aconitum sp.;12/8/2005;12;8;2005;P060;Biesmeijer;1833;1833;1800-2000;13.1
-0.032472;42.72572;Bombus sichelii;Aconitum sp.;12/8/2005;12;8;2005;P060;Biesmeijer;1833;1833;1800-2000;13.1
-0.032472;42.72572;Bombus wurflenii;Aconitum sp.;12/8/2005;12;8;2005;P060;Biesmeijer;1833;1833;1800-2000;13.1
-0.032472;42.72572;Bombus wurflenii;Aconitum sp.;12/8/2005;12;8;2005;P060;Biesmeijer;1833;1833;1800-2000;13.1
-0.032361;42.72692;Bombus mesomelas;Carduus defloratus;12/8/2005;12;8;2005;P061;Biesmeijer;1830;1830;1800-2000;13.1
-0.032361;42.72692;Bombus mesomelas;Carduus defloratus;12/8/2005;12;8;2005;P061;Biesmeijer;1830;1830;1800-2000;13.1
-0.032361;42.72692;Bombus mesomelas;Carduus defloratus;12/8/2005;12;8;2005;P061;Biesmeijer;1830;1830;1800-2000;13.1
-0.031472;42.72683;Bombus hortorum;Aconitum sp.;12/8/2005;12;8;2005;P055;Biesmeijer;1853;1853;1800-2000;13
-0.030692;42.73382;Bombus mesomelas;Cirsium eriophorum;23/8/2006;23;8;2006;P343;Biesmeijer;1744;1744;1600-1800;13.5
-0.030692;42.73382;Bombus mesomelas;Cirsium eriophorum;23/8/2006;23;8;2006;P343;Biesmeijer;1744;1744;1600-1800;13.5
-0.029869;42.73552;Bombus sichelii;Carduus defloratus;23/8/2006;23;8;2006;P344;Biesmeijer;1713;1713;1600-1800;13.7
-0.029869;42.73552;Bombus mesomelas;Cirsium eriophorum;23/8/2006;23;8;2006;P346;Biesmeijer;1713;1713;1600-1800;13.7
-0.029869;42.73552;Bombus mesomelas;Cirsium eriophorum;23/8/2006;23;8;2006;P347;Biesmeijer;1713;1713;1600-1800;13.7
-0.029869;42.73552;Bombus mesomelas;Cirsium eriophorum;23/8/2006;23;8;2006;P347;Biesmeijer;1713;1713;1600-1800;13.7
-0.029778;42.735;Bombus mesomelas;Aconitum sp.;13/8/2005;13;8;2005;P072;Biesmeijer;1707;1707;1600-1800;13.7
-0.029778;42.735;Bombus humilis;Aconitum sp.;13/8/2005;13;8;2005;P072;Biesmeijer;1707;1707;1600-1800;13.7
-0.029778;42.735;Bombus mesomelas;Carduus defloratus;13/8/2005;13;8;2005;P073;Biesmeijer;1707;1707;1600-1800;13.7
-0.029328;42.73356;Bombus mesomelas;Aconitum sp.;23/8/2006;23;8;2006;P353;Biesmeijer;1716;1716;1600-1800;13.7
-0.029056;42.73489;Bombus wurflenii;Aconitum sp.;13/8/2005;13;8;2005;P080;Biesmeijer;1699;1699;1600-1800;13.8
-0.028861;42.73483;Bombus humilis;Onopordum acaulon;13/8/2005;13;8;2005;P081;Biesmeijer;1699;1699;1600-1800;13.8
-0.028861;42.73483;Bombus mesomelas;Onopordum acaulon;13/8/2005;13;8;2005;P081;Biesmeijer;1699;1699;1600-1800;13.8
-0.028861;42.73483;Bombus mesomelas;Onopordum acaulon;13/8/2005;13;8;2005;P081;Biesmeijer;1699;1699;1600-1800;13.8
-0.028861;42.73483;Bombus mesomelas;Onopordum acaulon;13/8/2005;13;8;2005;P081;Biesmeijer;1699;1699;1600-1800;13.8
-0.027928;42.7446;Bombus humilis;Satureja montana;28/8/2006;28;8;2006;P398;Biesmeijer;1471;1471;1400-1600;14.7
-0.027928;42.7446;Bombus humilis;Satureja montana;28/8/2006;28;8;2006;P399;Biesmeijer;1471;1471;1400-1600;14.7
-0.027928;42.7446;Bombus soroeensis;Satureja montana;28/8/2006;28;8;2006;P399;Biesmeijer;1471;1471;1400-1600;14.7
-0.027928;42.7446;Bombus terrestris complex;Satureja montana;28/8/2006;28;8;2006;P399;Biesmeijer;1471;1471;1400-1600;14.7
-0.027928;42.7446;Bombus terrestris complex;Satureja montana;28/8/2006;28;8;2006;P399;Biesmeijer;1471;1471;1400-1600;14.7
-0.027928;42.7446;Bombus humilis;Satureja montana;28/8/2006;28;8;2006;P402;Biesmeijer;1471;1471;1400-1600;14.7
-0.027928;42.7446;Bombus lapidarius;Satureja montana;28/8/2006;28;8;2006;P402;Biesmeijer;1471;1471;1400-1600;14.7
-0.023778;42.73789;Bombus wurflenii;Aconitum sp.;13/8/2005;13;8;2005;P065;Biesmeijer;1528;1528;1400-1600;14.5
-0.023778;42.73789;Bombus hortorum;Aconitum sp.;13/8/2005;13;8;2005;P065;Biesmeijer;1528;1528;1400-1600;14.5
-0.023778;42.73789;Bombus wurflenii;Aconitum sp.;13/8/2005;13;8;2005;P065;Biesmeijer;1528;1528;1400-1600;14.5
-0.023611;42.73778;Bombus humilis;Centaurea nigra;13/8/2005;13;8;2005;P069;Biesmeijer;1521;1521;1400-1600;14.6
-0.023611;42.73778;Bombus mesomelas;Centaurea nigra;13/8/2005;13;8;2005;P069;Biesmeijer;1521;1521;1400-1600;14.6
-0.023611;42.73778;Bombus soroeensis;Centaurea nigra;13/8/2005;13;8;2005;P069;Biesmeijer;1521;1521;1400-1600;14.6
-0.020339;42.74267;Bombus mesomelas;Cirsium vulgare;28/8/2006;28;8;2006;P405;Biesmeijer;1455;1455;1400-1600;14.9
-0.020339;42.74267;Bombus pascuorum;Cirsium vulgare;28/8/2006;28;8;2006;P405;Biesmeijer;1455;1455;1400-1600;14.9
-0.020339;42.74267;Bombus lapidarius;Cirsium vulgare;28/8/2006;28;8;2006;P406;Biesmeijer;1455;1455;1400-1600;14.9
-0.020339;42.74267;Bombus pascuorum;Cirsium vulgare;28/8/2006;28;8;2006;P406;Biesmeijer;1455;1455;1400-1600;14.9
-0.020339;42.74267;Bombus mesomelas;Cirsium vulgare;28/8/2006;28;8;2006;P406;Biesmeijer;1455;1455;1400-1600;14.9
-0.020339;42.74267;Bombus humilis;Cirsium vulgare;28/8/2006;28;8;2006;P406;Biesmeijer;1455;1455;1400-1600;14.9
-0.020339;42.74267;Bombus humilis;Cirsium vulgare;28/8/2006;28;8;2006;P406;Biesmeijer;1455;1455;1400-1600;14.9
-0.020339;42.74267;Bombus soroeensis;Cirsium vulgare;28/8/2006;28;8;2006;P406;Biesmeijer;1455;1455;1400-1600;14.9
-0.020339;42.74267;Bombus humilis;Origanum vulgare;28/8/2006;28;8;2006;P408;Biesmeijer;1455;1455;1400-1600;14.9
-0.020339;42.74267;Bombus humilis;Satureja montana;28/8/2006;28;8;2006;P409;Biesmeijer;1455;1455;1400-1600;14.9
-0.020339;42.74267;Bombus humilis;Satureja montana;28/8/2006;28;8;2006;P409;Biesmeijer;1455;1455;1400-1600;14.9
-0.020339;42.74267;Bombus humilis;Satureja montana;28/8/2006;28;8;2006;P410;Biesmeijer;1455;1455;1400-1600;14.9
-0.020339;42.74267;Bombus humilis;Satureja montana;28/8/2006;28;8;2006;P410;Biesmeijer;1455;1455;1400-1600;14.9
-0.020339;42.74267;Bombus humilis;Satureja montana;28/8/2006;28;8;2006;P410;Biesmeijer;1455;1455;1400-1600;14.9
-0.020339;42.74267;Bombus humilis;Satureja montana;28/8/2006;28;8;2006;P411;Biesmeijer;1455;1455;1400-1600;14.9
-0.020339;42.74267;Bombus pascuorum;Satureja montana;28/8/2006;28;8;2006;P411;Biesmeijer;1455;1455;1400-1600;14.9
-0.020339;42.74267;Bombus lapidarius;Cirsium vulgare;28/8/2006;28;8;2006;P412;Biesmeijer;1455;1455;1400-1600;14.9
-0.020339;42.74267;Bombus lapidarius;Cirsium vulgare;28/8/2006;28;8;2006;P412;Biesmeijer;1455;1455;1400-1600;14.9
-0.020339;42.74267;Bombus lapidarius;Cirsium vulgare;28/8/2006;28;8;2006;P412;Biesmeijer;1455;1455;1400-1600;14.9
-0.020339;42.74267;Bombus humilis;Cirsium vulgare;28/8/2006;28;8;2006;P412;Biesmeijer;1455;1455;1400-1600;14.9
-0.020339;42.74267;Bombus pascuorum;Cirsium vulgare;28/8/2006;28;8;2006;P412;Biesmeijer;1455;1455;1400-1600;14.9
-0.020339;42.74267;Bombus soroeensis;Cirsium vulgare;28/8/2006;28;8;2006;P412;Biesmeijer;1455;1455;1400-1600;14.9
-0.020339;42.74267;Bombus soroeensis;Cirsium vulgare;28/8/2006;28;8;2006;P412;Biesmeijer;1455;1455;1400-1600;14.9
-0.020339;42.74267;Bombus mesomelas;Cirsium vulgare;28/8/2006;28;8;2006;P412;Biesmeijer;1455;1455;1400-1600;14.9
-0.020339;42.74267;Bombus terrestris complex;Cirsium vulgare;28/8/2006;28;8;2006;P412;Biesmeijer;1455;1455;1400-1600;14.9
-0.020339;42.74267;Bombus mesomelas;Cirsium vulgare;28/8/2006;28;8;2006;P412;Biesmeijer;1455;1455;1400-1600;14.9
-0.020339;42.74267;Bombus mesomelas;Cirsium vulgare;28/8/2006;28;8;2006;P413;Biesmeijer;1455;1455;1400-1600;14.9
-0.020339;42.74267;Bombus mesomelas;Cirsium vulgare;28/8/2006;28;8;2006;P413;Biesmeijer;1455;1455;1400-1600;14.9
-0.020339;42.74267;Bombus soroeensis;Cirsium vulgare;28/8/2006;28;8;2006;P413;Biesmeijer;1455;1455;1400-1600;14.9
-0.020339;42.74267;Bombus lapidarius;Cirsium vulgare;28/8/2006;28;8;2006;P413;Biesmeijer;1455;1455;1400-1600;14.9
-0.020339;42.74267;Bombus humilis;Cirsium vulgare;28/8/2006;28;8;2006;P413;Biesmeijer;1455;1455;1400-1600;14.9
-0.017056;42.797;Bombus hortorum;Aconitum sp.;25/8/2005;25;8;2005;P203;Biesmeijer;1406;1406;1400-1600;14.9
-0.017056;42.797;Bombus hortorum;Aconitum sp.;25/8/2005;25;8;2005;P203;Biesmeijer;1406;1406;1400-1600;14.9
-0.017056;42.797;Bombus hortorum;Aconitum sp.;25/8/2005;25;8;2005;P203;Biesmeijer;1406;1406;1400-1600;14.9
-0.017056;42.797;Bombus mesomelas;Aconitum sp.;25/8/2005;25;8;2005;P203;Biesmeijer;1406;1406;1400-1600;14.9
-0.017056;42.797;Bombus hortorum;Aconitum sp.;25/8/2005;25;8;2005;P203;Biesmeijer;1406;1406;1400-1600;14.9
-0.017056;42.797;Bombus hortorum;Mentha longifolia;24/8/2005;24;8;2005;P204;Biesmeijer;1406;1406;1400-1600;14.9
-0.017056;42.797;Bombus lapidarius;Mentha longifolia;24/8/2005;24;8;2005;P204;Biesmeijer;1406;1406;1400-1600;14.9
-0.017056;42.797;Bombus quadricolor;Mentha longifolia;24/8/2005;24;8;2005;P204;Biesmeijer;1406;1406;1400-1600;14.9
-0.011417;42.77278;Bombus sichelii;Hypericum perforatum;25/8/2005;25;8;2005;P208;Biesmeijer;1568;1568;1400-1600;14.4
-0.011417;42.77278;Bombus sichelii;Hypericum perforatum;25/8/2005;25;8;2005;P208;Biesmeijer;1568;1568;1400-1600;14.4
-0.011417;42.77278;Bombus terrestris complex;Hypericum perforatum;25/8/2005;25;8;2005;P208;Biesmeijer;1568;1568;1400-1600;14.4
-0.011417;42.77278;Bombus sichelii;Hypericum perforatum;25/8/2005;25;8;2005;P208;Biesmeijer;1568;1568;1400-1600;14.4
-0.011417;42.77278;Bombus sichelii;Hypericum perforatum;25/8/2005;25;8;2005;P208;Biesmeijer;1568;1568;1400-1600;14.4
-0.011417;42.77278;Bombus terrestris complex;Cirsium vulgare;25/8/2005;25;8;2005;P209;Biesmeijer;1568;1568;1400-1600;14.4
-0.011417;42.77278;Bombus mesomelas;Cirsium vulgare;25/8/2005;25;8;2005;P209;Biesmeijer;1568;1568;1400-1600;14.4
-0.011417;42.77278;Bombus mesomelas;Cirsium vulgare;25/8/2005;25;8;2005;P209;Biesmeijer;1568;1568;1400-1600;14.4
-0.011417;42.77278;Bombus mesomelas;Cirsium vulgare;25/8/2005;25;8;2005;P209;Biesmeijer;1568;1568;1400-1600;14.4
-0.011417;42.77278;Bombus mesomelas;Cirsium vulgare;25/8/2005;25;8;2005;P209;Biesmeijer;1568;1568;1400-1600;14.4
-0.011417;42.77278;Bombus mesomelas;Cirsium vulgare;25/8/2005;25;8;2005;P209;Biesmeijer;1568;1568;1400-1600;14.4
-0.011417;42.77292;Bombus lapidarius;Hypericum perforatum;10/8/2005;10;8;2005;P037;Biesmeijer;1560;1560;1400-1600;14.4
-0.011417;42.77292;Bombus sichelii;Hypericum perforatum;10/8/2005;10;8;2005;P037;Biesmeijer;1560;1560;1400-1600;14.4
-0.011417;42.77292;Bombus sichelii;Hypericum perforatum;10/8/2005;10;8;2005;P037;Biesmeijer;1560;1560;1400-1600;14.4
-0.011417;42.77292;Bombus sichelii;Hypericum perforatum;10/8/2005;10;8;2005;P037;Biesmeijer;1560;1560;1400-1600;14.4
-0.011417;42.77292;Bombus sichelii;Hypericum perforatum;10/8/2005;10;8;2005;P037;Biesmeijer;1560;1560;1400-1600;14.4
-0.011417;42.77292;Bombus sichelii;Hypericum perforatum;10/8/2005;10;8;2005;P037;Biesmeijer;1560;1560;1400-1600;14.4
-0.011417;42.77292;Bombus sichelii;Hypericum perforatum;10/8/2005;10;8;2005;P037;Biesmeijer;1560;1560;1400-1600;14.4
-0.011417;42.77292;Bombus sichelii;Hypericum perforatum;10/8/2005;10;8;2005;P037;Biesmeijer;1560;1560;1400-1600;14.4
-0.011361;42.77281;Bombus sichelii;Hypericum perforatum;10/8/2005;10;8;2005;P038;Biesmeijer;1560;1560;1400-1600;14.4
-0.011361;42.77281;Bombus sichelii;Hypericum perforatum;10/8/2005;10;8;2005;P038;Biesmeijer;1560;1560;1400-1600;14.4
-0.011361;42.77281;Bombus humilis;Hypericum perforatum;10/8/2005;10;8;2005;P038;Biesmeijer;1560;1560;1400-1600;14.4
-0.011361;42.77281;Bombus mesomelas;Hypericum perforatum;10/8/2005;10;8;2005;P038;Biesmeijer;1560;1560;1400-1600;14.4
-0.011361;42.77281;Bombus sichelii;Hypericum perforatum;10/8/2005;10;8;2005;P038;Biesmeijer;1560;1560;1400-1600;14.4
-0.011361;42.77281;Bombus lapidarius;Hypericum perforatum;10/8/2005;10;8;2005;P038;Biesmeijer;1560;1560;1400-1600;14.4
-0.011361;42.77281;Bombus sichelii;Hypericum perforatum;10/8/2005;10;8;2005;P038;Biesmeijer;1560;1560;1400-1600;14.4
-0.010972;42.77311;Bombus mesomelas;Mentha longifolia;10/8/2005;10;8;2005;P033;Biesmeijer;1560;1560;1400-1600;14.4
-0.010972;42.77311;Bombus lapidarius;Mentha longifolia;10/8/2005;10;8;2005;P034;Biesmeijer;1560;1560;1400-1600;14.4
-0.010972;42.77311;Bombus sichelii;Mentha longifolia;10/8/2005;10;8;2005;P034;Biesmeijer;1560;1560;1400-1600;14.4
-0.010972;42.77311;Bombus mesomelas;Mentha longifolia;10/8/2005;10;8;2005;P034;Biesmeijer;1560;1560;1400-1600;14.4
-0.010972;42.77311;Bombus sichelii;Mentha longifolia;10/8/2005;10;8;2005;P034;Biesmeijer;1560;1560;1400-1600;14.4
-0.010972;42.77311;Bombus sichelii;Mentha longifolia;10/8/2005;10;8;2005;P034;Biesmeijer;1560;1560;1400-1600;14.4
-0.010972;42.77311;Bombus soroeensis;Mentha longifolia;10/8/2005;10;8;2005;P034;Biesmeijer;1560;1560;1400-1600;14.4
-0.010722;42.77281;Bombus mesomelas;Hypericum perforatum;10/8/2005;10;8;2005;P031;Biesmeijer;1560;1560;1400-1600;14.4
-0.010722;42.77281;Bombus sichelii;Hypericum perforatum;10/8/2005;10;8;2005;P031;Biesmeijer;1560;1560;1400-1600;14.4
-0.010722;42.77281;Bombus sichelii;Hypericum perforatum;10/8/2005;10;8;2005;P031;Biesmeijer;1560;1560;1400-1600;14.4
-0.010722;42.77281;Bombus lapidarius;Hypericum perforatum;10/8/2005;10;8;2005;P032;Biesmeijer;1560;1560;1400-1600;14.4
-0.010722;42.77281;Bombus humilis;Hypericum perforatum;10/8/2005;10;8;2005;P032;Biesmeijer;1560;1560;1400-1600;14.4
-0.010722;42.77281;Bombus sichelii;Hypericum perforatum;10/8/2005;10;8;2005;P032;Biesmeijer;1560;1560;1400-1600;14.4
-0.010722;42.77281;Bombus pascuorum;Hypericum perforatum;10/8/2005;10;8;2005;P032;Biesmeijer;1560;1560;1400-1600;14.4
-0.010667;42.77306;Bombus sichelii;Mentha longifolia;9/8/2005;9;8;2005;P020;Biesmeijer;1560;1560;1400-1600;14.4
-0.010556;42.77303;Bombus sichelii;Angelica sylvestris;10/8/2005;10;8;2005;P030;Biesmeijer;1560;1560;1400-1600;14.4
-0.010528;42.77278;Bombus terrestris complex;Parnassia palustris;9/8/2005;9;8;2005;P024;Biesmeijer;1550;1550;1400-1600;14.5
-0.010528;42.77278;Bombus hortorum;Cirsium arvense;9/8/2005;9;8;2005;P026;Biesmeijer;1550;1550;1400-1600;14.5
-0.010306;42.77267;Bombus pascuorum;Crepis sp.;10/8/2005;10;8;2005;P028;Biesmeijer;1558;1558;1400-1600;14.5
-0.010306;42.77267;Bombus mesomelas;Angelica sylvestris;10/8/2005;10;8;2005;P029;Biesmeijer;1560;1560;1400-1600;14.5
-0.010306;42.77267;Bombus soroeensis;Angelica sylvestris;10/8/2005;10;8;2005;P029;Biesmeijer;1560;1560;1400-1600;14.5
-0.010111;42.77261;Bombus wurflenii;Hypericum perforatum;25/8/2005;25;8;2005;P206;Biesmeijer;1570;1570;1400-1600;14.4
-0.010111;42.77306;Bombus sichelii;Mentha longifolia;9/8/2005;9;8;2005;P021;Biesmeijer;1560;1560;1400-1600;14.5
-0.009972;42.77283;Bombus lapidarius;Origanum vulgare;10/8/2005;10;8;2005;P044;Biesmeijer;1557;1557;1400-1600;14.5
-0.009972;42.77283;Bombus mesomelas;Origanum vulgare;10/8/2005;10;8;2005;P044;Biesmeijer;1557;1557;1400-1600;14.5
-0.009972;42.77283;Bombus lapidarius;Origanum vulgare;10/8/2005;10;8;2005;P044;Biesmeijer;1557;1557;1400-1600;14.5
-0.009553;42.77259;Bombus lapidarius;Hypericum perforatum;31/8/2006;31;8;2006;P450;Biesmeijer;1566;1566;1400-1600;14.4
-0.006689;42.77154;Bombus sichelii;Origanum vulgare;31/8/2006;31;8;2006;P434;Biesmeijer;1576;1576;1400-1600;14.5
-0.006689;42.77154;Bombus lapidarius;Centaurea nigra;31/8/2006;31;8;2006;P435;Biesmeijer;1576;1576;1400-1600;14.5
-0.006689;42.77154;Bombus wurflenii;Centaurea nigra;31/8/2006;31;8;2006;P435;Biesmeijer;1576;1576;1400-1600;14.5
-0.006689;42.77154;Bombus mesomelas;Centaurea nigra;31/8/2006;31;8;2006;P435;Biesmeijer;1576;1576;1400-1600;14.5
-0.006689;42.77154;Bombus pascuorum;Centaurea nigra;31/8/2006;31;8;2006;P435;Biesmeijer;1576;1576;1400-1600;14.5
-0.005856;42.76866;Bombus hortorum;Aconitum sp.;31/8/2006;31;8;2006;P414;Biesmeijer;1611;1611;1600-1800;14.4
-0.005856;42.76866;Bombus lapidarius;Succisa pratensis;31/8/2006;31;8;2006;P416;Biesmeijer;1611;1611;1600-1800;14.4
-0.005856;42.76866;Bombus mesomelas;Euphrasia ;31/8/2006;31;8;2006;P417;Biesmeijer;1611;1611;1600-1800;14.4
-0.005856;42.76866;Bombus soroeensis;Succisa pratensis;31/8/2006;31;8;2006;P419;Biesmeijer;1611;1611;1600-1800;14.4
-0.005856;42.76866;Bombus ruderarius;Succisa pratensis;31/8/2006;31;8;2006;P419;Biesmeijer;1611;1611;1600-1800;14.4
-0.005856;42.76866;Bombus lapidarius;Succisa pratensis;31/8/2006;31;8;2006;P420;Biesmeijer;1600;1600;1600-1800;14.4
-0.005856;42.76866;Bombus soroeensis;Succisa pratensis;31/8/2006;31;8;2006;P420;Biesmeijer;1600;1600;1600-1800;14.4
-0.005856;42.76866;Bombus mesomelas;Centaurea nigra;31/8/2006;31;8;2006;P428;Biesmeijer;1600;1600;1600-1800;14.4
-0.005856;42.76866;Bombus lapidarius;Centaurea nigra;31/8/2006;31;8;2006;P428;Biesmeijer;1600;1600;1600-1800;14.4
-0.005278;42.76556;Bombus lapidarius;Centaurea nigra;8/8/2005;8;8;2005;P001;Biesmeijer;1623;1623;1600-1800;14.4
-0.005278;42.76556;Bombus humilis;Centaurea nigra;8/8/2005;8;8;2005;P001;Biesmeijer;1623;1623;1600-1800;14.4
-0.005278;42.76556;Bombus lapidarius;Centaurea nigra;8/8/2005;8;8;2005;P001;Biesmeijer;1623;1623;1600-1800;14.4
-0.005278;42.76556;Bombus hortorum;Centaurea nigra;8/8/2005;8;8;2005;P001;Biesmeijer;1623;1623;1600-1800;14.4
-0.005278;42.76556;Bombus lapidarius;Centaurea nigra;8/8/2005;8;8;2005;P002;Biesmeijer;1623;1623;1600-1800;14.4
-0.005278;42.76881;Bombus soroeensis;Eryngium bourgati;9/8/2005;9;8;2005;P016;Biesmeijer;1610;1610;1600-1800;14.4
-0.005278;42.76881;Bombus lapidarius;Eryngium bourgati;9/8/2005;9;8;2005;P016;Biesmeijer;1610;1610;1600-1800;14.4
-0.005278;42.76881;Bombus soroeensis;Eryngium bourgati;9/8/2005;9;8;2005;P016;Biesmeijer;1610;1610;1600-1800;14.4
-0.005278;42.76881;Bombus soroeensis;Eryngium bourgati;9/8/2005;9;8;2005;P016;Biesmeijer;1610;1610;1600-1800;14.4
-0.005278;42.76881;Bombus soroeensis;Eryngium bourgati;9/8/2005;9;8;2005;P017;Biesmeijer;1610;1610;1600-1800;14.4
-0.005278;42.76881;Bombus pascuorum;Eryngium bourgati;9/8/2005;9;8;2005;P017;Biesmeijer;1610;1610;1600-1800;14.4
-0.005056;42.76839;Bombus soroeensis;Succisa pratensis;9/8/2005;9;8;2005;P015;Biesmeijer;1613;1613;1600-1800;14.4
-0.005056;42.76839;Bombus ruderarius;Succisa pratensis;9/8/2005;9;8;2005;P015;Biesmeijer;1613;1613;1600-1800;14.4
-0.005028;42.76133;Bombus mesomelas;Hypericum pulchrum;22/8/2006;22;8;2006;P318;Biesmeijer;1630;1630;1600-1800;14.4
-0.005028;42.76731;Bombus lapidarius;Centaurea nigra;9/8/2005;9;8;2005;P010;Biesmeijer;1629;1629;1600-1800;14.3
-0.005028;42.76731;Bombus mesomelas;Calluna vulgaris;9/8/2005;9;8;2005;P012;Biesmeijer;1617;1617;1600-1800;14.4
-0.005028;42.76731;Bombus pascuorum;Calluna vulgaris;9/8/2005;9;8;2005;P012;Biesmeijer;1617;1617;1600-1800;14.4
-0.005;42.76556;Bombus sichelii;Allium lusitanicum;8/8/2005;8;8;2005;P003;Biesmeijer;1623;1623;1600-1800;14.4
-0.005;42.76556;Bombus sichelii;Allium lusitanicum;8/8/2005;8;8;2005;P003;Biesmeijer;1623;1623;1600-1800;14.4
-0.005;42.76556;Bombus sichelii;Allium lusitanicum;8/8/2005;8;8;2005;P003;Biesmeijer;1623;1623;1600-1800;14.4
-0.005;42.76556;Bombus sichelii;Allium lusitanicum;8/8/2005;8;8;2005;P003;Biesmeijer;1623;1623;1600-1800;14.4
-0.005;42.76556;Bombus sichelii;Allium lusitanicum;8/8/2005;8;8;2005;P003;Biesmeijer;1623;1623;1600-1800;14.4
-0.005;42.76556;Bombus sichelii;Allium lusitanicum;8/8/2005;8;8;2005;P003;Biesmeijer;1623;1623;1600-1800;14.4
-0.005;42.76556;Bombus sichelii;Allium lusitanicum;8/8/2005;8;8;2005;P003;Biesmeijer;1623;1623;1600-1800;14.4
-0.005;42.76556;Bombus sichelii;Allium lusitanicum;8/8/2005;8;8;2005;P004;Biesmeijer;1623;1623;1600-1800;14.4
-0.005;42.76556;Bombus sichelii;Allium lusitanicum;8/8/2005;8;8;2005;P004;Biesmeijer;1623;1623;1600-1800;14.4
-0.005;42.76556;Bombus sichelii;Allium lusitanicum;8/8/2005;8;8;2005;P004;Biesmeijer;1623;1623;1600-1800;14.4
-0.005;42.76556;Bombus sichelii;Allium lusitanicum;8/8/2005;8;8;2005;P004;Biesmeijer;1623;1623;1600-1800;14.4
-0.005;42.76775;Bombus lapidarius;Calluna vulgaris;9/8/2005;9;8;2005;P013;Biesmeijer;1617;1617;1600-1800;14.4
-0.005;42.76775;Bombus mesomelas;Calluna vulgaris;9/8/2005;9;8;2005;P013;Biesmeijer;1617;1617;1600-1800;14.4
-0.004778;42.76472;Bombus soroeensis;Centaurea nigra;8/8/2005;8;8;2005;P009;Biesmeijer;1623;1623;1600-1800;14.4
-0.004722;42.76444;Bombus hortorum;Cirsium arvense;8/8/2005;8;8;2005;P008;Biesmeijer;1623;1623;1600-1800;14.4
-0.004722;42.76444;Bombus hortorum;Cirsium arvense;8/8/2005;8;8;2005;P008;Biesmeijer;1623;1623;1600-1800;14.4
-0.004722;42.76444;Bombus lapidarius;Cirsium arvense;8/8/2005;8;8;2005;P008;Biesmeijer;1623;1623;1600-1800;14.4
-0.004722;42.76444;Bombus lapidarius;Cirsium arvense;8/8/2005;8;8;2005;P008;Biesmeijer;1623;1623;1600-1800;14.4
-0.004444;42.765;Bombus quadricolor;Calluna vulgaris;8/8/2005;8;8;2005;P005;Biesmeijer;1623;1623;1600-1800;14.4
-0.004444;42.765;Bombus soroeensis;Calluna vulgaris;8/8/2005;8;8;2005;P006;Biesmeijer;1623;1623;1600-1800;14.4
-0.004167;42.76228;Bombus soroeensis;Succisa pratensis;22/8/2006;22;8;2006;P322;Biesmeijer;1622;1622;1600-1800;14.4
-0.004167;42.76228;Bombus sichelii;Succisa pratensis;22/8/2006;22;8;2006;P322;Biesmeijer;1622;1622;1600-1800;14.4
-0.004167;42.76228;Bombus soroeensis;Succisa pratensis;22/8/2006;22;8;2006;P323;Biesmeijer;1622;1622;1600-1800;14.4
-0.004167;42.76228;Bombus quadricolor;Succisa pratensis;22/8/2006;22;8;2006;P323;Biesmeijer;1622;1622;1600-1800;14.4
-0.004167;42.76228;Bombus soroeensis;Succisa pratensis;22/8/2006;22;8;2006;P323;Biesmeijer;1622;1622;1600-1800;14.4
-0.004167;42.76228;Bombus lapidarius;Succisa pratensis;22/8/2006;22;8;2006;P323;Biesmeijer;1622;1622;1600-1800;14.4
-0.003917;42.77947;Bombus humilis;Centaurea scabiosa;12/8/2005;12;8;2005;P045;Biesmeijer;1485;1485;1400-1600;14.9
-0.003917;42.77947;Bombus humilis;Centaurea scabiosa;12/8/2005;12;8;2005;P054;Biesmeijer;1485;1485;1400-1600;14.9
-0.003917;42.77947;Bombus soroeensis;Centaurea scabiosa;12/8/2005;12;8;2005;P054;Biesmeijer;1485;1485;1400-1600;14.9
-0.003917;42.77947;Bombus pascuorum;Centaurea scabiosa;12/8/2005;12;8;2005;P054;Biesmeijer;1485;1485;1400-1600;14.9
-0.003917;42.77947;Bombus humilis;Centaurea scabiosa;12/8/2005;12;8;2005;P054;Biesmeijer;1485;1485;1400-1600;14.9
-0.003917;42.77947;Bombus soroeensis;Centaurea scabiosa;12/8/2005;12;8;2005;P054;Biesmeijer;1485;1485;1400-1600;14.9
-0.003806;42.77939;Bombus sichelii;Allium lusitanicum;12/8/2005;12;8;2005;P053;Biesmeijer;1497;1497;1400-1600;14.8
-0.003611;42.76103;Bombus soroeensis;Scabiosa columbaria;22/8/2006;22;8;2006;P321;Biesmeijer;1618;1618;1600-1800;14.4
-0.003583;42.76325;Bombus soroeensis;Centaurea nigra;22/8/2006;22;8;2006;P324;Biesmeijer;1628;1628;1600-1800;14.4
-0.003583;42.76325;Bombus soroeensis;Centaurea nigra;22/8/2006;22;8;2006;P324;Biesmeijer;1628;1628;1600-1800;14.4
-0.003583;42.76325;Bombus soroeensis;Cirsium arvense;22/8/2006;22;8;2006;P325;Biesmeijer;1628;1628;1600-1800;14.4
-0.003583;42.76325;Bombus mesomelas;Cirsium arvense;22/8/2006;22;8;2006;P326;Biesmeijer;1628;1628;1600-1800;14.4
-0.003583;42.76325;Bombus soroeensis;Cirsium arvense;22/8/2006;22;8;2006;P326;Biesmeijer;1628;1628;1600-1800;14.4
-0.003583;42.76325;Bombus lapidarius;Centaurea nigra;22/8/2006;22;8;2006;P327;Biesmeijer;1628;1628;1600-1800;14.4
-0.003583;42.76325;Bombus soroeensis;Centaurea nigra;22/8/2006;22;8;2006;P327;Biesmeijer;1628;1628;1600-1800;14.4
-0.003028;42.77886;Bombus lapidarius;Centaurea scabiosa;12/8/2005;12;8;2005;P046;Biesmeijer;1515;1515;1400-1600;14.8
-0.003028;42.77886;Bombus pascuorum;Centaurea scabiosa;12/8/2005;12;8;2005;P046;Biesmeijer;1515;1515;1400-1600;14.8
-0.003028;42.77886;Bombus mesomelas;Centaurea scabiosa;12/8/2005;12;8;2005;P046;Biesmeijer;1515;1515;1400-1600;14.8
-0.003028;42.77886;Bombus mesomelas;Centaurea scabiosa;12/8/2005;12;8;2005;P046;Biesmeijer;1515;1515;1400-1600;14.8
-0.003028;42.77886;Bombus mesomelas;Centaurea scabiosa;12/8/2005;12;8;2005;P046;Biesmeijer;1515;1515;1400-1600;14.8
-0.003028;42.77886;Bombus mesomelas;Centaurea scabiosa;12/8/2005;12;8;2005;P047;Biesmeijer;1515;1515;1400-1600;14.8
-0.003028;42.77886;Bombus soroeensis;Centaurea scabiosa;12/8/2005;12;8;2005;P047;Biesmeijer;1515;1515;1400-1600;14.8
-0.002917;42.77903;Bombus lapidarius;Centaurea scabiosa;12/8/2005;12;8;2005;P048;Biesmeijer;1515;1515;1400-1600;14.8
-0.002917;42.77903;Bombus sichelii;Centaurea scabiosa;12/8/2005;12;8;2005;P048;Biesmeijer;1515;1515;1400-1600;14.8
-0.002917;42.77903;Bombus lapidarius;Centaurea scabiosa;12/8/2005;12;8;2005;P048;Biesmeijer;1515;1515;1400-1600;14.8
-0.001667;42.77569;Bombus humilis;Origanum vulgare;10/8/2005;10;8;2005;P041;Biesmeijer;1535;1535;1400-1600;14.7
-0.001222;42.77628;Bombus humilis;Origanum vulgare;10/8/2005;10;8;2005;P039;Biesmeijer;1536;1536;1400-1600;14.7
-0.001222;42.77628;Bombus ruderarius;Origanum vulgare;10/8/2005;10;8;2005;P040;Biesmeijer;1536;1536;1400-1600;14.7
-0.001222;42.77628;Bombus humilis;Origanum vulgare;10/8/2005;10;8;2005;P040;Biesmeijer;1536;1536;1400-1600;14.7
-0.001222;42.77628;Bombus ruderarius;Origanum vulgare;10/8/2005;10;8;2005;P040;Biesmeijer;1536;1536;1400-1600;14.7
-0.001222;42.77628;Bombus mesomelas;Origanum vulgare;10/8/2005;10;8;2005;P040;Biesmeijer;1536;1536;1400-1600;14.7
-0.001222;42.77628;Bombus sichelii;Origanum vulgare;10/8/2005;10;8;2005;P040;Biesmeijer;1536;1536;1400-1600;14.7
-0.001222;42.77628;Bombus soroeensis;Origanum vulgare;10/8/2005;10;8;2005;P040;Biesmeijer;1536;1536;1400-1600;14.7
-0.001222;42.77628;Bombus pascuorum;Origanum vulgare;10/8/2005;10;8;2005;P040;Biesmeijer;1536;1536;1400-1600;14.7
-0.001222;42.77628;Bombus soroeensis;Origanum vulgare;10/8/2005;10;8;2005;P040;Biesmeijer;1536;1536;1400-1600;14.7
-0.001222;42.77628;Bombus mesomelas;Origanum vulgare;10/8/2005;10;8;2005;P040;Biesmeijer;1536;1536;1400-1600;14.7
0.001444;42.77242;Bombus quadricolor;Cirsium vulgare;22/8/2005;22;8;2005;P166;Biesmeijer;1176;1176;1000-1200;16.2
0.001444;42.77242;Bombus quadricolor;Cirsium vulgare;22/8/2005;22;8;2005;P166;Biesmeijer;1176;1176;1000-1200;16.2
0.001444;42.77242;Bombus quadricolor;Cirsium vulgare;22/8/2005;22;8;2005;P166;Biesmeijer;1176;1176;1000-1200;16.2
0.001444;42.77242;Bombus quadricolor;Cirsium vulgare;22/8/2005;22;8;2005;P166;Biesmeijer;1176;1176;1000-1200;16.2
0.001444;42.77242;Bombus quadricolor;Cirsium vulgare;22/8/2005;22;8;2005;P166;Biesmeijer;1176;1176;1000-1200;16.2
0.001444;42.77242;Bombus pascuorum;Cirsium vulgare;22/8/2005;22;8;2005;P166;Biesmeijer;1176;1176;1000-1200;16.2
0.001444;42.77242;Bombus soroeensis;Cirsium vulgare;22/8/2005;22;8;2005;P166;Biesmeijer;1176;1176;1000-1200;16.2
0.001444;42.77242;Bombus soroeensis;Cirsium vulgare;22/8/2005;22;8;2005;P166;Biesmeijer;1176;1176;1000-1200;16.2
0.001444;42.77242;Bombus mesomelas;Cirsium vulgare;22/8/2005;22;8;2005;P166;Biesmeijer;1176;1176;1000-1200;16.2
0.001444;42.77242;Bombus hortorum;Cirsium vulgare;22/8/2005;22;8;2005;P166;Biesmeijer;1176;1176;1000-1200;16.2
0.001444;42.77242;Bombus hortorum;Cirsium vulgare;22/8/2005;22;8;2005;P166;Biesmeijer;1176;1176;1000-1200;16.2
0.001444;42.77242;Bombus pascuorum;Cirsium vulgare;22/8/2005;22;8;2005;P166;Biesmeijer;1176;1176;1000-1200;16.2
0.001444;42.77242;Bombus soroeensis;Cirsium vulgare;22/8/2005;22;8;2005;P166;Biesmeijer;1176;1176;1000-1200;16.2
0.001444;42.77242;Bombus soroeensis;Cirsium vulgare;22/8/2005;22;8;2005;P166;Biesmeijer;1176;1176;1000-1200;16.2
0.002917;42.76103;Bombus soroeensis;Origanum vulgare;19/8/2005;19;8;2005;P145;Biesmeijer;1226;1226;1200-1400;16.1
0.003389;42.76978;Bombus pascuorum;Cirsium vulgare;22/8/2005;22;8;2005;P164;Biesmeijer;1176;1176;1000-1200;16.2
0.003389;42.76978;Bombus pascuorum;Cirsium vulgare;22/8/2005;22;8;2005;P164;Biesmeijer;1176;1176;1000-1200;16.2
0.003389;42.76978;Bombus pascuorum;Cirsium vulgare;22/8/2005;22;8;2005;P164;Biesmeijer;1176;1176;1000-1200;16.2
0.003583;42.77731;Bombus lapidarius;Cirsium eriophorum;20/8/2006;20;8;2006;P276;Biesmeijer;1520;1520;1400-1600;14.8
0.003583;42.77731;Bombus pascuorum;Cirsium eriophorum;20/8/2006;20;8;2006;P276;Biesmeijer;1520;1520;1400-1600;14.8
0.003583;42.77731;Bombus humilis;Cirsium eriophorum;20/8/2006;20;8;2006;P276;Biesmeijer;1520;1520;1400-1600;14.8
0.003583;42.77731;Bombus soroeensis;Centaurea nigra;20/8/2006;20;8;2006;P277;Biesmeijer;1520;1520;1400-1600;14.8
0.003583;42.77731;Bombus soroeensis;Centaurea nigra;20/8/2006;20;8;2006;P277;Biesmeijer;1520;1520;1400-1600;14.8
0.00375;42.77714;Bombus soroeensis;Cirsium eriophorum;20/8/2006;20;8;2006;P273;Biesmeijer;1519;1519;1400-1600;14.8
0.00375;42.77714;Bombus sichelii;Cirsium eriophorum;20/8/2006;20;8;2006;P273;Biesmeijer;1519;1519;1400-1600;14.8
0.0045;42.77764;Bombus humilis;Centaurea scabiosa;20/8/2006;20;8;2006;P281;Biesmeijer;1510;1510;1400-1600;14.9
0.0045;42.77764;Bombus quadricolor;Centaurea scabiosa;20/8/2006;20;8;2006;P281;Biesmeijer;1510;1510;1400-1600;14.9
0.0045;42.77764;Bombus soroeensis;Centaurea nigra;20/8/2006;20;8;2006;P282;Biesmeijer;1510;1510;1400-1600;14.9
0.0045;42.77764;Bombus soroeensis;Centaurea nigra;20/8/2006;20;8;2006;P282;Biesmeijer;1510;1510;1400-1600;14.9
0.0045;42.77764;Bombus soroeensis;Centaurea nigra;20/8/2006;20;8;2006;P283;Biesmeijer;1510;1510;1400-1600;14.9
0.0045;42.77764;Bombus soroeensis;Centaurea nigra;20/8/2006;20;8;2006;P283;Biesmeijer;1510;1510;1400-1600;14.9
0.0045;42.77764;Bombus pascuorum;Centaurea nigra;20/8/2006;20;8;2006;P284;Biesmeijer;1510;1510;1400-1600;14.9
0.0045;42.77764;Bombus soroeensis;Centaurea nigra;20/8/2006;20;8;2006;P284;Biesmeijer;1510;1510;1400-1600;14.9
0.0045;42.77764;Bombus humilis;Centaurea nigra;20/8/2006;20;8;2006;P284;Biesmeijer;1510;1510;1400-1600;14.9
0.0045;42.77764;Bombus quadricolor;Centaurea nigra;20/8/2006;20;8;2006;P284;Biesmeijer;1510;1510;1400-1600;14.9
0.004972;42.76519;Bombus pascuorum;Verbena officinalis;19/8/2005;19;8;2005;P143;Biesmeijer;1198;1198;1000-1200;16.1
0.004972;42.76519;Bombus quadricolor;Crepis sp.;19/8/2005;19;8;2005;P144x;Biesmeijer;1198;1198;1000-1200;16.1
0.004972;42.76519;Bombus soroeensis;Crepis sp.;19/8/2005;19;8;2005;P144x;Biesmeijer;1198;1198;1000-1200;16.1
0.00525;42.76331;Bombus soroeensis;Achillea millefolium;22/8/2006;22;8;2006;P310;Biesmeijer;1642;1642;1600-1800;14.3
0.00525;42.76331;Bombus lapidarius;Succisa pratensis;22/8/2006;22;8;2006;P313;Biesmeijer;1642;1642;1600-1800;14.3
0.005278;42.76528;Bombus soroeensis;Crepis sp.;19/8/2005;19;8;2005;P142;Biesmeijer;1194;1194;1000-1200;16.1
0.005278;42.76528;Bombus soroeensis;Crepis sp.;19/8/2005;19;8;2005;P142;Biesmeijer;1194;1194;1000-1200;16.1
0.005278;42.77817;Bombus soroeensis;Centaurea scabiosa;20/8/2006;20;8;2006;P280;Biesmeijer;1498;1498;1400-1600;14.9
0.005306;42.76539;Bombus lapidarius;Crepis sp.;19/8/2005;19;8;2005;P141;Biesmeijer;1194;1194;1000-1200;16.1
0.005611;42.76731;Bombus quadricolor;Cirsium vulgare;22/8/2005;22;8;2005;P165;Biesmeijer;1179;1179;1000-1200;16.2
0.005611;42.76731;Bombus quadricolor;Cirsium vulgare;22/8/2005;22;8;2005;P165;Biesmeijer;1179;1179;1000-1200;16.2
0.005611;42.76731;Bombus quadricolor;Cirsium vulgare;22/8/2005;22;8;2005;P165;Biesmeijer;1179;1179;1000-1200;16.2
0.005611;42.76731;Bombus quadricolor;Cirsium vulgare;22/8/2005;22;8;2005;P165;Biesmeijer;1179;1179;1000-1200;16.2
0.005611;42.76731;Bombus quadricolor;Cirsium vulgare;22/8/2005;22;8;2005;P165;Biesmeijer;1179;1179;1000-1200;16.2
0.005611;42.76731;Bombus quadricolor;Cirsium vulgare;22/8/2005;22;8;2005;P165;Biesmeijer;1179;1179;1000-1200;16.2
0.005611;42.76731;Bombus soroeensis;Cirsium vulgare;22/8/2005;22;8;2005;P165;Biesmeijer;1179;1179;1000-1200;16.2
0.005611;42.76731;Bombus hortorum;Cirsium vulgare;22/8/2005;22;8;2005;P165;Biesmeijer;1179;1179;1000-1200;16.2
0.005611;42.76731;Bombus soroeensis;Cirsium vulgare;22/8/2005;22;8;2005;P165;Biesmeijer;1179;1179;1000-1200;16.2
0.005611;42.76731;Bombus quadricolor;Cirsium vulgare;22/8/2005;22;8;2005;P165;Biesmeijer;1179;1179;1000-1200;16.2
0.005611;42.76731;Bombus quadricolor;Cirsium vulgare;22/8/2005;22;8;2005;P165;Biesmeijer;1179;1179;1000-1200;16.2
0.005611;42.76731;Bombus humilis;Cirsium vulgare;22/8/2005;22;8;2005;P165;Biesmeijer;1179;1179;1000-1200;16.2
0.005889;42.76739;Bombus pascuorum;Rubus fruticosus;22/8/2005;22;8;2005;P163;Biesmeijer;1180;1180;1000-1200;16.2
0.005889;42.76739;Bombus pascuorum;Rubus fruticosus;22/8/2005;22;8;2005;P163;Biesmeijer;1180;1180;1000-1200;16.2
0.005889;42.76739;Bombus pascuorum;Rubus fruticosus;22/8/2005;22;8;2005;P163;Biesmeijer;1180;1180;1000-1200;16.2
0.006528;42.76425;Bombus quadricolor;Picris hieracioides;21/8/2006;21;8;2006;P303;Biesmeijer;1120;1120;1000-1200;16.4
0.006528;42.76425;Bombus pascuorum;Picris hieracioides;21/8/2006;21;8;2006;P303;Biesmeijer;1120;1120;1000-1200;16.4
0.00675;42.76614;Bombus pascuorum;Origanum vulgare;21/8/2006;21;8;2006;P305;Biesmeijer;1180;1180;1000-1200;16.2
0.00675;42.76614;Bombus soroeensis;Origanum vulgare;21/8/2006;21;8;2006;P305;Biesmeijer;1180;1180;1000-1200;16.2
0.00675;42.76614;Bombus pascuorum;Origanum vulgare;21/8/2006;21;8;2006;P305;Biesmeijer;1180;1180;1000-1200;16.2
0.00675;42.76614;Bombus humilis;Origanum vulgare;21/8/2006;21;8;2006;P305;Biesmeijer;1180;1180;1000-1200;16.2
0.00675;42.76614;Bombus quadricolor;Origanum vulgare;21/8/2006;21;8;2006;P305;Biesmeijer;1180;1180;1000-1200;16.2
0.006806;42.76597;Bombus quadricolor;Asteracaea senecio?;21/8/2006;21;8;2006;P306;Biesmeijer;1185;1185;1000-1200;16.2
0.006806;42.76597;Bombus humilis;Asteracaea senecio?;21/8/2006;21;8;2006;P306;Biesmeijer;1185;1185;1000-1200;16.2
0.008111;42.81653;Bombus soroeensis;Origanum vulgare;24/8/2005;24;8;2005;P189;Biesmeijer;1000;1000;1000-1200;17.5
0.008139;42.81644;Bombus humilis;Echium vulgare;24/8/2005;24;8;2005;P190;Biesmeijer;1000;1000;1000-1200;17.5
0.008139;42.81644;Bombus humilis;Echium vulgare;24/8/2005;24;8;2005;P190;Biesmeijer;1000;1000;1000-1200;17.5
0.008139;42.81644;Bombus humilis;Echium vulgare;24/8/2005;24;8;2005;P190;Biesmeijer;1000;1000;1000-1200;17.5
0.008139;42.81644;Bombus soroeensis;Echium vulgare;24/8/2005;24;8;2005;P190;Biesmeijer;1000;1000;1000-1200;17.5
0.008139;42.81644;Bombus soroeensis;Echium vulgare;24/8/2005;24;8;2005;P190;Biesmeijer;1000;1000;1000-1200;17.5
0.008139;42.81644;Bombus quadricolor;Echium vulgare;24/8/2005;24;8;2005;P190;Biesmeijer;1000;1000;1000-1200;17.5
0.008139;42.81644;Bombus pascuorum;Echium vulgare;24/8/2005;24;8;2005;P190;Biesmeijer;1000;1000;1000-1200;17.5
0.008139;42.81644;Bombus soroeensis;Echium vulgare;24/8/2005;24;8;2005;P190;Biesmeijer;1000;1000;1000-1200;17.5
0.008139;42.81644;Bombus humilis;Echium vulgare;24/8/2005;24;8;2005;P190;Biesmeijer;1000;1000;1000-1200;17.5
0.008139;42.81644;Bombus soroeensis;Echium vulgare;24/8/2005;24;8;2005;P190;Biesmeijer;1000;1000;1000-1200;17.5
0.008139;42.81644;Bombus soroeensis;Buddleia davidii;24/8/2005;24;8;2005;P191;Biesmeijer;1000;1000;1000-1200;17.5
0.008139;42.81644;Bombus pascuorum;Buddleia davidii;24/8/2005;24;8;2005;P191;Biesmeijer;1000;1000;1000-1200;17.5
0.008444;42.77203;Bombus pascuorum;Centaurea nigra;19/8/2005;19;8;2005;P137x;Biesmeijer;1150;1150;1000-1200;16.3
0.008581;42.77129;Bombus pascuorum;Picris hieracioides;31/8/2006;31;8;2006;P455;Biesmeijer;1193;1193;1000-1200;16.1
0.008581;42.77129;Bombus pascuorum;buddleia ;31/8/2006;31;8;2006;P457;Biesmeijer;1193;1193;1000-1200;16.1
0.008639;42.77214;Bombus pascuorum;Centaurea nigra;19/8/2005;19;8;2005;P132;Biesmeijer;1144;1144;1000-1200;16.3
0.008639;42.77214;Bombus soroeensis;Centaurea nigra;19/8/2005;19;8;2005;P132;Biesmeijer;1144;1144;1000-1200;16.3
0.008639;42.77214;Bombus humilis;Centaurea nigra;19/8/2005;19;8;2005;P132;Biesmeijer;1144;1144;1000-1200;16.3
0.008639;42.77214;Bombus soroeensis;Cirsium vulgare;19/8/2005;19;8;2005;P133;Biesmeijer;1144;1144;1000-1200;16.3
0.009056;42.77206;Bombus pascuorum;Centaurea nigra;19/8/2005;19;8;2005;P140;Biesmeijer;1155;1155;1000-1200;16.3
0.009056;42.77206;Bombus soroeensis;Centaurea nigra;19/8/2005;19;8;2005;P140;Biesmeijer;1155;1155;1000-1200;16.3
0.014139;42.791;Bombus pascuorum;Cirsium vulgare;22/8/2005;22;8;2005;P148x;Biesmeijer;1123;1123;1000-1200;16.6
0.014556;42.79078;Bombus hortorum;Galeopsis ladanum;22/8/2005;22;8;2005;P151;Biesmeijer;1116;1116;1000-1200;16.6
0.014556;42.79078;Bombus hortorum;Galeopsis ladanum;22/8/2005;22;8;2005;P151;Biesmeijer;1116;1116;1000-1200;16.6
0.014556;42.79078;Bombus hortorum;Galeopsis ladanum;22/8/2005;22;8;2005;P151x;Biesmeijer;1116;1116;1000-1200;16.6
0.014556;42.79078;Bombus hortorum;Galeopsis ladanum;22/8/2005;22;8;2005;P151x;Biesmeijer;1116;1116;1000-1200;16.6
0.014556;42.79078;Bombus terrestris complex;Galeopsis ladanum;22/8/2005;22;8;2005;P151x;Biesmeijer;1116;1116;1000-1200;16.6
0.014583;42.79061;Bombus soroeensis;Cirsium vulgare;22/8/2005;22;8;2005;P153x;Biesmeijer;1110;1110;1000-1200;16.7
0.014806;42.78897;Bombus soroeensis;Cirsium monspessulanum;18/8/2006;18;8;2006;P249;Biesmeijer;1172;1172;1000-1200;16.4
0.015972;42.78942;Bombus hortorum;Galeopsis ladanum;19/8/2006;19;8;2006;P266;Biesmeijer;1123;1123;1000-1200;16.6
0.016111;42.78786;Bombus soroeensis;Satureja montana;19/8/2006;19;8;2006;P260;Biesmeijer;1144;1144;1000-1200;16.5
0.016111;42.78786;Bombus pascuorum;Satureja montana;19/8/2006;19;8;2006;P261;Biesmeijer;1144;1144;1000-1200;16.5
0.016111;42.78786;Bombus soroeensis;Satureja montana;19/8/2006;19;8;2006;P261;Biesmeijer;1144;1144;1000-1200;16.5
0.019111;42.78039;Bombus lapidarius;Cirsium monspessulanum;22/8/2005;22;8;2005;P156;Biesmeijer;1105;1105;1000-1200;16.6
0.019111;42.78039;Bombus quadricolor;Cirsium monspessulanum;22/8/2005;22;8;2005;P156;Biesmeijer;1105;1105;1000-1200;16.6
0.019111;42.78039;Bombus soroeensis;Cirsium monspessulanum;22/8/2005;22;8;2005;P156;Biesmeijer;1105;1105;1000-1200;16.6
0.019111;42.78039;Bombus pascuorum;Cirsium monspessulanum;22/8/2005;22;8;2005;P156;Biesmeijer;1105;1105;1000-1200;16.6
0.019111;42.78039;Bombus quadricolor;Cirsium monspessulanum;22/8/2005;22;8;2005;P157;Biesmeijer;1105;1105;1000-1200;16.6
0.019111;42.78039;Bombus quadricolor;Cirsium monspessulanum;22/8/2005;22;8;2005;P157;Biesmeijer;1105;1105;1000-1200;16.6
0.019111;42.78039;Bombus quadricolor;Cirsium monspessulanum;22/8/2005;22;8;2005;P157;Biesmeijer;1105;1105;1000-1200;16.6
0.019778;42.78156;Bombus quadricolor;Centaurea nigra;22/8/2005;22;8;2005;P161;Biesmeijer;1113;1113;1000-1200;16.6
0.019778;42.78156;Bombus quadricolor;Centaurea nigra;22/8/2005;22;8;2005;P161;Biesmeijer;1113;1113;1000-1200;16.6
0.019778;42.78156;Bombus lapidarius;Centaurea nigra;22/8/2005;22;8;2005;P161;Biesmeijer;1113;1113;1000-1200;16.6
0.019778;42.78156;Bombus pascuorum;Centaurea nigra;22/8/2005;22;8;2005;P161;Biesmeijer;1113;1113;1000-1200;16.6
0.019778;42.78156;Bombus soroeensis;Centaurea nigra;22/8/2005;22;8;2005;P161;Biesmeijer;1113;1113;1000-1200;16.6
0.019778;42.78156;Bombus quadricolor;Centaurea nigra;22/8/2005;22;8;2005;P161;Biesmeijer;1113;1113;1000-1200;16.6
0.019778;42.78156;Bombus soroeensis;Centaurea nigra;22/8/2005;22;8;2005;P161;Biesmeijer;1113;1113;1000-1200;16.6
0.019778;42.78156;Bombus quadricolor;Centaurea nigra;22/8/2005;22;8;2005;P161;Biesmeijer;1113;1113;1000-1200;16.6
0.019778;42.78156;Bombus pascuorum;Centaurea nigra;22/8/2005;22;8;2005;P162;Biesmeijer;1113;1113;1000-1200;16.6
0.019778;42.78156;Bombus soroeensis;Centaurea nigra;22/8/2005;22;8;2005;P162;Biesmeijer;1113;1113;1000-1200;16.6
0.019778;42.78156;Bombus soroeensis;Centaurea nigra;22/8/2005;22;8;2005;P162;Biesmeijer;1113;1113;1000-1200;16.6
0.019778;42.78156;Bombus pascuorum;Centaurea nigra;22/8/2005;22;8;2005;P162;Biesmeijer;1113;1113;1000-1200;16.6
0.019778;42.78156;Bombus quadricolor;Centaurea nigra;22/8/2005;22;8;2005;P162;Biesmeijer;1113;1113;1000-1200;16.6
0.019778;42.78156;Bombus quadricolor;Centaurea nigra;22/8/2005;22;8;2005;P162;Biesmeijer;1113;1113;1000-1200;16.6
0.020528;42.77903;Bombus pascuorum;Centaurea nigra;21/8/2006;21;8;2006;P300;Biesmeijer;1109;1109;1000-1200;16.6
0.020528;42.77903;Bombus quadricolor;Centaurea nigra;21/8/2006;21;8;2006;P300;Biesmeijer;1109;1109;1000-1200;16.6
0.020528;42.77903;Bombus soroeensis;Centaurea nigra;21/8/2006;21;8;2006;P300;Biesmeijer;1109;1109;1000-1200;16.6
0.020528;42.77903;Bombus quadricolor;Cirsium monspessulanum;21/8/2006;21;8;2006;P302;Biesmeijer;1109;1109;1000-1200;16.6
0.043694;42.77161;Bombus quadricolor;Eupatorium cannabinum;16/8/2005;16;8;2005;P124;Biesmeijer;1271;1271;1200-1400;15.8
0.043694;42.77161;Bombus terrestris complex;Eupatorium cannabinum;16/8/2005;16;8;2005;P124;Biesmeijer;1271;1271;1200-1400;15.8
0.044222;42.77128;Bombus terrestris complex;Hypericum perforatum;16/8/2005;16;8;2005;P128;Biesmeijer;1244;1244;1200-1400;15.9
0.044222;42.77128;Bombus soroeensis;Hypericum perforatum;16/8/2005;16;8;2005;P128;Biesmeijer;1244;1244;1200-1400;15.9
0.051639;42.75303;Bombus pascuorum;Centaurea nigra;16/8/2005;16;8;2005;P113;Biesmeijer;1616;1616;1600-1800;14.1
0.051639;42.75303;Bombus mesomelas;Centaurea nigra;16/8/2005;16;8;2005;P113x;Biesmeijer;1616;1616;1600-1800;14.1
0.051667;42.753;Bombus wurflenii;Centaurea nigra;16/8/2005;16;8;2005;P116;Biesmeijer;1619;1619;1600-1800;14.1
0.051667;42.753;Bombus humilis;Centaurea nigra;16/8/2005;16;8;2005;P116;Biesmeijer;1619;1619;1600-1800;14.1
0.051667;42.753;Bombus soroeensis;Centaurea nigra;16/8/2005;16;8;2005;P116;Biesmeijer;1619;1619;1600-1800;14.1
0.051667;42.753;Bombus mesomelas;Centaurea nigra;16/8/2005;16;8;2005;P116;Biesmeijer;1619;1619;1600-1800;14.1
0.051667;42.75308;Bombus mesomelas;Succisa pratensis;16/8/2005;16;8;2005;P109;Biesmeijer;1625;1625;1600-1800;14
0.051667;42.75308;Bombus terrestris complex;Succisa pratensis;16/8/2005;16;8;2005;P109;Biesmeijer;1625;1625;1600-1800;14
0.051667;42.75308;Bombus soroeensis;Succisa pratensis;16/8/2005;16;8;2005;P109;Biesmeijer;1625;1625;1600-1800;14
0.051667;42.75308;Bombus soroeensis;Succisa pratensis;16/8/2005;16;8;2005;P110;Biesmeijer;1625;1625;1600-1800;14
0.053639;42.75314;Bombus lapidarius;Centaurea nigra;16/8/2005;16;8;2005;P119;Biesmeijer;1594;1594;1400-1600;14.2
0.053639;42.75314;Bombus pascuorum;Centaurea nigra;16/8/2005;16;8;2005;P119;Biesmeijer;1594;1594;1400-1600;14.2
0.053639;42.75314;Bombus soroeensis;Centaurea nigra;16/8/2005;16;8;2005;P119;Biesmeijer;1594;1594;1400-1600;14.2
0.053639;42.75314;Bombus soroeensis;Centaurea nigra;16/8/2005;16;8;2005;P119;Biesmeijer;1594;1594;1400-1600;14.2
0.053639;42.75314;Bombus mesomelas;Centaurea nigra;16/8/2005;16;8;2005;P119;Biesmeijer;1594;1594;1400-1600;14.2
0.053639;42.75331;Bombus lapidarius;Centaurea nigra;16/8/2005;16;8;2005;P120;Biesmeijer;1594;1594;1400-1600;14.2
0.053639;42.75331;Bombus mesomelas;Centaurea nigra;16/8/2005;16;8;2005;P120;Biesmeijer;1594;1594;1400-1600;14.2
0.053639;42.75331;Bombus soroeensis;Centaurea nigra;16/8/2005;16;8;2005;P120;Biesmeijer;1594;1594;1400-1600;14.2
0.053639;42.75331;Bombus soroeensis;Centaurea nigra;16/8/2005;16;8;2005;P120;Biesmeijer;1594;1594;1400-1600;14.2
0.053639;42.75331;Bombus sichelii;Centaurea nigra;16/8/2005;16;8;2005;P120;Biesmeijer;1594;1594;1400-1600;14.2
0.053639;42.75331;Bombus soroeensis;Centaurea nigra;16/8/2005;16;8;2005;P120;Biesmeijer;1594;1594;1400-1600;14.2
0.053639;42.75331;Bombus lapidarius;Centaurea nigra;16/8/2005;16;8;2005;P120;Biesmeijer;1594;1594;1400-1600;14.2
0.053639;42.75331;Bombus lapidarius;Centaurea nigra;16/8/2005;16;8;2005;P120x;Biesmeijer;1594;1594;1400-1600;14.2
0.053889;42.753;Bombus sichelii;Calluna vulgaris;16/8/2005;16;8;2005;P121;Biesmeijer;1594;1594;1400-1600;14.2
0.053889;42.753;Bombus terrestris complex;Calluna vulgaris;16/8/2005;16;8;2005;P121;Biesmeijer;1594;1594;1400-1600;14.2
0.053889;42.753;Bombus soroeensis;Calluna vulgaris;16/8/2005;16;8;2005;P121;Biesmeijer;1594;1594;1400-1600;14.2
0.055167;42.75939;Bombus humilis;Centaurea nigra;21/8/2006;21;8;2006;P286;Biesmeijer;1363;1363;1200-1400;15.2
0.055167;42.75939;Bombus pascuorum;Scabiosa columbaria;21/8/2006;21;8;2006;P287;Biesmeijer;1363;1363;1200-1400;15.2
0.055167;42.75939;Bombus pascuorum;Scabiosa columbaria;21/8/2006;21;8;2006;P287;Biesmeijer;1363;1363;1200-1400;15.2
0.055444;42.75964;Bombus lapidarius;Centaurea nigra;21/8/2006;21;8;2006;P288;Biesmeijer;1363;1363;1200-1400;15.2
0.055444;42.75964;Bombus hortorum;Centaurea nigra;21/8/2006;21;8;2006;P288;Biesmeijer;1363;1363;1200-1400;15.2
0.055444;42.75964;Bombus lapidarius;Centaurea nigra;21/8/2006;21;8;2006;P288;Biesmeijer;1363;1363;1200-1400;15.2
0.055444;42.75964;Bombus soroeensis;Centaurea nigra;21/8/2006;21;8;2006;P288;Biesmeijer;1363;1363;1200-1400;15.2
0.055444;42.75964;Bombus soroeensis;Scabiosa columbaria;21/8/2006;21;8;2006;P291;Biesmeijer;1363;1363;1200-1400;15.2
0.055444;42.75964;Bombus soroeensis;Scabiosa columbaria;21/8/2006;21;8;2006;P291;Biesmeijer;1363;1363;1200-1400;15.2
0.056694;42.75925;Bombus pascuorum;Scabiosa columbaria;16/8/2005;16;8;2005;P123;Biesmeijer;1363;1363;1200-1400;15.1
0.056694;42.75925;Bombus pascuorum;Scabiosa columbaria;16/8/2005;16;8;2005;P131;Biesmeijer;1363;1363;1200-1400;15.1
0.056694;42.75925;Bombus quadricolor;Scabiosa columbaria;16/8/2005;16;8;2005;P131;Biesmeijer;1363;1363;1200-1400;15.1
0.056694;42.75925;Bombus quadricolor;Scabiosa columbaria;16/8/2005;16;8;2005;P131x;Biesmeijer;1363;1363;1200-1400;15.1
0.077806;42.75381;Bombus wurflenii;Centaurea scabiosa;14/8/2005;14;8;2005;P101;Biesmeijer;1491;1491;1400-1600;14.7
0.077806;42.75381;Bombus wurflenii;Centaurea scabiosa;14/8/2005;14;8;2005;P101;Biesmeijer;1491;1491;1400-1600;14.7
0.077806;42.75381;Bombus mesomelas;Centaurea scabiosa;14/8/2005;14;8;2005;P102;Biesmeijer;1491;1491;1400-1600;14.7
0.077806;42.75381;Bombus mesomelas;Centaurea scabiosa;14/8/2005;14;8;2005;P102;Biesmeijer;1491;1491;1400-1600;14.7
0.077806;42.75381;Bombus lapidarius;Centaurea scabiosa;14/8/2005;14;8;2005;P102;Biesmeijer;1491;1491;1400-1600;14.7
0.077806;42.75381;Bombus soroeensis;Centaurea scabiosa;14/8/2005;14;8;2005;P102;Biesmeijer;1491;1491;1400-1600;14.7
0.078194;42.75364;Bombus mesomelas;Centaurea scabiosa;14/8/2005;14;8;2005;P090;Biesmeijer;1491;1491;1400-1600;14.7
0.078194;42.75364;Bombus soroeensis;Centaurea scabiosa;14/8/2005;14;8;2005;P090;Biesmeijer;1491;1491;1400-1600;14.7
0.078194;42.75364;Bombus mesomelas;Centaurea scabiosa;14/8/2005;14;8;2005;P090;Biesmeijer;1491;1491;1400-1600;14.7
0.078194;42.75364;Bombus mesomelas;Centaurea scabiosa;14/8/2005;14;8;2005;P090;Biesmeijer;1491;1491;1400-1600;14.7
0.078333;42.75361;Bombus mesomelas;Succisa pratensis;14/8/2005;14;8;2005;P086;Biesmeijer;1495;1495;1400-1600;14.7
0.078333;42.75361;Bombus pascuorum;Succisa pratensis;14/8/2005;14;8;2005;P104;Biesmeijer;1495;1495;1400-1600;14.7
0.078333;42.75361;Bombus pascuorum;Succisa pratensis;14/8/2005;14;8;2005;P104;Biesmeijer;1495;1495;1400-1600;14.7
0.078389;42.75364;Bombus wurflenii;Succisa pratensis;14/8/2005;14;8;2005;P085;Biesmeijer;1495;1495;1400-1600;14.7
0.078389;42.75364;Bombus ruderarius;Succisa pratensis;14/8/2005;14;8;2005;P085;Biesmeijer;1495;1495;1400-1600;14.7
0.078389;42.75364;Bombus soroeensis;Succisa pratensis;14/8/2005;14;8;2005;P103;Biesmeijer;1495;1495;1400-1600;14.7
0.078972;42.75356;Bombus terrestris complex;Seseli libanotis;14/8/2005;14;8;2005;P091;Biesmeijer;1498;1498;1400-1600;14.7
0.080028;42.75297;Bombus wurflenii;Centaurea scabiosa;14/8/2005;14;8;2005;P095;Biesmeijer;1491;1491;1400-1600;14.7
0.080028;42.75297;Bombus wurflenii;Centaurea scabiosa;14/8/2005;14;8;2005;P095;Biesmeijer;1491;1491;1400-1600;14.7
0.080028;42.75297;Bombus pascuorum;Centaurea scabiosa;14/8/2005;14;8;2005;P095;Biesmeijer;1491;1491;1400-1600;14.7
0.080028;42.75297;Bombus humilis;Centaurea scabiosa;14/8/2005;14;8;2005;P095;Biesmeijer;1491;1491;1400-1600;14.7
0.080028;42.75297;Bombus humilis;Centaurea scabiosa;14/8/2005;14;8;2005;P095;Biesmeijer;1491;1491;1400-1600;14.7
0.080028;42.75297;Bombus mesomelas;Centaurea scabiosa;14/8/2005;14;8;2005;P095;Biesmeijer;1491;1491;1400-1600;14.7
0.080028;42.75297;Bombus soroeensis;Centaurea scabiosa;14/8/2005;14;8;2005;P095;Biesmeijer;1491;1491;1400-1600;14.7
0.080028;42.75297;Bombus humilis;Centaurea scabiosa;14/8/2005;14;8;2005;P095;Biesmeijer;1491;1491;1400-1600;14.7
0.080028;42.75297;Bombus wurflenii;Centaurea scabiosa;14/8/2005;14;8;2005;P095;Biesmeijer;1491;1491;1400-1600;14.7
0.080028;42.75297;Bombus mesomelas;Centaurea scabiosa;14/8/2005;14;8;2005;P095;Biesmeijer;1491;1491;1400-1600;14.7
0.080167;42.75344;Bombus sichelii;Angelica sylvestris;14/8/2005;14;8;2005;P096;Biesmeijer;1493;1493;1400-1600;14.7
0.080167;42.75344;Bombus humilis;Centaurea scabiosa;14/8/2005;14;8;2005;P097;Biesmeijer;1493;1493;1400-1600;14.7
0.080167;42.75344;Bombus soroeensis;Centaurea scabiosa;14/8/2005;14;8;2005;P097;Biesmeijer;1493;1493;1400-1600;14.7
0.080167;42.75344;Bombus mesomelas;Centaurea scabiosa;14/8/2005;14;8;2005;P097;Biesmeijer;1493;1493;1400-1600;14.7
0.080167;42.75344;Bombus mesomelas;Centaurea scabiosa;14/8/2005;14;8;2005;P097;Biesmeijer;1493;1493;1400-1600;14.7
0.080167;42.75344;Bombus soroeensis;Centaurea scabiosa;14/8/2005;14;8;2005;P097;Biesmeijer;1493;1493;1400-1600;14.7
0.080167;42.75344;Bombus soroeensis;Centaurea scabiosa;14/8/2005;14;8;2005;P097;Biesmeijer;1493;1493;1400-1600;14.7
0.080167;42.75344;Bombus soroeensis;Centaurea scabiosa;14/8/2005;14;8;2005;P097;Biesmeijer;1493;1493;1400-1600;14.7
0.080167;42.75344;Bombus mesomelas;Centaurea scabiosa;14/8/2005;14;8;2005;P097;Biesmeijer;1493;1493;1400-1600;14.7
0.080167;42.75344;Bombus mesomelas;Centaurea scabiosa;14/8/2005;14;8;2005;P097;Biesmeijer;1493;1493;1400-1600;14.7
0.080167;42.75344;Bombus mesomelas;Centaurea scabiosa;14/8/2005;14;8;2005;P097;Biesmeijer;1493;1493;1400-1600;14.7
0.080167;42.75344;Bombus soroeensis;Mentha longifolia;14/8/2005;14;8;2005;P098;Biesmeijer;1493;1493;1400-1600;14.7
0.080167;42.75344;Bombus sichelii;Mentha longifolia;14/8/2005;14;8;2005;P099;Biesmeijer;1493;1493;1400-1600;14.7
0.080167;42.75344;Bombus terrestris complex;Angelica sylvestris;14/8/2005;14;8;2005;P100;Biesmeijer;1493;1493;1400-1600;14.7
0.081333;42.75178;Bombus mesomelas;Centaurea scabiosa;21/8/2006;21;8;2006;P294;Biesmeijer;1460;1460;1400-1600;14.9
0.081333;42.75178;Bombus soroeensis;Succisa pratensis;21/8/2006;21;8;2006;P297;Biesmeijer;1460;1460;1400-1600;14.9
0.081333;42.75178;Bombus soroeensis;Succisa pratensis;21/8/2006;21;8;2006;P297;Biesmeijer;1460;1460;1400-1600;14.9
0.081333;42.75178;Bombus soroeensis;Angelica sylvestris;21/8/2006;21;8;2006;P298;Biesmeijer;1460;1460;1400-1600;14.9
0.081333;42.75178;Bombus sichelii;Centaurea scabiosa;21/8/2006;21;8;2006;P299;Biesmeijer;1460;1460;1400-1600;14.9
0.083694;42.73847;Bombus wurflenii;Aconitum sp.;25/8/2005;25;8;2005;P194;Biesmeijer;1840;1840;1800-2000;13
0.084222;42.73733;Bombus wurflenii;Aconitum sp.;25/8/2005;25;8;2005;P193;Biesmeijer;1859;1859;1800-2000;12.9
0.085111;42.73881;Bombus wurflenii;Aconitum sp.;25/8/2005;25;8;2005;P197;Biesmeijer;1839;1839;1800-2000;13
0.085278;42.73775;Bombus soroeensis;Carduus carlinoides;25/8/2005;25;8;2005;P195;Biesmeijer;1830;1830;1800-2000;13.1
0.085278;42.73775;Bombus soroeensis;Carduus carlinoides;25/8/2005;25;8;2005;P195;Biesmeijer;1830;1830;1800-2000;13.1
0.085278;42.73775;Bombus soroeensis;Carduus carlinoides;25/8/2005;25;8;2005;P195;Biesmeijer;1830;1830;1800-2000;13.1
0.085278;42.73775;Bombus mesomelas;Carduus carlinoides;25/8/2005;25;8;2005;P195;Biesmeijer;1830;1830;1800-2000;13.1
0.085278;42.73775;Bombus mesomelas;Carduus carlinoides;25/8/2005;25;8;2005;P196;Biesmeijer;1830;1830;1800-2000;13.1
0.085278;42.73775;Bombus mesomelas;Carduus carlinoides;25/8/2005;25;8;2005;P196;Biesmeijer;1830;1830;1800-2000;13.1
0.085278;42.73775;Bombus mesomelas;Carduus carlinoides;25/8/2005;25;8;2005;P196;Biesmeijer;1830;1830;1800-2000;13.1
0.086592;42.73641;Bombus gerstaeckeri;Aconitum sp.;27/8/2006;27;8;2006;P362;Biesmeijer;2150;2150;2000-2200;11.7
0.086592;42.73641;Bombus mesomelas;Aconitum sp.;27/8/2006;27;8;2006;P362;Biesmeijer;2150;2150;2000-2200;11.7
0.086592;42.73641;Bombus gerstaeckeri;Aconitum sp.;27/8/2006;27;8;2006;P362;Biesmeijer;2150;2150;2000-2200;11.7
0.086592;42.73641;Bombus mesomelas;Aconitum sp.;27/8/2006;27;8;2006;P362;Biesmeijer;2150;2150;2000-2200;11.7
0.086592;42.73641;Bombus mesomelas;Aconitum sp.;27/8/2006;27;8;2006;P362;Biesmeijer;2150;2150;2000-2200;11.7
0.086592;42.73641;Bombus mesomelas;Aconitum sp.;27/8/2006;27;8;2006;P363;Biesmeijer;2150;2150;2000-2200;11.7
0.086592;42.73641;Bombus mesomelas;Carduus defloratus;27/8/2006;27;8;2006;P367;Biesmeijer;1843;1843;1800-2000;13
0.086592;42.73641;Bombus mesomelas;Carduus defloratus;27/8/2006;27;8;2006;P367;Biesmeijer;1843;1843;1800-2000;13
0.086592;42.73641;Bombus soroeensis;Carduus defloratus;27/8/2006;27;8;2006;P367;Biesmeijer;1843;1843;1800-2000;13
0.086592;42.73641;Bombus mesomelas;Carduus defloratus;27/8/2006;27;8;2006;P367;Biesmeijer;1843;1843;1800-2000;13
0.086592;42.73641;Bombus ruderarius;Carduus defloratus;27/8/2006;27;8;2006;P368;Biesmeijer;1843;1843;1800-2000;13
0.086592;42.73641;Bombus mesomelas;Carduus defloratus;27/8/2006;27;8;2006;P368;Biesmeijer;1843;1843;1800-2000;13
0.086592;42.73641;Bombus mesomelas;Carduus defloratus;27/8/2006;27;8;2006;P368;Biesmeijer;1843;1843;1800-2000;13
0.086592;42.73641;Bombus wurflenii;Aconitum sp.;27/8/2006;27;8;2006;P369;Biesmeijer;1843;1843;1800-2000;13
0.086592;42.73641;Bombus mesomelas;Aconitum sp.;27/8/2006;27;8;2006;P369;Biesmeijer;1843;1843;1800-2000;13
0.086592;42.73641;Bombus mesomelas;Aconitum sp.;27/8/2006;27;8;2006;P369;Biesmeijer;1843;1843;1800-2000;13
0.086592;42.73641;Bombus mesomelas;Aconitum sp.;27/8/2006;27;8;2006;P369;Biesmeijer;1843;1843;1800-2000;13
0.086592;42.73641;Bombus lapidarius;Carduus defloratus;27/8/2006;27;8;2006;P370;Biesmeijer;1843;1843;1800-2000;13
0.086592;42.73641;Bombus mesomelas;Carduus defloratus;27/8/2006;27;8;2006;P370;Biesmeijer;1843;1843;1800-2000;13
0.086592;42.73641;Bombus sichelii;Carduus defloratus;27/8/2006;27;8;2006;P371;Biesmeijer;1843;1843;1800-2000;13
0.086592;42.73641;Bombus mesomelas;Carduus defloratus;27/8/2006;27;8;2006;P372;Biesmeijer;1843;1843;1800-2000;13
0.086592;42.73641;Bombus soroeensis;Carduus defloratus;27/8/2006;27;8;2006;P372;Biesmeijer;1843;1843;1800-2000;13
0.086592;42.73641;Bombus mesomelas;Carduus defloratus;27/8/2006;27;8;2006;P372;Biesmeijer;1843;1843;1800-2000;13
0.086592;42.73641;Bombus lapidarius;Carduus defloratus;27/8/2006;27;8;2006;P372;Biesmeijer;1843;1843;1800-2000;13
0.086592;42.73641;Bombus soroeensis;Carduus defloratus;27/8/2006;27;8;2006;P372;Biesmeijer;1843;1843;1800-2000;13
0.086592;42.73641;Bombus wurflenii;Aconitum sp.;27/8/2006;27;8;2006;P373;Biesmeijer;1843;1843;1800-2000;13
0.086592;42.73641;Bombus mesomelas;Aconitum sp.;27/8/2006;27;8;2006;P373;Biesmeijer;1843;1843;1800-2000;13
0.086592;42.73641;Bombus wurflenii;Aconitum sp.;27/8/2006;27;8;2006;P374;Biesmeijer;1843;1843;1800-2000;13
0.086592;42.73641;Bombus mesomelas;Carduus defloratus;27/8/2006;27;8;2006;P375;Biesmeijer;1843;1843;1800-2000;13
0.086592;42.73641;Bombus mesomelas;Carduus defloratus;27/8/2006;27;8;2006;P375;Biesmeijer;1843;1843;1800-2000;13
0.086592;42.73641;Bombus soroeensis;Carduus defloratus;27/8/2006;27;8;2006;P375;Biesmeijer;1843;1843;1800-2000;13
0.086592;42.73641;Bombus soroeensis;Carduus defloratus;27/8/2006;27;8;2006;P375;Biesmeijer;1843;1843;1800-2000;13
0.086592;42.73641;Bombus mesomelas;Carduus defloratus;27/8/2006;27;8;2006;P376;Biesmeijer;1843;1843;1800-2000;13
0.086592;42.73641;Bombus mesomelas;Cirsium eriophorum;27/8/2006;27;8;2006;P377;Biesmeijer;1843;1843;1800-2000;13
0.086592;42.73641;Bombus mesomelas;Cirsium eriophorum;27/8/2006;27;8;2006;P377;Biesmeijer;1843;1843;1800-2000;13
0.086592;42.73641;Bombus mesomelas;Cirsium eriophorum;27/8/2006;27;8;2006;P377;Biesmeijer;1843;1843;1800-2000;13
0.086592;42.73641;Bombus mesomelas;Cirsium eriophorum;27/8/2006;27;8;2006;P378;Biesmeijer;1843;1843;1800-2000;13
0.086592;42.73641;Bombus mesomelas;Cirsium eriophorum;27/8/2006;27;8;2006;P378;Biesmeijer;1843;1843;1800-2000;13
0.088083;42.74286;Bombus mesomelas;Onopordum ;24/8/2005;24;8;2005;P200;Biesmeijer;1743;1743;1600-1800;13.5
0.088083;42.74286;Bombus mesomelas;Onopordum ;24/8/2005;24;8;2005;P200;Biesmeijer;1743;1743;1600-1800;13.5
0.088083;42.74286;Bombus mesomelas;Onopordum ;24/8/2005;24;8;2005;P200;Biesmeijer;1743;1743;1600-1800;13.5
0.088083;42.74286;Bombus mesomelas;Onopordum ;24/8/2005;24;8;2005;P200;Biesmeijer;1743;1743;1600-1800;13.5
0.088083;42.74286;Bombus mesomelas;Onopordum ;24/8/2005;24;8;2005;P200;Biesmeijer;1743;1743;1600-1800;13.5
0.088444;42.74281;Bombus mesomelas;Onopordum ;24/8/2005;24;8;2005;P201;Biesmeijer;1743;1743;1600-1800;13.5
0.088444;42.74281;Bombus mesomelas;Onopordum ;24/8/2005;24;8;2005;P201;Biesmeijer;1743;1743;1600-1800;13.5
0.088444;42.74281;Bombus mesomelas;Onopordum ;24/8/2005;24;8;2005;P201;Biesmeijer;1743;1743;1600-1800;13.5
0.088444;42.74281;Bombus mesomelas;Onopordum ;24/8/2005;24;8;2005;P201;Biesmeijer;1743;1743;1600-1800;13.5
0.088444;42.74281;Bombus mesomelas;Onopordum ;24/8/2005;24;8;2005;P201;Biesmeijer;1743;1743;1600-1800;13.5
0.088444;42.74281;Bombus mesomelas;Onopordum ;24/8/2005;24;8;2005;P201;Biesmeijer;1743;1743;1600-1800;13.5
0.088672;42.74284;Bombus mesomelas;Cirsium eriophorum;27/8/2006;27;8;2006;P380;Biesmeijer;1747;1747;1600-1800;13.5
0.088672;42.74284;Bombus mesomelas;Cirsium eriophorum;27/8/2006;27;8;2006;P380;Biesmeijer;1747;1747;1600-1800;13.5
0.088672;42.74284;Bombus mesomelas;Cirsium eriophorum;27/8/2006;27;8;2006;P381;Biesmeijer;1747;1747;1600-1800;13.5
0.088672;42.74284;Bombus lapidarius;Cirsium eriophorum;27/8/2006;27;8;2006;P381;Biesmeijer;1747;1747;1600-1800;13.5
0.088672;42.74284;Bombus mesomelas;Cirsium eriophorum;27/8/2006;27;8;2006;P382;Biesmeijer;1747;1747;1600-1800;13.5
0.088672;42.74284;Bombus mesomelas;Cirsium eriophorum;27/8/2006;27;8;2006;P382;Biesmeijer;1747;1747;1600-1800;13.5
0.088672;42.74284;Bombus mesomelas;Cirsium eriophorum;27/8/2006;27;8;2006;P383;Biesmeijer;1747;1747;1600-1800;13.5
0.088672;42.74284;Bombus mesomelas;Cirsium eriophorum;27/8/2006;27;8;2006;P383;Biesmeijer;1747;1747;1600-1800;13.5
0.088672;42.74284;Bombus mesomelas;Cirsium eriophorum;27/8/2006;27;8;2006;P383;Biesmeijer;1747;1747;1600-1800;13.5
0.088672;42.74284;Bombus mesomelas;Cirsium eriophorum;27/8/2006;27;8;2006;P383;Biesmeijer;1747;1747;1600-1800;13.5
0.092814;42.74274;Bombus mesomelas;Cirsium eriophorum;27/8/2006;27;8;2006;P384;Biesmeijer;1625;1625;1600-1800;13.9
0.092814;42.74274;Bombus mesomelas;Cirsium eriophorum;27/8/2006;27;8;2006;P384;Biesmeijer;1625;1625;1600-1800;13.9
0.092814;42.74274;Bombus mesomelas;Cirsium eriophorum;27/8/2006;27;8;2006;P384;Biesmeijer;1625;1625;1600-1800;13.9
0.092814;42.74274;Bombus mesomelas;Cirsium eriophorum;27/8/2006;27;8;2006;P384;Biesmeijer;1625;1625;1600-1800;13.9
0.092814;42.74274;Bombus soroeensis;Cirsium eriophorum;27/8/2006;27;8;2006;P384;Biesmeijer;1625;1625;1600-1800;13.9
0.092814;42.74274;Bombus mesomelas;Cirsium eriophorum;27/8/2006;27;8;2006;P385;Biesmeijer;1625;1625;1600-1800;13.9
0.092814;42.74274;Bombus mesomelas;Cirsium eriophorum;27/8/2006;27;8;2006;P385;Biesmeijer;1625;1625;1600-1800;13.9
0.092814;42.74274;Bombus mesomelas;Cirsium eriophorum;27/8/2006;27;8;2006;P387;Biesmeijer;1625;1625;1600-1800;13.9
0.092814;42.74274;Bombus mesomelas;Cirsium eriophorum;27/8/2006;27;8;2006;P387;Biesmeijer;1625;1625;1600-1800;13.9
0.117694;42.723;Bombus sichelii;Aconitum sp.;27/8/2006;27;8;2006;P356;Biesmeijer;2150;2150;2000-2200;11.2
0.117694;42.723;Bombus wurflenii;Aconitum sp.;27/8/2006;27;8;2006;P356;Biesmeijer;2150;2150;2000-2200;11.2
0.117694;42.723;Bombus gerstaeckeri;Aconitum sp.;27/8/2006;27;8;2006;P356;Biesmeijer;2150;2150;2000-2200;11.2
0.117694;42.723;Bombus gerstaeckeri;Aconitum sp.;27/8/2006;27;8;2006;P356;Biesmeijer;2150;2150;2000-2200;11.2
0.117694;42.723;Bombus wurflenii;Aconitum sp.;27/8/2006;27;8;2006;P357;Biesmeijer;2150;2150;2000-2200;11.2
0.117694;42.723;Bombus wurflenii;Aconitum sp.;27/8/2006;27;8;2006;P357;Biesmeijer;2150;2150;2000-2200;11.2
0.117694;42.723;Bombus mesomelas;Aconitum sp.;27/8/2006;27;8;2006;P357;Biesmeijer;2150;2150;2000-2200;11.2
0.117694;42.723;Bombus wurflenii;Aconitum sp.;27/8/2006;27;8;2006;P358;Biesmeijer;2150;2150;2000-2200;11.2
0.117694;42.723;Bombus wurflenii;Aconitum sp.;27/8/2006;27;8;2006;P358;Biesmeijer;2150;2150;2000-2200;11.2
0.117694;42.723;Bombus sichelii;Aconitum sp.;27/8/2006;27;8;2006;P358;Biesmeijer;2150;2150;2000-2200;11.2
0.117694;42.723;Bombus gerstaeckeri;Aconitum sp.;27/8/2006;27;8;2006;P359;Biesmeijer;2150;2150;2000-2200;11.2
0.117694;42.723;Bombus mesomelas;Aconitum sp.;27/8/2006;27;8;2006;P359;Biesmeijer;2150;2150;2000-2200;11.2
0.117694;42.723;Bombus wurflenii;Aconitum sp.;27/8/2006;27;8;2006;P359;Biesmeijer;2150;2150;2000-2200;11.2
0.117694;42.723;Bombus mesomelas;Aconitum sp.;27/8/2006;27;8;2006;P359;Biesmeijer;2150;2150;2000-2200;11.2
0.117694;42.723;Bombus gerstaeckeri;Aconitum sp.;27/8/2006;27;8;2006;P359;Biesmeijer;2150;2150;2000-2200;11.2
0.117694;42.723;Bombus mesomelas;Cirsium eriophorum;27/8/2006;27;8;2006;P360;Biesmeijer;2150;2150;2000-2200;11.2
0.117694;42.723;Bombus mesomelas;Cirsium eriophorum;27/8/2006;27;8;2006;P360;Biesmeijer;2150;2150;2000-2200;11.2
0.117694;42.723;Bombus mesomelas;Cirsium eriophorum;27/8/2006;27;8;2006;P360;Biesmeijer;2150;2150;2000-2200;11.2
0.117694;42.723;Bombus soroeensis;Cirsium eriophorum;27/8/2006;27;8;2006;P360;Biesmeijer;2150;2150;2000-2200;11.2
0.117694;42.723;Bombus mesomelas;Cirsium eriophorum;27/8/2006;27;8;2006;P360;Biesmeijer;2150;2150;2000-2200;11.2
0.117694;42.723;Bombus ruderarius;Cirsium eriophorum;27/8/2006;27;8;2006;P360;Biesmeijer;2150;2150;2000-2200;11.2
0.117694;42.723;Bombus gerstaeckeri;Aconitum sp.;27/8/2006;27;8;2006;P361;Biesmeijer;2150;2150;2000-2200;11.2
0.117694;42.723;Bombus wurflenii;Aconitum sp.;27/8/2006;27;8;2006;P361;Biesmeijer;2150;2150;2000-2200;11.2
0.117694;42.723;Bombus mesomelas;Aconitum sp.;27/8/2006;27;8;2006;P361;Biesmeijer;2150;2150;2000-2200;11.2
0.117694;42.723;Bombus wurflenii;Aconitum sp.;27/8/2006;27;8;2006;P361;Biesmeijer;2150;2150;2000-2200;11.2
