Genus;Subgenus;Species;Subspecies;Country;Province;Locality;Latitude;Longitude;Coordinate.precision;Year;Month;Day;Start.date;End.date;Collector;Determined.by;Female;Male;Worker;Not.specified;Reference.doi;Flowers.visited;Local_ID;Authors.to.give.credit;Any.other.additional.data;Notes.and.queries;uid
Amegilla;NA;albigena;NA;Spain;Valencia;Carcaixent;NA;NA;NA;NA;NA;NA;NA;NA;NA;NA;2;0;0;NA;10.1080/00379271.2020.1847191;melon;NA;Sara Rodrigo Gómez, Concepción Ornosa, Jaime García Gila, Javier Blasco-Aróstegui, Jesús Selfa, Miguel Guara & Carlo Polidori;;;62_Rodrigo_1
Apis;NA;melifera;NA;Spain;Valencia;Carcaixent;NA;NA;NA;NA;NA;NA;NA;NA;NA;NA;68;0;0;NA;10.1080/00379271.2020.1847191;melon;NA;Sara Rodrigo Gómez, Concepción Ornosa, Jaime García Gila, Javier Blasco-Aróstegui, Jesús Selfa, Miguel Guara & Carlo Polidori;;;62_Rodrigo_2
Ceratina;NA;cucurbitina;NA;Spain;Valencia;Carcaixent;NA;NA;NA;NA;NA;NA;NA;NA;NA;NA;19;0;0;NA;10.1080/00379271.2020.1847191;melon;NA;Sara Rodrigo Gómez, Concepción Ornosa, Jaime García Gila, Javier Blasco-Aróstegui, Jesús Selfa, Miguel Guara & Carlo Polidori;;;62_Rodrigo_3
Ceratina;NA;cyanea;NA;Spain;Valencia;Carcaixent;NA;NA;NA;NA;NA;NA;NA;NA;NA;NA;15;0;0;NA;10.1080/00379271.2020.1847191;melon;NA;Sara Rodrigo Gómez, Concepción Ornosa, Jaime García Gila, Javier Blasco-Aróstegui, Jesús Selfa, Miguel Guara & Carlo Polidori;;;62_Rodrigo_4
Ceratina;NA;dallatorreana;NA;Spain;Valencia;Carcaixent;NA;NA;NA;NA;NA;NA;NA;NA;NA;NA;21;0;0;NA;10.1080/00379271.2020.1847191;melon;NA;Sara Rodrigo Gómez, Concepción Ornosa, Jaime García Gila, Javier Blasco-Aróstegui, Jesús Selfa, Miguel Guara & Carlo Polidori;;;62_Rodrigo_5
Ceratina;NA;parvula;NA;Spain;Valencia;Carcaixent;NA;NA;NA;NA;NA;NA;NA;NA;NA;NA;28;0;0;NA;10.1080/00379271.2020.1847191;melon;NA;Sara Rodrigo Gómez, Concepción Ornosa, Jaime García Gila, Javier Blasco-Aróstegui, Jesús Selfa, Miguel Guara & Carlo Polidori;;;62_Rodrigo_6
Epeolus;NA;fallax;NA;Spain;Valencia;Carcaixent;NA;NA;NA;NA;NA;NA;NA;NA;NA;NA;1;0;0;NA;10.1080/00379271.2020.1847191;melon;NA;Sara Rodrigo Gómez, Concepción Ornosa, Jaime García Gila, Javier Blasco-Aróstegui, Jesús Selfa, Miguel Guara & Carlo Polidori;;;62_Rodrigo_7
Epeolus;NA;variegatus;NA;Spain;Valencia;Carcaixent;NA;NA;NA;NA;NA;NA;NA;NA;NA;NA;2;0;0;NA;10.1080/00379271.2020.1847191;melon;NA;Sara Rodrigo Gómez, Concepción Ornosa, Jaime García Gila, Javier Blasco-Aróstegui, Jesús Selfa, Miguel Guara & Carlo Polidori;;;62_Rodrigo_8
Halictus;NA;scabiosae;NA;Spain;Valencia;Carcaixent;NA;NA;NA;NA;NA;NA;NA;NA;NA;NA;11;0;0;NA;10.1080/00379271.2020.1847191;melon;NA;Sara Rodrigo Gómez, Concepción Ornosa, Jaime García Gila, Javier Blasco-Aróstegui, Jesús Selfa, Miguel Guara & Carlo Polidori;;;62_Rodrigo_9
Halictus;NA;sexcinctus;NA;Spain;Valencia;Carcaixent;NA;NA;NA;NA;NA;NA;NA;NA;NA;NA;3;0;0;NA;10.1080/00379271.2020.1847191;melon;NA;Sara Rodrigo Gómez, Concepción Ornosa, Jaime García Gila, Javier Blasco-Aróstegui, Jesús Selfa, Miguel Guara & Carlo Polidori;;;62_Rodrigo_10
Seladonia;NA;smaragdula;NA;Spain;Valencia;Carcaixent;NA;NA;NA;NA;NA;NA;NA;NA;NA;NA;2;0;0;NA;10.1080/00379271.2020.1847191;melon;NA;Sara Rodrigo Gómez, Concepción Ornosa, Jaime García Gila, Javier Blasco-Aróstegui, Jesús Selfa, Miguel Guara & Carlo Polidori;;;62_Rodrigo_11
Seladonia ;NA;subaurata;NA;Spain;Valencia;Carcaixent;NA;NA;NA;NA;NA;NA;NA;NA;NA;NA;1;0;0;NA;10.1080/00379271.2020.1847191;melon;NA;Sara Rodrigo Gómez, Concepción Ornosa, Jaime García Gila, Javier Blasco-Aróstegui, Jesús Selfa, Miguel Guara & Carlo Polidori;;;62_Rodrigo_12
Lasioglossum;NA;albocinctum;NA;Spain;Valencia;Carcaixent;NA;NA;NA;NA;NA;NA;NA;NA;NA;NA;1;0;0;NA;10.1080/00379271.2020.1847191;melon;NA;Sara Rodrigo Gómez, Concepción Ornosa, Jaime García Gila, Javier Blasco-Aróstegui, Jesús Selfa, Miguel Guara & Carlo Polidori;;;62_Rodrigo_13
Lasioglossum;NA;elegans;NA;Spain;Valencia;Carcaixent;NA;NA;NA;NA;NA;NA;NA;NA;NA;NA;2;0;0;NA;10.1080/00379271.2020.1847191;melon;NA;Sara Rodrigo Gómez, Concepción Ornosa, Jaime García Gila, Javier Blasco-Aróstegui, Jesús Selfa, Miguel Guara & Carlo Polidori;;;62_Rodrigo_14
Lasioglossum;NA;lativentre;NA;Spain;Valencia;Carcaixent;NA;NA;NA;NA;NA;NA;NA;NA;NA;NA;2;0;0;NA;10.1080/00379271.2020.1847191;melon;NA;Sara Rodrigo Gómez, Concepción Ornosa, Jaime García Gila, Javier Blasco-Aróstegui, Jesús Selfa, Miguel Guara & Carlo Polidori;;;62_Rodrigo_15
Lasioglossum;NA;leucozonium;NA;Spain;Valencia;Carcaixent;NA;NA;NA;NA;NA;NA;NA;NA;NA;NA;21;0;0;NA;10.1080/00379271.2020.1847191;melon;NA;Sara Rodrigo Gómez, Concepción Ornosa, Jaime García Gila, Javier Blasco-Aróstegui, Jesús Selfa, Miguel Guara & Carlo Polidori;;;62_Rodrigo_16
Lasioglossum;NA;malachurum;NA;Spain;Valencia;Carcaixent;NA;NA;NA;NA;NA;NA;NA;NA;NA;NA;3;0;0;NA;10.1080/00379271.2020.1847191;melon;NA;Sara Rodrigo Gómez, Concepción Ornosa, Jaime García Gila, Javier Blasco-Aróstegui, Jesús Selfa, Miguel Guara & Carlo Polidori;;;62_Rodrigo_17
Lasioglossum;NA;marginatum;NA;Spain;Valencia;Carcaixent;NA;NA;NA;NA;NA;NA;NA;NA;NA;NA;3;0;0;NA;10.1080/00379271.2020.1847191;melon;NA;Sara Rodrigo Gómez, Concepción Ornosa, Jaime García Gila, Javier Blasco-Aróstegui, Jesús Selfa, Miguel Guara & Carlo Polidori;;;62_Rodrigo_18
Lasioglossum;NA;morio;NA;Spain;Valencia;Carcaixent;NA;NA;NA;NA;NA;NA;NA;NA;NA;NA;2;0;0;NA;10.1080/00379271.2020.1847191;melon;NA;Sara Rodrigo Gómez, Concepción Ornosa, Jaime García Gila, Javier Blasco-Aróstegui, Jesús Selfa, Miguel Guara & Carlo Polidori;;;62_Rodrigo_19
Lasioglossum;NA;punctatissimum;NA;Spain;Valencia;Carcaixent;NA;NA;NA;NA;NA;NA;NA;NA;NA;NA;7;0;0;NA;10.1080/00379271.2020.1847191;melon;NA;Sara Rodrigo Gómez, Concepción Ornosa, Jaime García Gila, Javier Blasco-Aróstegui, Jesús Selfa, Miguel Guara & Carlo Polidori;;;62_Rodrigo_20
Nomiapis;NA;bispinosa;NA;Spain;Valencia;Carcaixent;NA;NA;NA;NA;NA;NA;NA;NA;NA;NA;4;0;0;NA;10.1080/00379271.2020.1847191;melon;NA;Sara Rodrigo Gómez, Concepción Ornosa, Jaime García Gila, Javier Blasco-Aróstegui, Jesús Selfa, Miguel Guara & Carlo Polidori;;;62_Rodrigo_21
Nomiapis;NA;diversipes;NA;Spain;Valencia;Carcaixent;NA;NA;NA;NA;NA;NA;NA;NA;NA;NA;1;0;0;NA;10.1080/00379271.2020.1847191;melon;NA;Sara Rodrigo Gómez, Concepción Ornosa, Jaime García Gila, Javier Blasco-Aróstegui, Jesús Selfa, Miguel Guara & Carlo Polidori;;;62_Rodrigo_22
Sphecodes;NA;NA;NA;Spain;Valencia;Carcaixent;NA;NA;NA;NA;NA;NA;NA;NA;NA;NA;1;0;0;NA;10.1080/00379271.2020.1847191;melon;NA;Sara Rodrigo Gómez, Concepción Ornosa, Jaime García Gila, Javier Blasco-Aróstegui, Jesús Selfa, Miguel Guara & Carlo Polidori;;;62_Rodrigo_23
Anthidium ;NA;florentinum;NA;Spain;Valencia;Carcaixent;NA;NA;NA;NA;NA;NA;NA;NA;NA;NA;1;0;0;NA;10.1080/00379271.2020.1847191;melon;NA;Sara Rodrigo Gómez, Concepción Ornosa, Jaime García Gila, Javier Blasco-Aróstegui, Jesús Selfa, Miguel Guara & Carlo Polidori;;;62_Rodrigo_24
Coelioxys;NA;afra;NA;Spain;Valencia;Carcaixent;NA;NA;NA;NA;NA;NA;NA;NA;NA;NA;2;0;0;NA;10.1080/00379271.2020.1847191;melon;NA;Sara Rodrigo Gómez, Concepción Ornosa, Jaime García Gila, Javier Blasco-Aróstegui, Jesús Selfa, Miguel Guara & Carlo Polidori;;;62_Rodrigo_25
Coelioxys;NA;argentea;NA;Spain;Valencia;Carcaixent;NA;NA;NA;NA;NA;NA;NA;NA;NA;NA;1;0;0;NA;10.1080/00379271.2020.1847191;melon;NA;Sara Rodrigo Gómez, Concepción Ornosa, Jaime García Gila, Javier Blasco-Aróstegui, Jesús Selfa, Miguel Guara & Carlo Polidori;;;62_Rodrigo_26
Dioxys;NA;NA;NA;Spain;Valencia;Carcaixent;NA;NA;NA;NA;NA;NA;NA;NA;NA;NA;1;0;0;NA;10.1080/00379271.2020.1847191;melon;NA;Sara Rodrigo Gómez, Concepción Ornosa, Jaime García Gila, Javier Blasco-Aróstegui, Jesús Selfa, Miguel Guara & Carlo Polidori;;;62_Rodrigo_27
Heriades;NA;crenulata;NA;Spain;Valencia;Carcaixent;NA;NA;NA;NA;NA;NA;NA;NA;NA;NA;3;0;0;NA;10.1080/00379271.2020.1847191;melon;NA;Sara Rodrigo Gómez, Concepción Ornosa, Jaime García Gila, Javier Blasco-Aróstegui, Jesús Selfa, Miguel Guara & Carlo Polidori;;;62_Rodrigo_28
Megachile;NA;apicalis;NA;Spain;Valencia;Carcaixent;NA;NA;NA;NA;NA;NA;NA;NA;NA;NA;6;0;0;NA;10.1080/00379271.2020.1847191;melon;NA;Sara Rodrigo Gómez, Concepción Ornosa, Jaime García Gila, Javier Blasco-Aróstegui, Jesús Selfa, Miguel Guara & Carlo Polidori;;;62_Rodrigo_29
Megachile;NA;leachella;NA;Spain;Valencia;Carcaixent;NA;NA;NA;NA;NA;NA;NA;NA;NA;NA;4;0;0;NA;10.1080/00379271.2020.1847191;melon;NA;Sara Rodrigo Gómez, Concepción Ornosa, Jaime García Gila, Javier Blasco-Aróstegui, Jesús Selfa, Miguel Guara & Carlo Polidori;;;62_Rodrigo_30
Megachile;NA;centuncularis;NA;Spain;Valencia;Carcaixent;NA;NA;NA;NA;NA;NA;NA;NA;NA;NA;1;0;0;NA;10.1080/00379271.2020.1847191;melon;NA;Sara Rodrigo Gómez, Concepción Ornosa, Jaime García Gila, Javier Blasco-Aróstegui, Jesús Selfa, Miguel Guara & Carlo Polidori;;;62_Rodrigo_31
Megachile;NA;versicolor;NA;Spain;Valencia;Carcaixent;NA;NA;NA;NA;NA;NA;NA;NA;NA;NA;4;0;0;NA;10.1080/00379271.2020.1847191;melon;NA;Sara Rodrigo Gómez, Concepción Ornosa, Jaime García Gila, Javier Blasco-Aróstegui, Jesús Selfa, Miguel Guara & Carlo Polidori;;;62_Rodrigo_32
Osmia;NA;caerulescens;NA;Spain;Valencia;Carcaixent;NA;NA;NA;NA;NA;NA;NA;NA;NA;NA;1;0;0;NA;10.1080/00379271.2020.1847191;melon;NA;Sara Rodrigo Gómez, Concepción Ornosa, Jaime García Gila, Javier Blasco-Aróstegui, Jesús Selfa, Miguel Guara & Carlo Polidori;;;62_Rodrigo_33
Apis;NA;mellifera;NA;Spain;Ciudad Real;El Chaparrillo;NA;NA;NA;NA;NA;NA;NA;NA;NA;NA;79;0;0;NA;10.1080/00379271.2020.1847191;melon;NA;Sara Rodrigo Gómez, Concepción Ornosa, Jaime García Gila, Javier Blasco-Aróstegui, Jesús Selfa, Miguel Guara & Carlo Polidori;;;62_Rodrigo_34
Ceratina;NA;nigrolabiata;NA;Spain;Ciudad Real;El Chaparrillo;NA;NA;NA;NA;NA;NA;NA;NA;NA;NA;5;0;0;NA;10.1080/00379271.2020.1847191;melon;NA;Sara Rodrigo Gómez, Concepción Ornosa, Jaime García Gila, Javier Blasco-Aróstegui, Jesús Selfa, Miguel Guara & Carlo Polidori;;;62_Rodrigo_35
Ceratina;NA;saundersi;NA;Spain;Ciudad Real;El Chaparrillo;NA;NA;NA;NA;NA;NA;NA;NA;NA;NA;2;0;0;NA;10.1080/00379271.2020.1847191;melon;NA;Sara Rodrigo Gómez, Concepción Ornosa, Jaime García Gila, Javier Blasco-Aróstegui, Jesús Selfa, Miguel Guara & Carlo Polidori;;;62_Rodrigo_36
Nomada;NA;NA;NA;Spain;Ciudad Real;El Chaparrillo;NA;NA;NA;NA;NA;NA;NA;NA;NA;NA;0;1;0;NA;10.1080/00379271.2020.1847191;melon;NA;Sara Rodrigo Gómez, Concepción Ornosa, Jaime García Gila, Javier Blasco-Aróstegui, Jesús Selfa, Miguel Guara & Carlo Polidori;;;62_Rodrigo_37
Halictus;NA;fulvipes;NA;Spain;Ciudad Real;El Chaparrillo;NA;NA;NA;NA;NA;NA;NA;NA;NA;NA;10;0;0;NA;10.1080/00379271.2020.1847191;melon;NA;Sara Rodrigo Gómez, Concepción Ornosa, Jaime García Gila, Javier Blasco-Aróstegui, Jesús Selfa, Miguel Guara & Carlo Polidori;;;62_Rodrigo_38
Seladonia;NA;smaragdula;NA;Spain;Ciudad Real;El Chaparrillo;NA;NA;NA;NA;NA;NA;NA;NA;NA;NA;0;1;0;NA;10.1080/00379271.2020.1847191;melon;NA;Sara Rodrigo Gómez, Concepción Ornosa, Jaime García Gila, Javier Blasco-Aróstegui, Jesús Selfa, Miguel Guara & Carlo Polidori;;;62_Rodrigo_39
Vestitohalictus;NA;vestitus;NA;Spain;Ciudad Real;El Chaparrillo;NA;NA;NA;NA;NA;NA;NA;NA;NA;NA;2;0;0;NA;10.1080/00379271.2020.1847191;melon;NA;Sara Rodrigo Gómez, Concepción Ornosa, Jaime García Gila, Javier Blasco-Aróstegui, Jesús Selfa, Miguel Guara & Carlo Polidori;;;62_Rodrigo_40
Lasioglossum;NA;albocinctum;NA;Spain;Ciudad Real;El Chaparrillo;NA;NA;NA;NA;NA;NA;NA;NA;NA;NA;1;0;0;NA;10.1080/00379271.2020.1847191;melon;NA;Sara Rodrigo Gómez, Concepción Ornosa, Jaime García Gila, Javier Blasco-Aróstegui, Jesús Selfa, Miguel Guara & Carlo Polidori;;;62_Rodrigo_41
Lasioglossum;NA;callizonium;NA;Spain;Ciudad Real;El Chaparrillo;NA;NA;NA;NA;NA;NA;NA;NA;NA;NA;0;8;0;NA;10.1080/00379271.2020.1847191;melon;NA;Sara Rodrigo Gómez, Concepción Ornosa, Jaime García Gila, Javier Blasco-Aróstegui, Jesús Selfa, Miguel Guara & Carlo Polidori;;;62_Rodrigo_42
Lasioglossum;NA;discum;NA;Spain;Ciudad Real;El Chaparrillo;NA;NA;NA;NA;NA;NA;NA;NA;NA;NA;10;1;0;NA;10.1080/00379271.2020.1847191;melon;NA;Sara Rodrigo Gómez, Concepción Ornosa, Jaime García Gila, Javier Blasco-Aróstegui, Jesús Selfa, Miguel Guara & Carlo Polidori;;;62_Rodrigo_43
Lasioglossum;NA;leucozonium;NA;Spain;Ciudad Real;El Chaparrillo;NA;NA;NA;NA;NA;NA;NA;NA;NA;NA;0;7;0;NA;10.1080/00379271.2020.1847191;melon;NA;Sara Rodrigo Gómez, Concepción Ornosa, Jaime García Gila, Javier Blasco-Aróstegui, Jesús Selfa, Miguel Guara & Carlo Polidori;;;62_Rodrigo_44
Lasioglossum;NA;malachurum;NA;Spain;Ciudad Real;El Chaparrillo;NA;NA;NA;NA;NA;NA;NA;NA;NA;NA;104;27;0;NA;10.1080/00379271.2020.1847191;melon;NA;Sara Rodrigo Gómez, Concepción Ornosa, Jaime García Gila, Javier Blasco-Aróstegui, Jesús Selfa, Miguel Guara & Carlo Polidori;;;62_Rodrigo_45
Lasioglossum;NA;marginatum;NA;Spain;Ciudad Real;El Chaparrillo;NA;NA;NA;NA;NA;NA;NA;NA;NA;NA;0;1;0;NA;10.1080/00379271.2020.1847191;melon;NA;Sara Rodrigo Gómez, Concepción Ornosa, Jaime García Gila, Javier Blasco-Aróstegui, Jesús Selfa, Miguel Guara & Carlo Polidori;;;62_Rodrigo_46
Lasioglossum;NA;semilucens;NA;Spain;Ciudad Real;El Chaparrillo;NA;NA;NA;NA;NA;NA;NA;NA;NA;NA;8;0;0;NA;10.1080/00379271.2020.1847191;melon;NA;Sara Rodrigo Gómez, Concepción Ornosa, Jaime García Gila, Javier Blasco-Aróstegui, Jesús Selfa, Miguel Guara & Carlo Polidori;;;62_Rodrigo_47
Lasioglossum;NA;NA;NA;Spain;Ciudad Real;El Chaparrillo;NA;NA;NA;NA;NA;NA;NA;NA;NA;NA;1;0;0;NA;10.1080/00379271.2020.1847191;melon;NA;Sara Rodrigo Gómez, Concepción Ornosa, Jaime García Gila, Javier Blasco-Aróstegui, Jesús Selfa, Miguel Guara & Carlo Polidori;;;62_Rodrigo_48
Lasioglossum;NA;villosulum;NA;Spain;Ciudad Real;El Chaparrillo;NA;NA;NA;NA;NA;NA;NA;NA;NA;NA;1;3;0;NA;10.1080/00379271.2020.1847191;melon;NA;Sara Rodrigo Gómez, Concepción Ornosa, Jaime García Gila, Javier Blasco-Aróstegui, Jesús Selfa, Miguel Guara & Carlo Polidori;;;62_Rodrigo_49
Nomioides;NA;minutissimus;NA;Spain;Ciudad Real;El Chaparrillo;NA;NA;NA;NA;NA;NA;NA;NA;NA;NA;1;0;0;NA;10.1080/00379271.2020.1847191;melon;NA;Sara Rodrigo Gómez, Concepción Ornosa, Jaime García Gila, Javier Blasco-Aróstegui, Jesús Selfa, Miguel Guara & Carlo Polidori;;;62_Rodrigo_50
Megachile;NA;albohirta;NA;Spain;Ciudad Real;El Chaparrillo;NA;NA;NA;NA;NA;NA;NA;NA;NA;NA;0;2;0;NA;10.1080/00379271.2020.1847191;melon;NA;Sara Rodrigo Gómez, Concepción Ornosa, Jaime García Gila, Javier Blasco-Aróstegui, Jesús Selfa, Miguel Guara & Carlo Polidori;;;62_Rodrigo_51
Megachile;NA;leachella;NA;Spain;Ciudad Real;El Chaparrillo;NA;NA;NA;NA;NA;NA;NA;NA;NA;NA;0;1;0;NA;10.1080/00379271.2020.1847191;melon;NA;Sara Rodrigo Gómez, Concepción Ornosa, Jaime García Gila, Javier Blasco-Aróstegui, Jesús Selfa, Miguel Guara & Carlo Polidori;;;62_Rodrigo_52
Megachile;NA;apicalis;NA;Spain;Ciudad Real;El Chaparrillo;NA;NA;NA;NA;NA;NA;NA;NA;NA;NA;5;0;0;NA;10.1080/00379271.2020.1847191;melon;NA;Sara Rodrigo Gómez, Concepción Ornosa, Jaime García Gila, Javier Blasco-Aróstegui, Jesús Selfa, Miguel Guara & Carlo Polidori;;;62_Rodrigo_53
Andrena;NA;bicolor;NA;Spain;Toledo;Corral de Almaguer;NA;NA;NA;NA;NA;NA;NA;NA;NA;NA;NA;NA;0;NA;10.1080/00379271.2020.1847191;melon;NA;Sara Rodrigo Gómez, Concepción Ornosa, Jaime García Gila, Javier Blasco-Aróstegui, Jesús Selfa, Miguel Guara & Carlo Polidori;;;62_Rodrigo_54
Apis;NA;mellifera;NA;Spain;Toledo;Corral de Almaguer;NA;NA;NA;NA;NA;NA;NA;NA;NA;NA;NA;NA;NA;NA;10.1080/00379271.2020.1847191;melon;NA;Sara Rodrigo Gómez, Concepción Ornosa, Jaime García Gila, Javier Blasco-Aróstegui, Jesús Selfa, Miguel Guara & Carlo Polidori;;;62_Rodrigo_55
Ceratina ;NA;cucurbitina;NA;Spain;Toledo;Corral de Almaguer;NA;NA;NA;NA;NA;NA;NA;NA;NA;NA;NA;NA;0;NA;10.1080/00379271.2020.1847191;melon;NA;Sara Rodrigo Gómez, Concepción Ornosa, Jaime García Gila, Javier Blasco-Aróstegui, Jesús Selfa, Miguel Guara & Carlo Polidori;;;62_Rodrigo_56
Halictus;NA;scabiosae;NA;Spain;Toledo;Corral de Almaguer;NA;NA;NA;NA;NA;NA;NA;NA;NA;NA;NA;NA;NA;NA;10.1080/00379271.2020.1847191;melon;NA;Sara Rodrigo Gómez, Concepción Ornosa, Jaime García Gila, Javier Blasco-Aróstegui, Jesús Selfa, Miguel Guara & Carlo Polidori;;;62_Rodrigo_57
Lasioglossum;NA;malachurum;NA;Spain;Toledo;Corral de Almaguer;NA;NA;NA;NA;NA;NA;NA;NA;NA;NA;NA;NA;NA;NA;10.1080/00379271.2020.1847191;melon;NA;Sara Rodrigo Gómez, Concepción Ornosa, Jaime García Gila, Javier Blasco-Aróstegui, Jesús Selfa, Miguel Guara & Carlo Polidori;;;62_Rodrigo_58
Lasioglossum;NA;minutulum;NA;Spain;Toledo;Corral de Almaguer;NA;NA;NA;NA;NA;NA;NA;NA;NA;NA;NA;NA;0;NA;10.1080/00379271.2020.1847191;melon;NA;Sara Rodrigo Gómez, Concepción Ornosa, Jaime García Gila, Javier Blasco-Aróstegui, Jesús Selfa, Miguel Guara & Carlo Polidori;;;62_Rodrigo_59
Lasioglossum;NA;pygmaeum;NA;Spain;Toledo;Corral de Almaguer;NA;NA;NA;NA;NA;NA;NA;NA;NA;NA;NA;NA;NA;NA;10.1080/00379271.2020.1847191;melon;NA;Sara Rodrigo Gómez, Concepción Ornosa, Jaime García Gila, Javier Blasco-Aróstegui, Jesús Selfa, Miguel Guara & Carlo Polidori;;;62_Rodrigo_60
Andrena;NA;flavipes;NA;Spain;Madrid;La Poveda;NA;NA;NA;NA;NA;NA;NA;NA;NA;NA;NA;NA;0;NA;10.1080/00379271.2020.1847191;melon;NA;Sara Rodrigo Gómez, Concepción Ornosa, Jaime García Gila, Javier Blasco-Aróstegui, Jesús Selfa, Miguel Guara & Carlo Polidori;;;62_Rodrigo_61
Apis;NA;mellifera;NA;Spain;Madrid;La Poveda;NA;NA;NA;NA;NA;NA;NA;NA;NA;NA;NA;NA;NA;NA;10.1080/00379271.2020.1847191;melon;NA;Sara Rodrigo Gómez, Concepción Ornosa, Jaime García Gila, Javier Blasco-Aróstegui, Jesús Selfa, Miguel Guara & Carlo Polidori;;;62_Rodrigo_62
Ceratina;NA;chalcites;NA;Spain;Madrid;La Poveda;NA;NA;NA;NA;NA;NA;NA;NA;NA;NA;NA;NA;0;NA;10.1080/00379271.2020.1847191;melon;NA;Sara Rodrigo Gómez, Concepción Ornosa, Jaime García Gila, Javier Blasco-Aróstegui, Jesús Selfa, Miguel Guara & Carlo Polidori;;;62_Rodrigo_63
Ceratina;NA;cucurbitina;NA;Spain;Madrid;La Poveda;NA;NA;NA;NA;NA;NA;NA;NA;NA;NA;NA;NA;0;NA;10.1080/00379271.2020.1847191;melon;NA;Sara Rodrigo Gómez, Concepción Ornosa, Jaime García Gila, Javier Blasco-Aróstegui, Jesús Selfa, Miguel Guara & Carlo Polidori;;;62_Rodrigo_64
Halictus;NA;fulvipes;NA;Spain;Madrid;La Poveda;NA;NA;NA;NA;NA;NA;NA;NA;NA;NA;NA;NA;NA;NA;10.1080/00379271.2020.1847191;melon;NA;Sara Rodrigo Gómez, Concepción Ornosa, Jaime García Gila, Javier Blasco-Aróstegui, Jesús Selfa, Miguel Guara & Carlo Polidori;;;62_Rodrigo_65
Halictus;NA;maculatus;NA;Spain;Madrid;La Poveda;NA;NA;NA;NA;NA;NA;NA;NA;NA;NA;NA;NA;NA;NA;10.1080/00379271.2020.1847191;melon;NA;Sara Rodrigo Gómez, Concepción Ornosa, Jaime García Gila, Javier Blasco-Aróstegui, Jesús Selfa, Miguel Guara & Carlo Polidori;;;62_Rodrigo_66
Halictus;NA;rubicundus;NA;Spain;Madrid;La Poveda;NA;NA;NA;NA;NA;NA;NA;NA;NA;NA;NA;NA;NA;NA;10.1080/00379271.2020.1847191;melon;NA;Sara Rodrigo Gómez, Concepción Ornosa, Jaime García Gila, Javier Blasco-Aróstegui, Jesús Selfa, Miguel Guara & Carlo Polidori;;;62_Rodrigo_67
Halictus;NA;scabiosae;NA;Spain;Madrid;La Poveda;NA;NA;NA;NA;NA;NA;NA;NA;NA;NA;NA;NA;NA;NA;10.1080/00379271.2020.1847191;melon;NA;Sara Rodrigo Gómez, Concepción Ornosa, Jaime García Gila, Javier Blasco-Aróstegui, Jesús Selfa, Miguel Guara & Carlo Polidori;;;62_Rodrigo_68
Lasioglossum;NA;albocinctum;NA;Spain;Madrid;La Poveda;NA;NA;NA;NA;NA;NA;NA;NA;NA;NA;NA;NA;0;NA;10.1080/00379271.2020.1847191;melon;NA;Sara Rodrigo Gómez, Concepción Ornosa, Jaime García Gila, Javier Blasco-Aróstegui, Jesús Selfa, Miguel Guara & Carlo Polidori;;;62_Rodrigo_69
Lasioglossum;NA;malachurum;NA;Spain;Madrid;La Poveda;NA;NA;NA;NA;NA;NA;NA;NA;NA;NA;NA;NA;NA;NA;10.1080/00379271.2020.1847191;melon;NA;Sara Rodrigo Gómez, Concepción Ornosa, Jaime García Gila, Javier Blasco-Aróstegui, Jesús Selfa, Miguel Guara & Carlo Polidori;;;62_Rodrigo_70
Lasioglossum;NA;minutulum;NA;Spain;Madrid;La Poveda;NA;NA;NA;NA;NA;NA;NA;NA;NA;NA;NA;NA;0;NA;10.1080/00379271.2020.1847191;melon;NA;Sara Rodrigo Gómez, Concepción Ornosa, Jaime García Gila, Javier Blasco-Aróstegui, Jesús Selfa, Miguel Guara & Carlo Polidori;;;62_Rodrigo_71
Lasioglossum;NA;pygmaeum;NA;Spain;Madrid;La Poveda;NA;NA;NA;NA;NA;NA;NA;NA;NA;NA;NA;NA;NA;NA;10.1080/00379271.2020.1847191;melon;NA;Sara Rodrigo Gómez, Concepción Ornosa, Jaime García Gila, Javier Blasco-Aróstegui, Jesús Selfa, Miguel Guara & Carlo Polidori;;;62_Rodrigo_72
Anthidium ;NA;florentinum;NA;Spain;Madrid;La Poveda;NA;NA;NA;NA;NA;NA;NA;NA;NA;NA;NA;NA;0;NA;10.1080/00379271.2020.1847191;melon;NA;Sara Rodrigo Gómez, Concepción Ornosa, Jaime García Gila, Javier Blasco-Aróstegui, Jesús Selfa, Miguel Guara & Carlo Polidori;;;62_Rodrigo_73
Apis;NA;mellifera;NA;Spain;Ciudad Real;El Chaparrillo;NA;NA;NA;NA;NA;NA;NA;NA;NA;NA;4;0;0;NA;10.1080/00379271.2020.1847191;Watermelon;NA;Sara Rodrigo Gómez, Concepción Ornosa, Jaime García Gila, Javier Blasco-Aróstegui, Jesús Selfa, Miguel Guara & Carlo Polidori;;;62_Rodrigo_74
Seladonia;NA;smaragdula;NA;Spain;Ciudad Real;El Chaparrillo;NA;NA;NA;NA;NA;NA;NA;NA;NA;NA;1;0;0;NA;10.1080/00379271.2020.1847191;Watermelon;NA;Sara Rodrigo Gómez, Concepción Ornosa, Jaime García Gila, Javier Blasco-Aróstegui, Jesús Selfa, Miguel Guara & Carlo Polidori;;;62_Rodrigo_75
Vestitohalictus;NA;vestitus;NA;Spain;Ciudad Real;El Chaparrillo;NA;NA;NA;NA;NA;NA;NA;NA;NA;NA;1;0;0;NA;10.1080/00379271.2020.1847191;Watermelon;NA;Sara Rodrigo Gómez, Concepción Ornosa, Jaime García Gila, Javier Blasco-Aróstegui, Jesús Selfa, Miguel Guara & Carlo Polidori;;;62_Rodrigo_76
Lasioglossum;NA;albocinctum;NA;Spain;Ciudad Real;El Chaparrillo;NA;NA;NA;NA;NA;NA;NA;NA;NA;NA;1;0;0;NA;10.1080/00379271.2020.1847191;Watermelon;NA;Sara Rodrigo Gómez, Concepción Ornosa, Jaime García Gila, Javier Blasco-Aróstegui, Jesús Selfa, Miguel Guara & Carlo Polidori;;;62_Rodrigo_77
Lasioglossum;NA;intermedium;NA;Spain;Ciudad Real;El Chaparrillo;NA;NA;NA;NA;NA;NA;NA;NA;NA;NA;3;0;0;NA;10.1080/00379271.2020.1847191;Watermelon;NA;Sara Rodrigo Gómez, Concepción Ornosa, Jaime García Gila, Javier Blasco-Aróstegui, Jesús Selfa, Miguel Guara & Carlo Polidori;;;62_Rodrigo_78
Lasioglossum;NA;leucozonium;NA;Spain;Ciudad Real;El Chaparrillo;NA;NA;NA;NA;NA;NA;NA;NA;NA;NA;1;0;0;NA;10.1080/00379271.2020.1847191;Watermelon;NA;Sara Rodrigo Gómez, Concepción Ornosa, Jaime García Gila, Javier Blasco-Aróstegui, Jesús Selfa, Miguel Guara & Carlo Polidori;;;62_Rodrigo_79
Lasioglossum;NA;malachurum;NA;Spain;Ciudad Real;El Chaparrillo;NA;NA;NA;NA;NA;NA;NA;NA;NA;NA;2;0;0;NA;10.1080/00379271.2020.1847191;Watermelon;NA;Sara Rodrigo Gómez, Concepción Ornosa, Jaime García Gila, Javier Blasco-Aróstegui, Jesús Selfa, Miguel Guara & Carlo Polidori;;;62_Rodrigo_80
Lasioglossum;NA;pauperatum;NA;Spain;Ciudad Real;El Chaparrillo;NA;NA;NA;NA;NA;NA;NA;NA;NA;NA;1;2;0;NA;10.1080/00379271.2020.1847191;Watermelon;NA;Sara Rodrigo Gómez, Concepción Ornosa, Jaime García Gila, Javier Blasco-Aróstegui, Jesús Selfa, Miguel Guara & Carlo Polidori;;;62_Rodrigo_81
Lasioglossum;NA;politum;NA;Spain;Ciudad Real;El Chaparrillo;NA;NA;NA;NA;NA;NA;NA;NA;NA;NA;23;3;0;NA;10.1080/00379271.2020.1847191;Watermelon;NA;Sara Rodrigo Gómez, Concepción Ornosa, Jaime García Gila, Javier Blasco-Aróstegui, Jesús Selfa, Miguel Guara & Carlo Polidori;;;62_Rodrigo_82
Lasioglossum;NA;semilucens;NA;Spain;Ciudad Real;El Chaparrillo;NA;NA;NA;NA;NA;NA;NA;NA;NA;NA;37;2;0;NA;10.1080/00379271.2020.1847191;Watermelon;NA;Sara Rodrigo Gómez, Concepción Ornosa, Jaime García Gila, Javier Blasco-Aróstegui, Jesús Selfa, Miguel Guara & Carlo Polidori;;;62_Rodrigo_83
Nomioides;;facilis;NA;Spain;Ciudad Real;El Chaparrillo;NA;NA;NA;NA;NA;NA;NA;NA;NA;NA;0;1;0;NA;10.1080/00379271.2020.1847191;Watermelon;NA;Sara Rodrigo Gómez, Concepción Ornosa, Jaime García Gila, Javier Blasco-Aróstegui, Jesús Selfa, Miguel Guara & Carlo Polidori;;;62_Rodrigo_84
Nomioides;NA;minutissimus;NA;Spain;Ciudad Real;El Chaparrillo;NA;NA;NA;NA;NA;NA;NA;NA;NA;NA;0;1;0;NA;10.1080/00379271.2020.1847191;Watermelon;NA;Sara Rodrigo Gómez, Concepción Ornosa, Jaime García Gila, Javier Blasco-Aróstegui, Jesús Selfa, Miguel Guara & Carlo Polidori;;;62_Rodrigo_85
Megachile;NA;apicalis;NA;Spain;Ciudad Real;El Chaparrillo;NA;NA;NA;NA;NA;NA;NA;NA;NA;NA;1;0;0;NA;10.1080/00379271.2020.1847191;Watermelon;NA;Sara Rodrigo Gómez, Concepción Ornosa, Jaime García Gila, Javier Blasco-Aróstegui, Jesús Selfa, Miguel Guara & Carlo Polidori;;;62_Rodrigo_86
Megachile;NA;leachella;NA;Spain;Ciudad Real;El Chaparrillo;NA;NA;NA;NA;NA;NA;NA;NA;NA;NA;1;0;0;NA;10.1080/00379271.2020.1847191;Watermelon;NA;Sara Rodrigo Gómez, Concepción Ornosa, Jaime García Gila, Javier Blasco-Aróstegui, Jesús Selfa, Miguel Guara & Carlo Polidori;;;62_Rodrigo_87
Apis;NA;mellifera;NA;Spain;Albacete;Villarrobledo;NA;NA;NA;NA;NA;NA;NA;NA;NA;NA;66;0;0;NA;10.1080/00379271.2020.1847191;Watermelon;NA;Sara Rodrigo Gómez, Concepción Ornosa, Jaime García Gila, Javier Blasco-Aróstegui, Jesús Selfa, Miguel Guara & Carlo Polidori;;;62_Rodrigo_88
Ceratina;NA;saundersi;NA;Spain;Albacete;Villarrobledo;NA;NA;NA;NA;NA;NA;NA;NA;NA;NA;1;0;0;NA;10.1080/00379271.2020.1847191;Watermelon;NA;Sara Rodrigo Gómez, Concepción Ornosa, Jaime García Gila, Javier Blasco-Aróstegui, Jesús Selfa, Miguel Guara & Carlo Polidori;;;62_Rodrigo_89
Halictus;NA;fulvipes;NA;Spain;Albacete;Villarrobledo;NA;NA;NA;NA;NA;NA;NA;NA;NA;NA;1;0;0;NA;10.1080/00379271.2020.1847191;Watermelon;NA;Sara Rodrigo Gómez, Concepción Ornosa, Jaime García Gila, Javier Blasco-Aróstegui, Jesús Selfa, Miguel Guara & Carlo Polidori;;;62_Rodrigo_90
Lasioglossum;NA;albocinctum;NA;Spain;Albacete;Villarrobledo;NA;NA;NA;NA;NA;NA;NA;NA;NA;NA;1;0;0;NA;10.1080/00379271.2020.1847191;Watermelon;NA;Sara Rodrigo Gómez, Concepción Ornosa, Jaime García Gila, Javier Blasco-Aróstegui, Jesús Selfa, Miguel Guara & Carlo Polidori;;;62_Rodrigo_91
lasioglossum;NA;leucozonium;NA;Spain;Albacete;Villarrobledo;NA;NA;NA;NA;NA;NA;NA;NA;NA;NA;2;0;0;NA;10.1080/00379271.2020.1847191;Watermelon;NA;Sara Rodrigo Gómez, Concepción Ornosa, Jaime García Gila, Javier Blasco-Aróstegui, Jesús Selfa, Miguel Guara & Carlo Polidori;;;62_Rodrigo_92
lasioglossum;NA;malachurum;NA;Spain;Albacete;Villarrobledo;NA;NA;NA;NA;NA;NA;NA;NA;NA;NA;2;0;0;NA;10.1080/00379271.2020.1847191;Watermelon;NA;Sara Rodrigo Gómez, Concepción Ornosa, Jaime García Gila, Javier Blasco-Aróstegui, Jesús Selfa, Miguel Guara & Carlo Polidori;;;62_Rodrigo_93
lasioglossum;NA;pauperatum;NA;Spain;Albacete;Villarrobledo;NA;NA;NA;NA;NA;NA;NA;NA;NA;NA;1;0;0;NA;10.1080/00379271.2020.1847191;Watermelon;NA;Sara Rodrigo Gómez, Concepción Ornosa, Jaime García Gila, Javier Blasco-Aróstegui, Jesús Selfa, Miguel Guara & Carlo Polidori;;;62_Rodrigo_94
lasioglossum;NA;semilucens;NA;Spain;Albacete;Villarrobledo;NA;NA;NA;NA;NA;NA;NA;NA;NA;NA;10;0;0;NA;10.1080/00379271.2020.1847191;Watermelon;NA;Sara Rodrigo Gómez, Concepción Ornosa, Jaime García Gila, Javier Blasco-Aróstegui, Jesús Selfa, Miguel Guara & Carlo Polidori;;;62_Rodrigo_95
lasioglossum;NA;NA;NA;Spain;Albacete;Villarrobledo;NA;NA;NA;NA;NA;NA;NA;NA;NA;NA;1;1;0;NA;10.1080/00379271.2020.1847191;Watermelon;NA;Sara Rodrigo Gómez, Concepción Ornosa, Jaime García Gila, Javier Blasco-Aróstegui, Jesús Selfa, Miguel Guara & Carlo Polidori;;;62_Rodrigo_96
lasioglossum;NA;subaenescens;NA;Spain;Albacete;Villarrobledo;NA;NA;NA;NA;NA;NA;NA;NA;NA;NA;3;0;0;NA;10.1080/00379271.2020.1847191;Watermelon;NA;Sara Rodrigo Gómez, Concepción Ornosa, Jaime García Gila, Javier Blasco-Aróstegui, Jesús Selfa, Miguel Guara & Carlo Polidori;;;62_Rodrigo_97
Megachile;NA;apicalis;NA;Spain;Albacete;Villarrobledo;NA;NA;NA;NA;NA;NA;NA;NA;NA;NA;2;0;0;NA;10.1080/00379271.2020.1847191;Watermelon;NA;Sara Rodrigo Gómez, Concepción Ornosa, Jaime García Gila, Javier Blasco-Aróstegui, Jesús Selfa, Miguel Guara & Carlo Polidori;;;62_Rodrigo_98
Andrena;NA;bicolor;NA;Spain;Albacete;Villarrobledo;NA;NA;NA;NA;NA;NA;NA;NA;NA;NA;5;5;0;NA;10.1080/00379271.2020.1847191;Almond;NA;Sara Rodrigo Gómez, Concepción Ornosa, Jaime García Gila, Javier Blasco-Aróstegui, Jesús Selfa, Miguel Guara & Carlo Polidori;;;62_Rodrigo_99
Andrena;NA;Na;NA;Spain;Albacete;Villarrobledo;NA;NA;NA;NA;NA;NA;NA;NA;NA;NA;0;4;0;NA;10.1080/00379271.2020.1847191;Almond;NA;Sara Rodrigo Gómez, Concepción Ornosa, Jaime García Gila, Javier Blasco-Aróstegui, Jesús Selfa, Miguel Guara & Carlo Polidori;;;62_Rodrigo_100
Andrena;NA;dorsata;NA;Spain;Albacete;Villarrobledo;NA;NA;NA;NA;NA;NA;NA;NA;NA;NA;1;2;0;NA;10.1080/00379271.2020.1847191;Almond;NA;Sara Rodrigo Gómez, Concepción Ornosa, Jaime García Gila, Javier Blasco-Aróstegui, Jesús Selfa, Miguel Guara & Carlo Polidori;;;62_Rodrigo_101
Andrena;NA;florentina;NA;Spain;Albacete;Villarrobledo;NA;NA;NA;NA;NA;NA;NA;NA;NA;NA;2;1;0;NA;10.1080/00379271.2020.1847191;Almond;NA;Sara Rodrigo Gómez, Concepción Ornosa, Jaime García Gila, Javier Blasco-Aróstegui, Jesús Selfa, Miguel Guara & Carlo Polidori;;;62_Rodrigo_102
Andrena;NA;pilipes;NA;Spain;Albacete;Villarrobledo;NA;NA;NA;NA;NA;NA;NA;NA;NA;NA;2;7;0;NA;10.1080/00379271.2020.1847191;Almond;NA;Sara Rodrigo Gómez, Concepción Ornosa, Jaime García Gila, Javier Blasco-Aróstegui, Jesús Selfa, Miguel Guara & Carlo Polidori;;;62_Rodrigo_103
Andrena;NA;tenuistriata;NA;Spain;Albacete;Villarrobledo;NA;NA;NA;NA;NA;NA;NA;NA;NA;NA;0;6;0;NA;10.1080/00379271.2020.1847191;Almond;NA;Sara Rodrigo Gómez, Concepción Ornosa, Jaime García Gila, Javier Blasco-Aróstegui, Jesús Selfa, Miguel Guara & Carlo Polidori;;;62_Rodrigo_104
Andrena;NA;thoracica;NA;Spain;Albacete;Villarrobledo;NA;NA;NA;NA;NA;NA;NA;NA;NA;NA;10;10;0;NA;10.1080/00379271.2020.1847191;Almond;NA;Sara Rodrigo Gómez, Concepción Ornosa, Jaime García Gila, Javier Blasco-Aróstegui, Jesús Selfa, Miguel Guara & Carlo Polidori;;;62_Rodrigo_105
Anthophora;NA;dispar;NA;Spain;Albacete;Villarrobledo;NA;NA;NA;NA;NA;NA;NA;NA;NA;NA;0;2;0;NA;10.1080/00379271.2020.1847191;Almond;NA;Sara Rodrigo Gómez, Concepción Ornosa, Jaime García Gila, Javier Blasco-Aróstegui, Jesús Selfa, Miguel Guara & Carlo Polidori;;;62_Rodrigo_106
Anthophora;NA;romandii;NA;Spain;Albacete;Villarrobledo;NA;NA;NA;NA;NA;NA;NA;NA;NA;NA;0;3;0;NA;10.1080/00379271.2020.1847191;Almond;NA;Sara Rodrigo Gómez, Concepción Ornosa, Jaime García Gila, Javier Blasco-Aróstegui, Jesús Selfa, Miguel Guara & Carlo Polidori;;;62_Rodrigo_107
Apis;NA;mellifera;NA;Spain;Albacete;Villarrobledo;NA;NA;NA;NA;NA;NA;NA;NA;NA;NA;79;0;0;NA;10.1080/00379271.2020.1847191;Almond;NA;Sara Rodrigo Gómez, Concepción Ornosa, Jaime García Gila, Javier Blasco-Aróstegui, Jesús Selfa, Miguel Guara & Carlo Polidori;;;62_Rodrigo_108
Bombus;NA;terrestris;NA;Spain;Albacete;Villarrobledo;NA;NA;NA;NA;NA;NA;NA;NA;NA;NA;2;0;0;NA;10.1080/00379271.2020.1847191;Almond;NA;Sara Rodrigo Gómez, Concepción Ornosa, Jaime García Gila, Javier Blasco-Aróstegui, Jesús Selfa, Miguel Guara & Carlo Polidori;;;62_Rodrigo_109
Eucera;NA;notata;NA;Spain;Albacete;Villarrobledo;NA;NA;NA;NA;NA;NA;NA;NA;NA;NA;0;2;0;NA;10.1080/00379271.2020.1847191;Almond;NA;Sara Rodrigo Gómez, Concepción Ornosa, Jaime García Gila, Javier Blasco-Aróstegui, Jesús Selfa, Miguel Guara & Carlo Polidori;;;62_Rodrigo_110
Xylocopa;NA;violacea;NA;Spain;Albacete;Villarrobledo;NA;NA;NA;NA;NA;NA;NA;NA;NA;NA;1;15;0;NA;10.1080/00379271.2020.1847191;Almond;NA;Sara Rodrigo Gómez, Concepción Ornosa, Jaime García Gila, Javier Blasco-Aróstegui, Jesús Selfa, Miguel Guara & Carlo Polidori;;;62_Rodrigo_111
Lasioglossum;NA;malachurum;NA;Spain;Albacete;Villarrobledo;NA;NA;NA;NA;NA;NA;NA;NA;NA;NA;1;0;0;NA;10.1080/00379271.2020.1847191;Almond;NA;Sara Rodrigo Gómez, Concepción Ornosa, Jaime García Gila, Javier Blasco-Aróstegui, Jesús Selfa, Miguel Guara & Carlo Polidori;;;62_Rodrigo_112
Lasioglossum;NA;pallens;NA;Spain;Albacete;Villarrobledo;NA;NA;NA;NA;NA;NA;NA;NA;NA;NA;1;0;0;NA;10.1080/00379271.2020.1847191;Almond;NA;Sara Rodrigo Gómez, Concepción Ornosa, Jaime García Gila, Javier Blasco-Aróstegui, Jesús Selfa, Miguel Guara & Carlo Polidori;;;62_Rodrigo_113
Lasioglossum;NA;pauxillum;NA;Spain;Albacete;Villarrobledo;NA;NA;NA;NA;NA;NA;NA;NA;NA;NA;4;0;0;NA;10.1080/00379271.2020.1847191;Almond;NA;Sara Rodrigo Gómez, Concepción Ornosa, Jaime García Gila, Javier Blasco-Aróstegui, Jesús Selfa, Miguel Guara & Carlo Polidori;;;62_Rodrigo_114
Sphecodes;NA;NA;NA;Spain;Albacete;Villarrobledo;NA;NA;NA;NA;NA;NA;NA;NA;NA;NA;0;1;0;NA;10.1080/00379271.2020.1847191;Almond;NA;Sara Rodrigo Gómez, Concepción Ornosa, Jaime García Gila, Javier Blasco-Aróstegui, Jesús Selfa, Miguel Guara & Carlo Polidori;;;62_Rodrigo_115
Osmia;NA;cornuta;NA;Spain;Albacete;Villarrobledo;NA;NA;NA;NA;NA;NA;NA;NA;NA;NA;14;19;0;NA;10.1080/00379271.2020.1847191;Almond;NA;Sara Rodrigo Gómez, Concepción Ornosa, Jaime García Gila, Javier Blasco-Aróstegui, Jesús Selfa, Miguel Guara & Carlo Polidori;;;62_Rodrigo_116
Andrena;NA;aerinifrons;NA;Spain;Granada;NA;NA;NA;NA;NA;NA;NA;NA;NA;NA;NA;NA;NA;0;NA;10.1080/00379271.2020.1847191;Almond;NA;Sara Rodrigo Gómez, Concepción Ornosa, Jaime García Gila, Javier Blasco-Aróstegui, Jesús Selfa, Miguel Guara & Carlo Polidori;;;62_Rodrigo_117
Andrena;NA;angustior;NA;Spain;Granada;NA;NA;NA;NA;NA;NA;NA;NA;NA;NA;NA;NA;NA;0;NA;10.1080/00379271.2020.1847191;Almond;NA;Sara Rodrigo Gómez, Concepción Ornosa, Jaime García Gila, Javier Blasco-Aróstegui, Jesús Selfa, Miguel Guara & Carlo Polidori;;;62_Rodrigo_118
Andrena;NA;bicolor;NA;Spain;Granada;NA;NA;NA;NA;NA;NA;NA;NA;NA;NA;NA;NA;NA;0;NA;10.1080/00379271.2020.1847191;Almond;NA;Sara Rodrigo Gómez, Concepción Ornosa, Jaime García Gila, Javier Blasco-Aróstegui, Jesús Selfa, Miguel Guara & Carlo Polidori;;;62_Rodrigo_119
Andrena;NA;ferrugineicrus;NA;Spain;Granada;NA;NA;NA;NA;NA;NA;NA;NA;NA;NA;NA;NA;NA;0;NA;10.1080/00379271.2020.1847191;Almond;NA;Sara Rodrigo Gómez, Concepción Ornosa, Jaime García Gila, Javier Blasco-Aróstegui, Jesús Selfa, Miguel Guara & Carlo Polidori;;;62_Rodrigo_120
Andrena;NA;flavipes;NA;Spain;Granada;NA;NA;NA;NA;NA;NA;NA;NA;NA;NA;NA;NA;NA;0;NA;10.1080/00379271.2020.1847191;Almond;NA;Sara Rodrigo Gómez, Concepción Ornosa, Jaime García Gila, Javier Blasco-Aróstegui, Jesús Selfa, Miguel Guara & Carlo Polidori;;;62_Rodrigo_121
Andrena;NA;florentina;NA;Spain;Granada;NA;NA;NA;NA;NA;NA;NA;NA;NA;NA;NA;NA;NA;0;NA;10.1080/00379271.2020.1847191;Almond;NA;Sara Rodrigo Gómez, Concepción Ornosa, Jaime García Gila, Javier Blasco-Aróstegui, Jesús Selfa, Miguel Guara & Carlo Polidori;;;62_Rodrigo_122
Andrena;NA;minutula;NA;Spain;Granada;NA;NA;NA;NA;NA;NA;NA;NA;NA;NA;NA;NA;NA;0;NA;10.1080/00379271.2020.1847191;Almond;NA;Sara Rodrigo Gómez, Concepción Ornosa, Jaime García Gila, Javier Blasco-Aróstegui, Jesús Selfa, Miguel Guara & Carlo Polidori;;;62_Rodrigo_123
Andrena;NA;mucida;NA;Spain;Granada;NA;NA;NA;NA;NA;NA;NA;NA;NA;NA;NA;NA;NA;0;NA;10.1080/00379271.2020.1847191;Almond;NA;Sara Rodrigo Gómez, Concepción Ornosa, Jaime García Gila, Javier Blasco-Aróstegui, Jesús Selfa, Miguel Guara & Carlo Polidori;;;62_Rodrigo_124
Andrena;NA;nana;NA;Spain;Granada;NA;NA;NA;NA;NA;NA;NA;NA;NA;NA;NA;NA;NA;0;NA;10.1080/00379271.2020.1847191;Almond;NA;Sara Rodrigo Gómez, Concepción Ornosa, Jaime García Gila, Javier Blasco-Aróstegui, Jesús Selfa, Miguel Guara & Carlo Polidori;;;62_Rodrigo_125
Andrena;NA;nigroaenea;NA;Spain;Granada;NA;NA;NA;NA;NA;NA;NA;NA;NA;NA;NA;NA;NA;0;NA;10.1080/00379271.2020.1847191;Almond;NA;Sara Rodrigo Gómez, Concepción Ornosa, Jaime García Gila, Javier Blasco-Aróstegui, Jesús Selfa, Miguel Guara & Carlo Polidori;;;62_Rodrigo_126
Andrena;NA;ovatula;NA;Spain;Granada;NA;NA;NA;NA;NA;NA;NA;NA;NA;NA;NA;NA;NA;0;NA;10.1080/00379271.2020.1847191;Almond;NA;Sara Rodrigo Gómez, Concepción Ornosa, Jaime García Gila, Javier Blasco-Aróstegui, Jesús Selfa, Miguel Guara & Carlo Polidori;;;62_Rodrigo_127
Andrena;NA;tenuistriata;NA;Spain;Granada;NA;NA;NA;NA;NA;NA;NA;NA;NA;NA;NA;NA;NA;0;NA;10.1080/00379271.2020.1847191;Almond;NA;Sara Rodrigo Gómez, Concepción Ornosa, Jaime García Gila, Javier Blasco-Aróstegui, Jesús Selfa, Miguel Guara & Carlo Polidori;;;62_Rodrigo_128
Andrena;NA;thoracica;NA;Spain;Granada;NA;NA;NA;NA;NA;NA;NA;NA;NA;NA;NA;NA;NA;0;NA;10.1080/00379271.2020.1847191;Almond;NA;Sara Rodrigo Gómez, Concepción Ornosa, Jaime García Gila, Javier Blasco-Aróstegui, Jesús Selfa, Miguel Guara & Carlo Polidori;;;62_Rodrigo_129
Andrena;NA;trimmerana;NA;Spain;Granada;NA;NA;NA;NA;NA;NA;NA;NA;NA;NA;NA;NA;NA;0;NA;10.1080/00379271.2020.1847191;Almond;NA;Sara Rodrigo Gómez, Concepción Ornosa, Jaime García Gila, Javier Blasco-Aróstegui, Jesús Selfa, Miguel Guara & Carlo Polidori;;;62_Rodrigo_130
Andrena;NA;NA;NA;Spain;Granada;NA;NA;NA;NA;NA;NA;NA;NA;NA;NA;NA;NA;NA;0;NA;10.1080/00379271.2020.1847191;Almond;NA;Sara Rodrigo Gómez, Concepción Ornosa, Jaime García Gila, Javier Blasco-Aróstegui, Jesús Selfa, Miguel Guara & Carlo Polidori;;;62_Rodrigo_131
Anthophora;NA;atroalba;NA;Spain;Granada;NA;NA;NA;NA;NA;NA;NA;NA;NA;NA;NA;NA;NA;0;NA;10.1080/00379271.2020.1847191;Almond;NA;Sara Rodrigo Gómez, Concepción Ornosa, Jaime García Gila, Javier Blasco-Aróstegui, Jesús Selfa, Miguel Guara & Carlo Polidori;;;62_Rodrigo_132
Anthophora;NA;dispar;NA;Spain;Granada;NA;NA;NA;NA;NA;NA;NA;NA;NA;NA;NA;NA;NA;0;NA;10.1080/00379271.2020.1847191;Almond;NA;Sara Rodrigo Gómez, Concepción Ornosa, Jaime García Gila, Javier Blasco-Aróstegui, Jesús Selfa, Miguel Guara & Carlo Polidori;;;62_Rodrigo_133
Anthophora;NA;hispanica;NA;Spain;Granada;NA;NA;NA;NA;NA;NA;NA;NA;NA;NA;NA;NA;NA;0;NA;10.1080/00379271.2020.1847191;Almond;NA;Sara Rodrigo Gómez, Concepción Ornosa, Jaime García Gila, Javier Blasco-Aróstegui, Jesús Selfa, Miguel Guara & Carlo Polidori;;;62_Rodrigo_134
Anthophora;NA;leucophaea;NA;Spain;Granada;NA;NA;NA;NA;NA;NA;NA;NA;NA;NA;NA;NA;NA;0;NA;10.1080/00379271.2020.1847191;Almond;NA;Sara Rodrigo Gómez, Concepción Ornosa, Jaime García Gila, Javier Blasco-Aróstegui, Jesús Selfa, Miguel Guara & Carlo Polidori;;;62_Rodrigo_135
Anthophora;NA;plumipes;NA;Spain;Granada;NA;NA;NA;NA;NA;NA;NA;NA;NA;NA;NA;NA;NA;0;NA;10.1080/00379271.2020.1847191;Almond;NA;Sara Rodrigo Gómez, Concepción Ornosa, Jaime García Gila, Javier Blasco-Aróstegui, Jesús Selfa, Miguel Guara & Carlo Polidori;;;62_Rodrigo_136
Anthophora;NA;romandii;NA;Spain;Granada;NA;NA;NA;NA;NA;NA;NA;NA;NA;NA;NA;NA;NA;0;NA;10.1080/00379271.2020.1847191;Almond;NA;Sara Rodrigo Gómez, Concepción Ornosa, Jaime García Gila, Javier Blasco-Aróstegui, Jesús Selfa, Miguel Guara & Carlo Polidori;;;62_Rodrigo_137
Anthophora;NA;canescens;NA;Spain;Granada;NA;NA;NA;NA;NA;NA;NA;NA;NA;NA;NA;NA;NA;0;NA;10.1080/00379271.2020.1847191;Almond;NA;Sara Rodrigo Gómez, Concepción Ornosa, Jaime García Gila, Javier Blasco-Aróstegui, Jesús Selfa, Miguel Guara & Carlo Polidori;;;62_Rodrigo_138
Anthophora;NA;Na;NA;Spain;Granada;NA;NA;NA;NA;NA;NA;NA;NA;NA;NA;NA;NA;NA;0;NA;10.1080/00379271.2020.1847191;Almond;NA;Sara Rodrigo Gómez, Concepción Ornosa, Jaime García Gila, Javier Blasco-Aróstegui, Jesús Selfa, Miguel Guara & Carlo Polidori;;;62_Rodrigo_139
Apis;NA;mellifera;NA;Spain;Granada;NA;NA;NA;NA;NA;NA;NA;NA;NA;NA;NA;NA;NA;0;NA;10.1080/00379271.2020.1847191;Almond;NA;Sara Rodrigo Gómez, Concepción Ornosa, Jaime García Gila, Javier Blasco-Aróstegui, Jesús Selfa, Miguel Guara & Carlo Polidori;;;62_Rodrigo_140
Bombus;NA;terrestris;NA;Spain;Granada;NA;NA;NA;NA;NA;NA;NA;NA;NA;NA;NA;NA;NA;0;NA;10.1080/00379271.2020.1847191;Almond;NA;Sara Rodrigo Gómez, Concepción Ornosa, Jaime García Gila, Javier Blasco-Aróstegui, Jesús Selfa, Miguel Guara & Carlo Polidori;;;62_Rodrigo_141
Eucera;NA;caspica;NA;Spain;Granada;NA;NA;NA;NA;NA;NA;NA;NA;NA;NA;NA;NA;NA;0;NA;10.1080/00379271.2020.1847191;Almond;NA;Sara Rodrigo Gómez, Concepción Ornosa, Jaime García Gila, Javier Blasco-Aróstegui, Jesús Selfa, Miguel Guara & Carlo Polidori;;;62_Rodrigo_142
Eucera;NA;nigrilabris;NA;Spain;Granada;NA;NA;NA;NA;NA;NA;NA;NA;NA;NA;NA;NA;NA;0;NA;10.1080/00379271.2020.1847191;Almond;NA;Sara Rodrigo Gómez, Concepción Ornosa, Jaime García Gila, Javier Blasco-Aróstegui, Jesús Selfa, Miguel Guara & Carlo Polidori;;;62_Rodrigo_143
Nomada;NA;agrestris;NA;Spain;Granada;NA;NA;NA;NA;NA;NA;NA;NA;NA;NA;NA;NA;NA;0;NA;10.1080/00379271.2020.1847191;Almond;NA;Sara Rodrigo Gómez, Concepción Ornosa, Jaime García Gila, Javier Blasco-Aróstegui, Jesús Selfa, Miguel Guara & Carlo Polidori;;;62_Rodrigo_144
Nomada;NA;NA;NA;Spain;Granada;NA;NA;NA;NA;NA;NA;NA;NA;NA;NA;NA;NA;NA;0;NA;10.1080/00379271.2020.1847191;Almond;NA;Sara Rodrigo Gómez, Concepción Ornosa, Jaime García Gila, Javier Blasco-Aróstegui, Jesús Selfa, Miguel Guara & Carlo Polidori;;;62_Rodrigo_145
Xylocopa;NA;valga;NA;Spain;Granada;NA;NA;NA;NA;NA;NA;NA;NA;NA;NA;NA;NA;NA;0;NA;10.1080/00379271.2020.1847191;Almond;NA;Sara Rodrigo Gómez, Concepción Ornosa, Jaime García Gila, Javier Blasco-Aróstegui, Jesús Selfa, Miguel Guara & Carlo Polidori;;;62_Rodrigo_146
Xylocopa;NA;violacea;NA;Spain;Granada;NA;NA;NA;NA;NA;NA;NA;NA;NA;NA;NA;NA;NA;0;NA;10.1080/00379271.2020.1847191;Almond;NA;Sara Rodrigo Gómez, Concepción Ornosa, Jaime García Gila, Javier Blasco-Aróstegui, Jesús Selfa, Miguel Guara & Carlo Polidori;;;62_Rodrigo_147
Lasioglossum;NA;capitale;NA;Spain;Granada;NA;NA;NA;NA;NA;NA;NA;NA;NA;NA;NA;NA;NA;0;NA;10.1080/00379271.2020.1847191;Almond;NA;Sara Rodrigo Gómez, Concepción Ornosa, Jaime García Gila, Javier Blasco-Aróstegui, Jesús Selfa, Miguel Guara & Carlo Polidori;;;62_Rodrigo_148
Lasioglossum;NA;malachurum;NA;Spain;Granada;NA;NA;NA;NA;NA;NA;NA;NA;NA;NA;NA;NA;NA;0;NA;10.1080/00379271.2020.1847191;Almond;NA;Sara Rodrigo Gómez, Concepción Ornosa, Jaime García Gila, Javier Blasco-Aróstegui, Jesús Selfa, Miguel Guara & Carlo Polidori;;;62_Rodrigo_149
Lasioglossum;NA;mediterraneum;NA;Spain;Granada;NA;NA;NA;NA;NA;NA;NA;NA;NA;NA;NA;NA;NA;0;NA;10.1080/00379271.2020.1847191;Almond;NA;Sara Rodrigo Gómez, Concepción Ornosa, Jaime García Gila, Javier Blasco-Aróstegui, Jesús Selfa, Miguel Guara & Carlo Polidori;;;62_Rodrigo_150
Lasioglossum;NA;mesosclerum;NA;Spain;Granada;NA;NA;NA;NA;NA;NA;NA;NA;NA;NA;NA;NA;NA;0;NA;10.1080/00379271.2020.1847191;Almond;NA;Sara Rodrigo Gómez, Concepción Ornosa, Jaime García Gila, Javier Blasco-Aróstegui, Jesús Selfa, Miguel Guara & Carlo Polidori;;;62_Rodrigo_151
Lasioglossum;NA;transitorium;NA;Spain;Granada;NA;NA;NA;NA;NA;NA;NA;NA;NA;NA;NA;NA;NA;0;NA;10.1080/00379271.2020.1847191;Almond;NA;Sara Rodrigo Gómez, Concepción Ornosa, Jaime García Gila, Javier Blasco-Aróstegui, Jesús Selfa, Miguel Guara & Carlo Polidori;;;62_Rodrigo_152
Osmia;NA;cornuta;NA;Spain;Granada;NA;NA;NA;NA;NA;NA;NA;NA;NA;NA;NA;NA;NA;0;NA;10.1080/00379271.2020.1847191;Almond;NA;Sara Rodrigo Gómez, Concepción Ornosa, Jaime García Gila, Javier Blasco-Aróstegui, Jesús Selfa, Miguel Guara & Carlo Polidori;;;62_Rodrigo_153
Andrena;NA;flavipes;NA;Spain;Mallorca;Isla Mallorca;NA;NA;NA;NA;NA;NA;NA;NA;NA;NA;NA;NA;0;NA;10.1080/00379271.2020.1847191;Almond;NA;Sara Rodrigo Gómez, Concepción Ornosa, Jaime García Gila, Javier Blasco-Aróstegui, Jesús Selfa, Miguel Guara & Carlo Polidori;;;62_Rodrigo_154
Andrena;NA;minutula;NA;Spain;Mallorca;Isla Mallorca;NA;NA;NA;NA;NA;NA;NA;NA;NA;NA;NA;NA;0;NA;10.1080/00379271.2020.1847191;Almond;NA;Sara Rodrigo Gómez, Concepción Ornosa, Jaime García Gila, Javier Blasco-Aróstegui, Jesús Selfa, Miguel Guara & Carlo Polidori;;;62_Rodrigo_155
Anthophora;NA;canescens;NA;Spain;Mallorca;Isla Mallorca;NA;NA;NA;NA;NA;NA;NA;NA;NA;NA;NA;NA;0;NA;10.1080/00379271.2020.1847191;Almond;NA;Sara Rodrigo Gómez, Concepción Ornosa, Jaime García Gila, Javier Blasco-Aróstegui, Jesús Selfa, Miguel Guara & Carlo Polidori;;;62_Rodrigo_156
Anthophora;NA;plumipes;NA;Spain;Mallorca;Isla Mallorca;NA;NA;NA;NA;NA;NA;NA;NA;NA;NA;NA;NA;0;NA;10.1080/00379271.2020.1847191;Almond;NA;Sara Rodrigo Gómez, Concepción Ornosa, Jaime García Gila, Javier Blasco-Aróstegui, Jesús Selfa, Miguel Guara & Carlo Polidori;;;62_Rodrigo_157
Apis;NA;mellifera;NA;Spain;Mallorca;Isla Mallorca;NA;NA;NA;NA;NA;NA;NA;NA;NA;NA;NA;NA;0;NA;10.1080/00379271.2020.1847191;Almond;NA;Sara Rodrigo Gómez, Concepción Ornosa, Jaime García Gila, Javier Blasco-Aróstegui, Jesús Selfa, Miguel Guara & Carlo Polidori;;;62_Rodrigo_158
Bombus;NA;terrestris;NA;Spain;Mallorca;Isla Mallorca;NA;NA;NA;NA;NA;NA;NA;NA;NA;NA;NA;NA;0;NA;10.1080/00379271.2020.1847191;Almond;NA;Sara Rodrigo Gómez, Concepción Ornosa, Jaime García Gila, Javier Blasco-Aróstegui, Jesús Selfa, Miguel Guara & Carlo Polidori;;;62_Rodrigo_159
Eucera;NA;nigrilabris;NA;Spain;Mallorca;Isla Mallorca;NA;NA;NA;NA;NA;NA;NA;NA;NA;NA;NA;NA;0;NA;10.1080/00379271.2020.1847191;Almond;NA;Sara Rodrigo Gómez, Concepción Ornosa, Jaime García Gila, Javier Blasco-Aróstegui, Jesús Selfa, Miguel Guara & Carlo Polidori;;;62_Rodrigo_160
Eucera;NA;oraniensis;NA;Spain;Mallorca;Isla Mallorca;NA;NA;NA;NA;NA;NA;NA;NA;NA;NA;NA;NA;0;NA;10.1080/00379271.2020.1847191;Almond;NA;Sara Rodrigo Gómez, Concepción Ornosa, Jaime García Gila, Javier Blasco-Aróstegui, Jesús Selfa, Miguel Guara & Carlo Polidori;;;62_Rodrigo_161
Nomada;NA;concolor;NA;Spain;Mallorca;Isla Mallorca;NA;NA;NA;NA;NA;NA;NA;NA;NA;NA;NA;NA;0;NA;10.1080/00379271.2020.1847191;Almond;NA;Sara Rodrigo Gómez, Concepción Ornosa, Jaime García Gila, Javier Blasco-Aróstegui, Jesús Selfa, Miguel Guara & Carlo Polidori;;;62_Rodrigo_162
Xylocopa;NA;violacea;NA;Spain;Mallorca;Isla Mallorca;NA;NA;NA;NA;NA;NA;NA;NA;NA;NA;NA;NA;0;NA;10.1080/00379271.2020.1847191;Almond;NA;Sara Rodrigo Gómez, Concepción Ornosa, Jaime García Gila, Javier Blasco-Aróstegui, Jesús Selfa, Miguel Guara & Carlo Polidori;;;62_Rodrigo_163
Lasioglossum;NA;malachurum;NA;Spain;Mallorca;Isla Mallorca;NA;NA;NA;NA;NA;NA;NA;NA;NA;NA;NA;NA;0;NA;10.1080/00379271.2020.1847191;Almond;NA;Sara Rodrigo Gómez, Concepción Ornosa, Jaime García Gila, Javier Blasco-Aróstegui, Jesús Selfa, Miguel Guara & Carlo Polidori;;;62_Rodrigo_164
