"Bombus",NA,"terrestris",NA,"Spain","Bizkaia","Orozko",43.07584582,-2.8249904,"<1km",2020,"05","03",NA,NA,"Paula Dominguez","Paula Dominguez",0,0,0,1,NA,"Lathyrus linifolius","BC3_1","Ainhoa Magrach",NA,NA,"24_Magrach_1"
"Bombus",NA,"lapidarius",NA,"Spain","Bizkaia","Orozko",43.07599216,-2.82502497,"<1km",2020,"05","03",NA,NA,"Paula Dominguez","Paula Dominguez",0,0,0,1,NA,"Lathyrus linifolius","BC3_2","Ainhoa Magrach",NA,NA,"24_Magrach_2"
"Bombus",NA,"lapidarius",NA,"Spain","Bizkaia","Orozko",43.07603734,-2.82519287,"<1km",2020,"05","03",NA,NA,"Paula Dominguez","Paula Dominguez",0,0,0,1,NA,"Lathyrus linifolius","BC3_3","Ainhoa Magrach",NA,NA,"24_Magrach_3"
"Bombus",NA,"lapidarius",NA,"Spain","Bizkaia","Orozko",43.07585243,-2.82511291,"<1km",2020,"05","03",NA,NA,"Paula Dominguez","Paula Dominguez",0,0,0,1,NA,"Lathyrus linifolius","BC3_4","Ainhoa Magrach",NA,NA,"24_Magrach_4"
"Apis",NA,"mellifera",NA,"Spain","Bizkaia","Orozko",43.08090514,-2.81904894,"<1km",2020,"05","06",NA,NA,"Paula Dominguez","Paula Dominguez",0,0,0,1,NA,"Taraxacum sp.","BC3_7","Ainhoa Magrach",NA,NA,"24_Magrach_5"
"Apis",NA,"mellifera",NA,"Spain","Bizkaia","Orozko",43.08084901,-2.81892279,"<1km",2020,"05","06",NA,NA,"Paula Dominguez","Paula Dominguez",0,0,0,1,NA,"Taraxacum sp.","BC3_8","Ainhoa Magrach",NA,NA,"24_Magrach_6"
"Apis",NA,"mellifera",NA,"Spain","Bizkaia","Orozko",43.08082098,-2.81885978,"<1km",2020,"05","06",NA,NA,"Paula Dominguez","Paula Dominguez",0,0,0,1,NA,"Taraxacum sp.","BC3_9","Ainhoa Magrach",NA,NA,"24_Magrach_7"
"Apis",NA,"mellifera",NA,"Spain","Bizkaia","Orozko",43.08081328,-2.81886615,"<1km",2020,"05","06",NA,NA,"Paula Dominguez","Paula Dominguez",0,0,0,1,NA,"Taraxacum sp.","BC3_10","Ainhoa Magrach",NA,NA,"24_Magrach_8"
"Bombus",NA,"pascuorum",NA,"Spain","Bizkaia","Orozko",43.07822096,-2.81039037,"<1km",2020,"05","07",NA,NA,"Paula Dominguez","Paula Dominguez",0,0,0,1,NA,"Ajuga reptans","BC3_14","Ainhoa Magrach",NA,NA,"24_Magrach_9"
"Apis",NA,"mellifera",NA,"Spain","Bizkaia","Orozko",43.078016978349,-2.81040186930998,"<1km",2020,"05","07",NA,NA,"Paula Dominguez","Paula Dominguez",0,0,0,1,NA,"Taraxacum sp.","BC3_15","Ainhoa Magrach",NA,NA,"24_Magrach_10"
"Bombus",NA,"pascuorum",NA,"Spain","Bizkaia","Orozko",43.0780475850027,-2.81046738875729,"<1km",2020,"05","07",NA,NA,"Paula Dominguez","Paula Dominguez",0,0,0,1,NA,"Vicia pyrenaica","BC3_16","Ainhoa Magrach",NA,NA,"24_Magrach_11"
"Bombus",NA,"pascuorum",NA,"Spain","Bizkaia","Orozko",43.08093671,-2.8188358,"<1km",2020,"05","17",NA,NA,"Paula Dominguez","Paula Dominguez",0,0,0,1,NA,"Vicia pyrenaica","BC3_17","Ainhoa Magrach",NA,NA,"24_Magrach_12"
"Apis",NA,"mellifera",NA,"Spain","Bizkaia","Orozko",43.08093974,-2.81881892,"<1km",2020,"05","17",NA,NA,"Paula Dominguez","Paula Dominguez",0,0,0,1,NA,"Taraxacum sp.","BC3_18","Ainhoa Magrach",NA,NA,"24_Magrach_13"
"Apis",NA,"mellifera",NA,"Spain","Bizkaia","Orozko",43.08088723,-2.81881929,"<1km",2020,"05","17",NA,NA,"Paula Dominguez","Paula Dominguez",0,0,0,1,NA,"Ranunculus sp.","BC3_19","Ainhoa Magrach",NA,NA,"24_Magrach_14"
"Bombus",NA,"terrestris",NA,"Spain","Bizkaia","Orozko",43.08086249,-2.81881103,"<1km",2020,"05","17",NA,NA,"Paula Dominguez","Paula Dominguez",0,0,0,1,NA,"Pinguicula grandiflora subsp. Grandiflora","BC3_21","Ainhoa Magrach",NA,NA,"24_Magrach_15"
"Bombus",NA,"pascuorum",NA,"Spain","Bizkaia","Orozko",43.08088723,-2.81881929,"<1km",2020,"05","17",NA,NA,"Paula Dominguez","Paula Dominguez",0,0,0,1,NA,"Vicia pyrenaica","BC3_23","Ainhoa Magrach",NA,NA,"24_Magrach_16"
"Bombus",NA,"pascuorum",NA,"Spain","Bizkaia","Orozko",43.08093809,-2.81879155,"<1km",2020,"05","17",NA,NA,"Paula Dominguez","Paula Dominguez",0,0,0,1,NA,"Vicia pyrenaica","BC3_25","Ainhoa Magrach",NA,NA,"24_Magrach_17"
"Bombus",NA,"pascuorum",NA,"Spain","Bizkaia","Orozko",43.08097409,-2.81891981,"<1km",2020,"05","17",NA,NA,"Paula Dominguez","Paula Dominguez",0,0,0,1,NA,"Vicia pyrenaica","BC3_31","Ainhoa Magrach",NA,NA,"24_Magrach_18"
"Bombus",NA,"lapidarius",NA,"Spain","Bizkaia","Orozko",43.08099416,-2.81891757,"<1km",2020,"05","17",NA,NA,"Paula Dominguez","Paula Dominguez",0,0,0,1,NA,"Vicia pyrenaica","BC3_32","Ainhoa Magrach",NA,NA,"24_Magrach_19"
"Bombus",NA,"lapidarius",NA,"Spain","Bizkaia","Orozko",43.08094139,-2.8188463,"<1km",2020,"05","17",NA,NA,"Paula Dominguez","Paula Dominguez",0,0,0,1,NA,"Vicia pyrenaica","BC3_33","Ainhoa Magrach",NA,NA,"24_Magrach_20"
"Bombus",NA,"pascuorum",NA,"Spain","Bizkaia","Orozko",43.08098949,-2.81890707,"<1km",2020,"05","17",NA,NA,"Paula Dominguez","Paula Dominguez",0,0,0,1,NA,"Vicia pyrenaica","BC3_34","Ainhoa Magrach",NA,NA,"24_Magrach_21"
"Bombus",NA,"pascuorum",NA,"Spain","Bizkaia","Orozko",43.08098949,-2.81890707,"<1km",2020,"05","17",NA,NA,"Paula Dominguez","Paula Dominguez",0,0,0,1,NA,"Vicia pyrenaica","BC3_35","Ainhoa Magrach",NA,NA,"24_Magrach_22"
"Bombus",NA,"pascuorum",NA,"Spain","Bizkaia","Orozko",43.08096005,-2.81888838,"<1km",2020,"05","17",NA,NA,"Paula Dominguez","Paula Dominguez",0,0,0,1,NA,"Vicia pyrenaica","BC3_37","Ainhoa Magrach",NA,NA,"24_Magrach_23"
"Bombus",NA,"pascuorum",NA,"Spain","Bizkaia","Orozko",43.08097377,-2.81884824,"<1km",2020,"05","17",NA,NA,"Paula Dominguez","Paula Dominguez",0,0,0,1,NA,"Vicia pyrenaica","BC3_38","Ainhoa Magrach",NA,NA,"24_Magrach_24"
"Bombus",NA,"terrestris",NA,"Spain","Bizkaia","Orozko",43.081038965583,-2.81892356590864,"<1km",2020,"05","17",NA,NA,"Paula Dominguez","Paula Dominguez",0,0,0,1,NA,"Vicia pyrenaica","BC3_39","Ainhoa Magrach",NA,NA,"24_Magrach_25"
"Bombus",NA,"terrestris",NA,"Spain","Bizkaia","Orozko",43.08095843,-2.81886093,"<1km",2020,"05","17",NA,NA,"Paula Dominguez","Paula Dominguez",0,0,0,1,NA,"Vicia pyrenaica","BC3_40","Ainhoa Magrach",NA,NA,"24_Magrach_26"
"Bombus",NA,"pascuorum",NA,"Spain","Bizkaia","Orozko",43.08101526,-2.81879945,"<1km",2020,"05","17",NA,NA,"Paula Dominguez","Paula Dominguez",0,0,0,1,NA,"Vicia pyrenaica","BC3_41","Ainhoa Magrach",NA,NA,"24_Magrach_27"
"Bombus",NA,"pascuorum",NA,"Spain","Bizkaia","Orozko",43.07817648,-2.81056261,"<1km",2020,"05","18",NA,NA,"Paula Dominguez","Paula Dominguez",0,0,0,1,NA,"Ajuga reptans","BC3_44","Ainhoa Magrach",NA,NA,"24_Magrach_28"
"Bombus",NA,"pascuorum",NA,"Spain","Bizkaia","Orozko",43.07806197,-2.81040421,"<1km",2020,"05","18",NA,NA,"Paula Dominguez","Paula Dominguez",0,0,0,1,NA,"Vicia pyrenaica","BC3_45","Ainhoa Magrach",NA,NA,"24_Magrach_29"
"Bombus",NA,"pascuorum",NA,"Spain","Bizkaia","Orozko",43.07806065,-2.81038693,"<1km",2020,"05","18",NA,NA,"Paula Dominguez","Paula Dominguez",0,0,0,1,NA,"Vicia pyrenaica","BC3_47","Ainhoa Magrach",NA,NA,"24_Magrach_30"
"Bombus",NA,"pascuorum",NA,"Spain","Bizkaia","Orozko",43.078027,-2.81036551,"<1km",2020,"05","18",NA,NA,"Paula Dominguez","Paula Dominguez",0,0,0,1,NA,"Vicia pyrenaica","BC3_48","Ainhoa Magrach",NA,NA,"24_Magrach_31"
"Bombus",NA,"pascuorum",NA,"Spain","Bizkaia","Orozko",43.078065,-2.81036011,"<1km",2020,"05","18",NA,NA,"Paula Dominguez","Paula Dominguez",0,0,0,1,NA,"Vicia pyrenaica","BC3_49","Ainhoa Magrach",NA,NA,"24_Magrach_32"
"Bombus",NA,"terrestris",NA,"Spain","Bizkaia","Orozko",43.07606731,-2.825079,"<1km",2020,"05","19",NA,NA,"Paula Dominguez","Paula Dominguez",0,0,0,1,NA,"Lathyrus linifolius","BC3_51","Ainhoa Magrach",NA,NA,"24_Magrach_33"
"Bombus",NA,"terrestris",NA,"Spain","Bizkaia","Orozko",43.0555662923092,-2.85761617863863,"<1km",2020,"05","21",NA,NA,"Paula Dominguez","Paula Dominguez",0,0,0,1,NA,"Scorzonera humilis ","BC3_65","Ainhoa Magrach",NA,NA,"24_Magrach_34"
"Bombus",NA,"pascuorum",NA,"Spain","Bizkaia","Orozko",43.08099249,-2.81889022,"<1km",2020,"05","22",NA,NA,"Paula Dominguez","Paula Dominguez",0,0,0,1,NA,"Vicia pyrenaica","BC3_77","Ainhoa Magrach",NA,NA,"24_Magrach_35"
"Bombus",NA,"lapidarius",NA,"Spain","Bizkaia","Orozko",43.08095843,-2.81886093,"<1km",2020,"05","22",NA,NA,"Paula Dominguez","Paula Dominguez",0,0,0,1,NA,"Vicia pyrenaica","BC3_84","Ainhoa Magrach",NA,NA,"24_Magrach_36"
"Bombus",NA,"lapidarius",NA,"Spain","Bizkaia","Orozko",43.08095843,-2.81886093,"<1km",2020,"05","22",NA,NA,"Paula Dominguez","Paula Dominguez",0,0,0,1,NA,"Vicia pyrenaica","BC3_88","Ainhoa Magrach",NA,NA,"24_Magrach_37"
"Bombus",NA,"lapidarius",NA,"Spain","Bizkaia","Orozko",43.08106808,-2.81887066,"<1km",2020,"05","22",NA,NA,"Paula Dominguez","Paula Dominguez",0,0,0,1,NA,"Vicia pyrenaica","BC3_91","Ainhoa Magrach",NA,NA,"24_Magrach_38"
"Bombus",NA,"lapidarius",NA,"Spain","Bizkaia","Orozko",43.08100486,-2.81889434,"<1km",2020,"05","22",NA,NA,"Paula Dominguez","Paula Dominguez",0,0,0,1,NA,"Vicia pyrenaica","BC3_92","Ainhoa Magrach",NA,NA,"24_Magrach_39"
"Bombus",NA,"pascuorum",NA,"Spain","Bizkaia","Orozko",43.08094663,-2.81900015,"<1km",2020,"05","22",NA,NA,"Paula Dominguez","Paula Dominguez",0,0,0,1,NA,"Vicia pyrenaica","BC3_99","Ainhoa Magrach",NA,NA,"24_Magrach_40"
"Bombus",NA,"lapidarius",NA,"Spain","Bizkaia","Orozko",43.08096005,-2.81888838,"<1km",2020,"05","22",NA,NA,"Paula Dominguez","Paula Dominguez",0,0,0,1,NA,"Vicia pyrenaica","BC3_106","Ainhoa Magrach",NA,NA,"24_Magrach_41"
"Bombus",NA,"pascuorum",NA,"Spain","Bizkaia","Orozko",43.07801829,-2.81041914,"<1km",2020,"05","24",NA,NA,"Paula Dominguez","Paula Dominguez",0,0,0,1,NA,"Vicia pyrenaica","BC3_112","Ainhoa Magrach",NA,NA,"24_Magrach_42"
"Bombus",NA,"pascuorum",NA,"Spain","Bizkaia","Orozko",43.07806065,-2.81038693,"<1km",2020,"05","24",NA,NA,"Paula Dominguez","Paula Dominguez",0,0,0,1,NA,"Vicia pyrenaica","BC3_113","Ainhoa Magrach",NA,NA,"24_Magrach_43"
"Bombus",NA,"pascuorum",NA,"Spain","Bizkaia","Orozko",43.07812753,-2.81050843,"<1km",2020,"05","24",NA,NA,"Paula Dominguez","Paula Dominguez",0,0,0,1,NA,"Vicia pyrenaica","BC3_114","Ainhoa Magrach",NA,NA,"24_Magrach_44"
"Bombus",NA,"pascuorum",NA,"Spain","Bizkaia","Orozko",43.07806856,-2.8104906,"<1km",2020,"05","24",NA,NA,"Paula Dominguez","Paula Dominguez",0,0,0,1,NA,"Vicia pyrenaica","BC3_115","Ainhoa Magrach",NA,NA,"24_Magrach_45"
"Bombus",NA,"pascuorum",NA,"Spain","Bizkaia","Orozko",43.07803835,-2.81034643,"<1km",2020,"05","24",NA,NA,"Paula Dominguez","Paula Dominguez",0,0,0,1,NA,"Vicia pyrenaica","BC3_116","Ainhoa Magrach",NA,NA,"24_Magrach_46"
"Bombus",NA,"pascuorum",NA,"Spain","Bizkaia","Orozko",43.07804534,-2.81035417,"<1km",2020,"05","24",NA,NA,"Paula Dominguez","Paula Dominguez",0,0,0,1,NA,"Ajuga reptans","BC3_117","Ainhoa Magrach",NA,NA,"24_Magrach_47"
"Bombus",NA,"pascuorum",NA,"Spain","Bizkaia","Orozko",43.07820485,-2.81051492,"<1km",2020,"05","24",NA,NA,"Paula Dominguez","Paula Dominguez",0,0,0,1,NA,"Ajuga reptans","BC3_118","Ainhoa Magrach",NA,NA,"24_Magrach_48"
"Bombus",NA,"pascuorum",NA,"Spain","Bizkaia","Orozko",43.07811263,-2.81039701,"<1km",2020,"05","24",NA,NA,"Paula Dominguez","Paula Dominguez",0,0,0,1,NA,"Vicia pyrenaica","BC3_119","Ainhoa Magrach",NA,NA,"24_Magrach_49"
"Bombus",NA,"pascuorum",NA,"Spain","Bizkaia","Orozko",43.07808953,-2.81051383,"<1km",2020,"05","24",NA,NA,"Paula Dominguez","Paula Dominguez",0,0,0,1,NA,"Vicia pyrenaica","BC3_120","Ainhoa Magrach",NA,NA,"24_Magrach_50"
"Bombus",NA,"pascuorum",NA,"Spain","Bizkaia","Orozko",43.0781175,-2.81054479,"<1km",2020,"05","24",NA,NA,"Paula Dominguez","Paula Dominguez",0,0,0,1,NA,"Ajuga reptans","BC3_121","Ainhoa Magrach",NA,NA,"24_Magrach_51"
"Bombus",NA,"pascuorum",NA,"Spain","Bizkaia","Orozko",43.0759455533569,-2.82516514254564,"<1km",2020,"05","28",NA,NA,"Paula Dominguez","Paula Dominguez",0,0,0,1,NA,"Lotus corniculatus","BC3_189","Ainhoa Magrach",NA,NA,"24_Magrach_52"
"Bombus",NA,"pascuorum",NA,"Spain","Bizkaia","Orozko",43.08087042,-2.81887645,"<1km",2020,"05","29",NA,NA,"Paula Dominguez","Paula Dominguez",0,0,0,1,NA,"Vicia pyrenaica","BC3_205","Ainhoa Magrach",NA,NA,"24_Magrach_53"
"Bombus",NA,"pascuorum",NA,"Spain","Bizkaia","Orozko",43.08087811,-2.8188701,"<1km",2020,"05","29",NA,NA,"Paula Dominguez","Paula Dominguez",0,0,0,1,NA,"Vicia pyrenaica","BC3_207","Ainhoa Magrach",NA,NA,"24_Magrach_54"
"Bombus",NA,"pascuorum",NA,"Spain","Bizkaia","Orozko",43.08089714,-2.81898369,"<1km",2020,"05","29",NA,NA,"Paula Dominguez","Paula Dominguez",0,0,0,1,NA,"Vicia pyrenaica","BC3_208","Ainhoa Magrach",NA,NA,"24_Magrach_55"
"Bombus",NA,"pascuorum",NA,"Spain","Bizkaia","Orozko",43.08091388,-2.81892667,"<1km",2020,"05","29",NA,NA,"Paula Dominguez","Paula Dominguez",0,0,0,1,NA,"Vicia pyrenaica","BC3_209","Ainhoa Magrach",NA,NA,"24_Magrach_56"
"Bombus",NA,"pascuorum",NA,"Spain","Bizkaia","Orozko",43.08094195,-2.81898965,"<1km",2020,"05","29",NA,NA,"Paula Dominguez","Paula Dominguez",0,0,0,1,NA,"Vicia pyrenaica","BC3_211","Ainhoa Magrach",NA,NA,"24_Magrach_57"
"Bombus",NA,"pascuorum",NA,"Spain","Bizkaia","Orozko",43.08097574,-2.81894724,"<1km",2020,"05","29",NA,NA,"Paula Dominguez","Paula Dominguez",0,0,0,1,NA,"Vicia pyrenaica","BC3_212","Ainhoa Magrach",NA,NA,"24_Magrach_58"
"Bombus",NA,"pascuorum",NA,"Spain","Bizkaia","Orozko",43.08091388,-2.81892667,"<1km",2020,"05","29",NA,NA,"Paula Dominguez","Paula Dominguez",0,0,0,1,NA,"Vicia pyrenaica","BC3_213","Ainhoa Magrach",NA,NA,"24_Magrach_59"
"Bombus",NA,"pascuorum",NA,"Spain","Bizkaia","Orozko",43.08089849,-2.81893943,"<1km",2020,"05","29",NA,NA,"Paula Dominguez","Paula Dominguez",0,0,0,1,NA,"Vicia pyrenaica","BC3_214","Ainhoa Magrach",NA,NA,"24_Magrach_60"
"Bombus",NA,"pascuorum",NA,"Spain","Bizkaia","Orozko",43.08088612,-2.81893532,"<1km",2020,"05","29",NA,NA,"Paula Dominguez","Paula Dominguez",0,0,0,1,NA,"Vicia pyrenaica","BC3_215","Ainhoa Magrach",NA,NA,"24_Magrach_61"
"Bombus",NA,"pascuorum",NA,"Spain","Bizkaia","Orozko",43.08093974,-2.81881892,"<1km",2020,"05","29",NA,NA,"Paula Dominguez","Paula Dominguez",0,0,0,1,NA,"Vicia pyrenaica","BC3_216","Ainhoa Magrach",NA,NA,"24_Magrach_62"
"Bombus",NA,"pascuorum",NA,"Spain","Bizkaia","Orozko",43.08091856,-2.81893717,"<1km",2020,"05","29",NA,NA,"Paula Dominguez","Paula Dominguez",0,0,0,1,NA,"Vicia pyrenaica","BC3_217","Ainhoa Magrach",NA,NA,"24_Magrach_63"
"Bombus",NA,"lapidarius",NA,"Spain","Bizkaia","Orozko",43.07815023,-2.81047027,"<1km",2020,"05","25",NA,NA,"Paula Dominguez","Paula Dominguez",0,0,0,1,NA,"Ajuga reptans","BC3_232","Ainhoa Magrach",NA,NA,"24_Magrach_64"
"Bombus",NA,"lapidarius",NA,"Spain","Bizkaia","Orozko",43.07803531,-2.81039053,"<1km",2020,"05","25",NA,NA,"Paula Dominguez","Paula Dominguez",0,0,0,1,NA,"Vicia pyrenaica","BC3_235","Ainhoa Magrach",NA,NA,"24_Magrach_65"
"Bombus",NA,"lapidarius",NA,"Spain","Bizkaia","Orozko",43.07811619,-2.81052751,"<1km",2020,"05","25",NA,NA,"Paula Dominguez","Paula Dominguez",0,0,0,1,NA,"Ajuga reptans","BC3_238","Ainhoa Magrach",NA,NA,"24_Magrach_66"
"Bombus",NA,"lapidarius",NA,"Spain","Bizkaia","Orozko",43.07803795,-2.81042509,"<1km",2020,"05","25",NA,NA,"Paula Dominguez","Paula Dominguez",0,0,0,1,NA,"Vicia pyrenaica","BC3_239","Ainhoa Magrach",NA,NA,"24_Magrach_67"
"Bombus",NA,"pascuorum",NA,"Spain","Bizkaia","Orozko",43.07815115,-2.81056621,"<1km",2020,"05","25",NA,NA,"Paula Dominguez","Paula Dominguez",0,0,0,1,NA,"Ajuga reptans","BC3_256","Ainhoa Magrach",NA,NA,"24_Magrach_68"
"Bombus",NA,"pascuorum",NA,"Spain","Bizkaia","Orozko",43.07816422,-2.81048576,"<1km",2020,"05","25",NA,NA,"Paula Dominguez","Paula Dominguez",0,0,0,1,NA,"Ajuga reptans","BC3_257","Ainhoa Magrach",NA,NA,"24_Magrach_69"
"Bombus",NA,"pascuorum",NA,"Spain","Bizkaia","Orozko",43.07803795,-2.81042509,"<1km",2020,"05","25",NA,NA,"Paula Dominguez","Paula Dominguez",0,0,0,1,NA,"Vicia pyrenaica","BC3_258","Ainhoa Magrach",NA,NA,"24_Magrach_70"
"Bombus",NA,"pascuorum",NA,"Spain","Bizkaia","Orozko",43.07803835,-2.81034643,"<1km",2020,"05","25",NA,NA,"Paula Dominguez","Paula Dominguez",0,0,0,1,NA,"Vicia pyrenaica","BC3_259","Ainhoa Magrach",NA,NA,"24_Magrach_71"
"Bombus",NA,"pascuorum",NA,"Spain","Bizkaia","Orozko",43.07803835,-2.81034643,"<1km",2020,"05","25",NA,NA,"Paula Dominguez","Paula Dominguez",0,0,0,1,NA,"Vicia pyrenaica","BC3_260","Ainhoa Magrach",NA,NA,"24_Magrach_72"
"Bombus",NA,"pascuorum",NA,"Spain","Bizkaia","Orozko",43.07806896,-2.81041195,"<1km",2020,"05","25",NA,NA,"Paula Dominguez","Paula Dominguez",0,0,0,1,NA,"Vicia pyrenaica","BC3_268","Ainhoa Magrach",NA,NA,"24_Magrach_73"
"Bombus",NA,"pascuorum",NA,"Spain","Bizkaia","Orozko",43.07811051,-2.81053705,"<1km",2020,"05","25",NA,NA,"Paula Dominguez","Paula Dominguez",0,0,0,1,NA,"Vicia pyrenaica","BC3_272","Ainhoa Magrach",NA,NA,"24_Magrach_74"
"Bombus",NA,"pascuorum",NA,"Spain","Bizkaia","Orozko",43.07803531,-2.81039053,"<1km",2020,"05","25",NA,NA,"Paula Dominguez","Paula Dominguez",0,0,0,1,NA,"Vicia pyrenaica","BC3_275","Ainhoa Magrach",NA,NA,"24_Magrach_75"
"Bombus",NA,"lapidarius",NA,"Spain","Bizkaia","Orozko",43.07818347,-2.81057035,"<1km",2020,"05","25",NA,NA,"Paula Dominguez","Paula Dominguez",0,0,0,1,NA,"Ajuga reptans","BC3_278","Ainhoa Magrach",NA,NA,"24_Magrach_76"
"Bombus",NA,"pascuorum",NA,"Spain","Bizkaia","Orozko",43.07811619,-2.81052751,"<1km",2020,"05","25",NA,NA,"Paula Dominguez","Paula Dominguez",0,0,0,1,NA,"Ajuga reptans","BC3_281","Ainhoa Magrach",NA,NA,"24_Magrach_77"
"Bombus",NA,"pascuorum",NA,"Spain","Bizkaia","Orozko",43.07807859,-2.81045425,"<1km",2020,"05","25",NA,NA,"Paula Dominguez","Paula Dominguez",0,0,0,1,NA,"Vicia pyrenaica","BC3_283","Ainhoa Magrach",NA,NA,"24_Magrach_78"
"Bombus",NA,"pascuorum",NA,"Spain","Bizkaia","Orozko",43.07810352,-2.81052931,"<1km",2020,"05","25",NA,NA,"Paula Dominguez","Paula Dominguez",0,0,0,1,NA,"Vicia pyrenaica","BC3_284","Ainhoa Magrach",NA,NA,"24_Magrach_79"
"Bombus",NA,"pascuorum",NA,"Spain","Bizkaia","Orozko",43.07803531,-2.81039053,"<1km",2020,"05","25",NA,NA,"Paula Dominguez","Paula Dominguez",0,0,0,1,NA,"Vicia pyrenaica","BC3_286","Ainhoa Magrach",NA,NA,"24_Magrach_80"
"Bombus",NA,"pascuorum",NA,"Spain","Bizkaia","Orozko",43.07803096,-2.81041734,"<1km",2020,"05","25",NA,NA,"Paula Dominguez","Paula Dominguez",0,0,0,1,NA,"Vicia pyrenaica","BC3_287","Ainhoa Magrach",NA,NA,"24_Magrach_81"
"Bombus",NA,"pascuorum",NA,"Spain","Bizkaia","Orozko",43.07807463,-2.81040241,"<1km",2020,"05","25",NA,NA,"Paula Dominguez","Paula Dominguez",0,0,0,1,NA,"Vicia pyrenaica","BC3_288","Ainhoa Magrach",NA,NA,"24_Magrach_82"
"Bombus",NA,"pascuorum",NA,"Spain","Bizkaia","Orozko",43.07804534,-2.81035417,"<1km",2020,"05","25",NA,NA,"Paula Dominguez","Paula Dominguez",0,0,0,1,NA,"Vicia pyrenaica","BC3_289","Ainhoa Magrach",NA,NA,"24_Magrach_83"
"Bombus",NA,"pascuorum",NA,"Spain","Bizkaia","Orozko",43.07805234,-2.81036191,"<1km",2020,"05","25",NA,NA,"Paula Dominguez","Paula Dominguez",0,0,0,1,NA,"Vicia pyrenaica","BC3_290","Ainhoa Magrach",NA,NA,"24_Magrach_84"
"Bombus",NA,"pascuorum",NA,"Spain","Bizkaia","Orozko",43.07818216,-2.81055307,"<1km",2020,"05","25",NA,NA,"Paula Dominguez","Paula Dominguez",0,0,0,1,NA,"Ajuga reptans","BC3_292","Ainhoa Magrach",NA,NA,"24_Magrach_85"
"Bombus",NA,"pascuorum",NA,"Spain","Bizkaia","Orozko",43.0781249,-2.81047387,"<1km",2020,"05","25",NA,NA,"Paula Dominguez","Paula Dominguez",0,0,0,1,NA,"Ajuga reptans","BC3_295","Ainhoa Magrach",NA,NA,"24_Magrach_86"
"Bombus",NA,"pascuorum",NA,"Spain","Bizkaia","Orozko",43.0780646,-2.81043877,"<1km",2020,"05","25",NA,NA,"Paula Dominguez","Paula Dominguez",0,0,0,1,NA,"Vicia pyrenaica","BC3_298","Ainhoa Magrach",NA,NA,"24_Magrach_87"
"Bombus",NA,"pascuorum",NA,"Spain","Bizkaia","Orozko",43.07805497,-2.81039647,"<1km",2020,"05","25",NA,NA,"Paula Dominguez","Paula Dominguez",0,0,0,1,NA,"Vicia pyrenaica","BC3_300","Ainhoa Magrach",NA,NA,"24_Magrach_88"
"Bombus",NA,"pascuorum",NA,"Spain","Bizkaia","Orozko",43.07808558,-2.81046199,"<1km",2020,"05","25",NA,NA,"Paula Dominguez","Paula Dominguez",0,0,0,1,NA,"Vicia pyrenaica","BC3_301","Ainhoa Magrach",NA,NA,"24_Magrach_89"
"Bombus",NA,"pascuorum",NA,"Spain","Bizkaia","Orozko",43.07804059,-2.81045964,"<1km",2020,"05","25",NA,NA,"Paula Dominguez","Paula Dominguez",0,0,0,1,NA,"Vicia pyrenaica","BC3_302","Ainhoa Magrach",NA,NA,"24_Magrach_90"
"Bombus",NA,"pascuorum",NA,"Spain","Bizkaia","Orozko",43.07811922,-2.81048341,"<1km",2020,"05","25",NA,NA,"Paula Dominguez","Paula Dominguez",0,0,0,1,NA,"Ajuga reptans","BC3_303","Ainhoa Magrach",NA,NA,"24_Magrach_91"
"Bombus",NA,"pascuorum",NA,"Spain","Bizkaia","Orozko",43.07806065,-2.81038693,"<1km",2020,"05","25",NA,NA,"Paula Dominguez","Paula Dominguez",0,0,0,1,NA,"Vicia pyrenaica","BC3_309","Ainhoa Magrach",NA,NA,"24_Magrach_92"
"Bombus",NA,"pascuorum",NA,"Spain","Bizkaia","Orozko",43.078169493796,-2.81055487692074,"<1km",2020,"05","25",NA,NA,"Paula Dominguez","Paula Dominguez",0,0,0,1,NA,"Ajuga reptans","BC3_312","Ainhoa Magrach",NA,NA,"24_Magrach_93"
"Bombus",NA,"pascuorum",NA,"Spain","Bizkaia","Orozko",43.07808598,-2.81038333,"<1km",2020,"05","25",NA,NA,"Paula Dominguez","Paula Dominguez",0,0,0,1,NA,"Vicia pyrenaica","BC3_316","Ainhoa Magrach",NA,NA,"24_Magrach_94"
"Bombus",NA,"pascuorum",NA,"Spain","Bizkaia","Orozko",43.07809956,-2.81047747,"<1km",2020,"05","25",NA,NA,"Paula Dominguez","Paula Dominguez",0,0,0,1,NA,"Vicia pyrenaica","BC3_317","Ainhoa Magrach",NA,NA,"24_Magrach_95"
"Bombus",NA,"pascuorum",NA,"Spain","Bizkaia","Orozko",43.07804798,-2.81038873,"<1km",2020,"05","25",NA,NA,"Paula Dominguez","Paula Dominguez",0,0,0,1,NA,"Vicia pyrenaica","BC3_318","Ainhoa Magrach",NA,NA,"24_Magrach_96"
"Bombus",NA,"pascuorum",NA,"Spain","Bizkaia","Orozko",43.07805933,-2.81036965,"<1km",2020,"05","25",NA,NA,"Paula Dominguez","Paula Dominguez",0,0,0,1,NA,"Vicia pyrenaica","BC3_319","Ainhoa Magrach",NA,NA,"24_Magrach_97"
"Bombus",NA,"pascuorum",NA,"Spain","Bizkaia","Orozko",43.07806237,-2.81032555,"<1km",2020,"05","25",NA,NA,"Paula Dominguez","Paula Dominguez",0,0,0,1,NA,"Vicia pyrenaica","BC3_320","Ainhoa Magrach",NA,NA,"24_Magrach_98"
"Bombus",NA,"pascuorum",NA,"Spain","Bizkaia","Orozko",43.07816118,-2.81052985,"<1km",2020,"05","25",NA,NA,"Paula Dominguez","Paula Dominguez",0,0,0,1,NA,"Vicia pyrenaica","BC3_321","Ainhoa Magrach",NA,NA,"24_Magrach_99"
"Bombus",NA,"pascuorum",NA,"Spain","Bizkaia","Orozko",43.07809858,-2.80989683,"<1km",2020,"04","16",NA,NA,"Paula Dominguez","Paula Dominguez",0,0,0,1,NA,"Viola sp","BC3_tran2","Ainhoa Magrach",NA,NA,"24_Magrach_100"
"Apis",NA,"mellifera",NA,"Spain","Bizkaia","Orozko",43.07809858,-2.80989683,"<1km",2020,"04","16",NA,NA,"Paula Dominguez","Paula Dominguez",0,0,0,1,NA,"Taraxacum sp.","BC3_tran3","Ainhoa Magrach",NA,NA,"24_Magrach_101"
"Apis",NA,"melifera",NA,"Spain","Bizkaia","Orozko",43.07809858,-2.80989683,"<1km",2020,"04","16",NA,NA,"Paula Dominguez","Paula Dominguez",0,0,0,1,NA,"Taraxacum sp.","BC3_tran4","Ainhoa Magrach",NA,NA,"24_Magrach_102"
"Apis",NA,"mellifera",NA,"Spain","Bizkaia","Orozko",43.07809858,-2.80989683,"<1km",2020,"04","16",NA,NA,"Paula Dominguez","Paula Dominguez",0,0,0,1,NA,"Taraxacum sp.","BC3_tran5","Ainhoa Magrach",NA,NA,"24_Magrach_103"
"Apis",NA,"mellifera",NA,"Spain","Bizkaia","Orozko",43.07809858,-2.80989683,"<1km",2020,"04","16",NA,NA,"Paula Dominguez","Paula Dominguez",0,0,0,1,NA,"Taraxacum sp.","BC3_tran6","Ainhoa Magrach",NA,NA,"24_Magrach_104"
"Apis",NA,"mellifera",NA,"Spain","Bizkaia","Orozko",43.07809858,-2.80989683,"<1km",2020,"04","16",NA,NA,"Paula Dominguez","Paula Dominguez",0,0,0,1,NA,"Taraxacum sp.","BC3_tran7","Ainhoa Magrach",NA,NA,"24_Magrach_105"
"Apis",NA,"mellifera",NA,"Spain","Bizkaia","Orozko",43.07809858,-2.80989683,"<1km",2020,"04","16",NA,NA,"Paula Dominguez","Paula Dominguez",0,0,0,1,NA,"Taraxacum sp.","BC3_tran8","Ainhoa Magrach",NA,NA,"24_Magrach_106"
"Apis",NA,"mellifera",NA,"Spain","Bizkaia","Orozko",43.07809858,-2.80989683,"<1km",2020,"04","16",NA,NA,"Paula Dominguez","Paula Dominguez",0,0,0,1,NA,"Taraxacum sp.","BC3_tran9","Ainhoa Magrach",NA,NA,"24_Magrach_107"
"Apis",NA,"mellifera",NA,"Spain","Bizkaia","Orozko",43.07809858,-2.80989683,"<1km",2020,"04","16",NA,NA,"Paula Dominguez","Paula Dominguez",0,0,0,1,NA,"Taraxacum sp.","BC3_tran10","Ainhoa Magrach",NA,NA,"24_Magrach_108"
"Apis",NA,"mellifera",NA,"Spain","Bizkaia","Orozko",43.07809858,-2.80989683,"<1km",2020,"04","16",NA,NA,"Paula Dominguez","Paula Dominguez",0,0,0,1,NA,"Taraxacum sp.","BC3_tran11","Ainhoa Magrach",NA,NA,"24_Magrach_109"
"Bombus",NA,"pascurorum",NA,"Spain","Bizkaia","Orozko",43.07809858,-2.80989683,"<1km",2020,"04","16",NA,NA,"Paula Dominguez","Paula Dominguez",0,0,0,1,NA,"Viola sp","BC3_tran12","Ainhoa Magrach",NA,NA,"24_Magrach_110"
"Apis",NA,"mellifera",NA,"Spain","Bizkaia","Orozko",43.07809858,-2.80989683,"<1km",2020,"04","16",NA,NA,"Paula Dominguez","Paula Dominguez",0,0,0,1,NA,"Taraxacum sp.","BC3_tran13","Ainhoa Magrach",NA,NA,"24_Magrach_111"
"Apis",NA,"mellifera",NA,"Spain","Bizkaia","Orozko",43.07809858,-2.80989683,"<1km",2020,"04","16",NA,NA,"Paula Dominguez","Paula Dominguez",0,0,0,1,NA,"Taraxacum sp.","BC3_tran14","Ainhoa Magrach",NA,NA,"24_Magrach_112"
"Apis",NA,"mellifera",NA,"Spain","Bizkaia","Orozko",43.07809858,-2.80989683,"<1km",2020,"04","16",NA,NA,"Paula Dominguez","Paula Dominguez",0,0,0,1,NA,"Taraxacum sp.","BC3_tran15","Ainhoa Magrach",NA,NA,"24_Magrach_113"
"Apis",NA,"mellifera",NA,"Spain","Bizkaia","Orozko",43.07809858,-2.80989683,"<1km",2020,"04","16",NA,NA,"Paula Dominguez","Paula Dominguez",0,0,0,1,NA,"Taraxacum sp.","BC3_tran16","Ainhoa Magrach",NA,NA,"24_Magrach_114"
"Apis",NA,"mellifera",NA,"Spain","Bizkaia","Orozko",43.07809858,-2.80989683,"<1km",2020,"04","16",NA,NA,"Paula Dominguez","Paula Dominguez",0,0,0,1,NA,"Taraxacum sp.","BC3_tran17","Ainhoa Magrach",NA,NA,"24_Magrach_115"
"Apis",NA,"mellifera",NA,"Spain","Bizkaia","Orozko",43.07809858,-2.80989683,"<1km",2020,"04","16",NA,NA,"Paula Dominguez","Paula Dominguez",0,0,0,1,NA,"Taraxacum sp.","BC3_tran20","Ainhoa Magrach",NA,NA,"24_Magrach_116"
"Apis",NA,"mellifera",NA,"Spain","Bizkaia","Orozko",43.07809858,-2.80989683,"<1km",2020,"04","16",NA,NA,"Paula Dominguez","Paula Dominguez",0,0,0,1,NA,"Taraxacum sp.","BC3_tran21","Ainhoa Magrach",NA,NA,"24_Magrach_117"
"Bombus",NA,"terrestris",NA,"Spain","Bizkaia","Orozko",43.07809858,-2.80989683,"<1km",2020,"04","16",NA,NA,"Paula Dominguez","Paula Dominguez",0,0,0,1,NA,"Taraxacum sp.","BC3_tran22","Ainhoa Magrach",NA,NA,"24_Magrach_118"
"Bombus",NA,"pascuorum",NA,"Spain","Bizkaia","Orozko",43.07809858,-2.80989683,"<1km",2020,"04","16",NA,NA,"Paula Dominguez","Paula Dominguez",0,0,0,1,NA,"Taraxacum sp.","BC3_tran23","Ainhoa Magrach",NA,NA,"24_Magrach_119"
"Apis",NA,"mellifera",NA,"Spain","Bizkaia","Orozko",43.07809858,-2.80989683,"<1km",2020,"04","16",NA,NA,"Paula Dominguez","Paula Dominguez",0,0,0,1,NA,"Taraxacum sp.","BC3_tran24","Ainhoa Magrach",NA,NA,"24_Magrach_120"
"Apis",NA,"mellifera",NA,"Spain","Bizkaia","Orozko",43.07809858,-2.80989683,"<1km",2020,"04","16",NA,NA,"Paula Dominguez","Paula Dominguez",0,0,0,1,NA,"Taraxacum sp.","BC3_tran25","Ainhoa Magrach",NA,NA,"24_Magrach_121"
"Apis",NA,"mellifera",NA,"Spain","Bizkaia","Orozko",43.07809858,-2.80989683,"<1km",2020,"04","16",NA,NA,"Paula Dominguez","Paula Dominguez",0,0,0,1,NA,"Taraxacum sp.","BC3_tran27","Ainhoa Magrach",NA,NA,"24_Magrach_122"
"Apis",NA,"mellifera",NA,"Spain","Bizkaia","Orozko",43.07809858,-2.80989683,"<1km",2020,"04","16",NA,NA,"Paula Dominguez","Paula Dominguez",0,0,0,1,NA,"Taraxacum sp.","BC3_tran28","Ainhoa Magrach",NA,NA,"24_Magrach_123"
"Apis",NA,"mellifera",NA,"Spain","Bizkaia","Orozko",43.07809858,-2.80989683,"<1km",2020,"04","16",NA,NA,"Paula Dominguez","Paula Dominguez",0,0,0,1,NA,"Taraxacum sp.","BC3_tran29","Ainhoa Magrach",NA,NA,"24_Magrach_124"
"Apis",NA,"mellifera",NA,"Spain","Bizkaia","Orozko",43.07809858,-2.80989683,"<1km",2020,"04","16",NA,NA,"Paula Dominguez","Paula Dominguez",0,0,0,1,NA,"Taraxacum sp.","BC3_tran30","Ainhoa Magrach",NA,NA,"24_Magrach_125"
"Apis",NA,"mellifera",NA,"Spain","Bizkaia","Orozko",43.07809858,-2.80989683,"<1km",2020,"04","16",NA,NA,"Paula Dominguez","Paula Dominguez",0,0,0,1,NA,"Taraxacum sp.","BC3_tran31","Ainhoa Magrach",NA,NA,"24_Magrach_126"
"Apis",NA,"mellifera",NA,"Spain","Bizkaia","Orozko",43.07809858,-2.80989683,"<1km",2020,"04","16",NA,NA,"Paula Dominguez","Paula Dominguez",0,0,0,1,NA,"Taraxacum sp.","BC3_tran32","Ainhoa Magrach",NA,NA,"24_Magrach_127"
"Apis",NA,"mellifera",NA,"Spain","Bizkaia","Orozko",43.07809858,-2.80989683,"<1km",2020,"04","16",NA,NA,"Paula Dominguez","Paula Dominguez",0,0,0,1,NA,"Taraxacum sp.","BC3_tran34","Ainhoa Magrach",NA,NA,"24_Magrach_128"
"Apis",NA,"mellifera",NA,"Spain","Bizkaia","Orozko",43.07809858,-2.80989683,"<1km",2020,"04","16",NA,NA,"Paula Dominguez","Paula Dominguez",0,0,0,1,NA,"Taraxacum sp.","BC3_tran35","Ainhoa Magrach",NA,NA,"24_Magrach_129"
"Apis",NA,"mellifera",NA,"Spain","Bizkaia","Orozko",43.07809858,-2.80989683,"<1km",2020,"04","16",NA,NA,"Paula Dominguez","Paula Dominguez",0,0,0,1,NA,"Taraxacum sp.","BC3_tran36","Ainhoa Magrach",NA,NA,"24_Magrach_130"
"Apis",NA,"mellifera",NA,"Spain","Bizkaia","Orozko",43.06698302,-2.86114075,"<1km",2020,"04","17",NA,NA,"Paula Dominguez","Paula Dominguez",0,0,0,1,NA,"Taraxacum sp.","BC3_tran37","Ainhoa Magrach",NA,NA,"24_Magrach_131"
"Bombus",NA,"terrestris",NA,"Spain","Bizkaia","Orozko",43.06698302,-2.86114075,"<1km",2020,"04","17",NA,NA,"Paula Dominguez","Paula Dominguez",0,0,0,1,NA,"Taraxacum sp.","BC3_tran39","Ainhoa Magrach",NA,NA,"24_Magrach_132"
"Apis",NA,"mellifera",NA,"Spain","Bizkaia","Orozko",43.06698302,-2.86114075,"<1km",2020,"04","17",NA,NA,"Paula Dominguez","Paula Dominguez",0,0,0,1,NA,"Taraxacum sp.","BC3_tran40","Ainhoa Magrach",NA,NA,"24_Magrach_133"
"Apis",NA,"mellifera",NA,"Spain","Bizkaia","Orozko",43.05596889,-2.85812364,"<1km",2020,"04","18",NA,NA,"Paula Dominguez","Paula Dominguez",0,0,0,1,NA,"Vaccinium sp.","BC3_tran42","Ainhoa Magrach",NA,NA,"24_Magrach_134"
"Apis",NA,"mellifera",NA,"Spain","Bizkaia","Orozko",43.05596889,-2.85812364,"<1km",2020,"04","18",NA,NA,"Paula Dominguez","Paula Dominguez",0,0,0,1,NA,"Vaccinium sp.","BC3_tran43","Ainhoa Magrach",NA,NA,"24_Magrach_135"
"Apis",NA,"mellifera",NA,"Spain","Bizkaia","Orozko",43.08122109,-2.81928523,"<1km",2020,"04","23",NA,NA,"Paula Dominguez","Paula Dominguez",0,0,0,1,NA,"Helleborus viridis subsp. occidentalis","BC3_tran44","Ainhoa Magrach",NA,NA,"24_Magrach_136"
"Bombus",NA,"pascuorum",NA,"Spain","Bizkaia","Orozko",43.08122109,-2.81928523,"<1km",2020,"04","23",NA,NA,"Paula Dominguez","Paula Dominguez",0,0,0,1,NA,"Taraxacum sp.","BC3_tran45","Ainhoa Magrach",NA,NA,"24_Magrach_137"
"Apis",NA,"mellifera",NA,"Spain","Bizkaia","Orozko",43.08122109,-2.81928523,"<1km",2020,"04","23",NA,NA,"Paula Dominguez","Paula Dominguez",0,0,0,1,NA,"Helleborus viridis subsp. occidentalis","BC3_tran46","Ainhoa Magrach",NA,NA,"24_Magrach_138"
"Bombus",NA,"pascuorum",NA,"Spain","Bizkaia","Orozko",43.08122109,-2.81928523,"<1km",2020,"04","23",NA,NA,"Paula Dominguez","Paula Dominguez",0,0,0,1,NA,"Helleborus viridis subsp. occidentalis","BC3_tran47","Ainhoa Magrach",NA,NA,"24_Magrach_139"
"Apis",NA,"mellifera",NA,"Spain","Bizkaia","Orozko",43.08122109,-2.81928523,"<1km",2020,"04","23",NA,NA,"Paula Dominguez","Paula Dominguez",0,0,0,1,NA,"Taraxacum sp.","BC3_tran48","Ainhoa Magrach",NA,NA,"24_Magrach_140"
"Apis",NA,"mellifera",NA,"Spain","Bizkaia","Orozko",43.08122109,-2.81928523,"<1km",2020,"04","23",NA,NA,"Paula Dominguez","Paula Dominguez",0,0,0,1,NA,"Taraxacum sp.","BC3_tran49","Ainhoa Magrach",NA,NA,"24_Magrach_141"
"Apis",NA,"mellifera",NA,"Spain","Bizkaia","Orozko",43.08122109,-2.81928523,"<1km",2020,"04","23",NA,NA,"Paula Dominguez","Paula Dominguez",0,0,0,1,NA,"Taraxacum sp.","BC3_tran50","Ainhoa Magrach",NA,NA,"24_Magrach_142"
"Apis",NA,"mellifera",NA,"Spain","Bizkaia","Orozko",43.08122109,-2.81928523,"<1km",2020,"04","23",NA,NA,"Paula Dominguez","Paula Dominguez",0,0,0,1,NA,"Helleborus viridis subsp. occidentalis","BC3_tran51","Ainhoa Magrach",NA,NA,"24_Magrach_143"
"Apis",NA,"mellifera",NA,"Spain","Bizkaia","Orozko",43.08122109,-2.81928523,"<1km",2020,"04","23",NA,NA,"Paula Dominguez","Paula Dominguez",0,0,0,1,NA,"Taraxacum sp.","BC3_tran52","Ainhoa Magrach",NA,NA,"24_Magrach_144"
"Apis",NA,"mellifera",NA,"Spain","Bizkaia","Orozko",43.08122109,-2.81928523,"<1km",2020,"04","23",NA,NA,"Paula Dominguez","Paula Dominguez",0,0,0,1,NA,"Taraxacum sp.","BC3_tran53","Ainhoa Magrach",NA,NA,"24_Magrach_145"
"Apis",NA,"mellifera",NA,"Spain","Bizkaia","Orozko",43.08122109,-2.81928523,"<1km",2020,"04","23",NA,NA,"Paula Dominguez","Paula Dominguez",0,0,0,1,NA,"Taraxacum sp.","BC3_tran54","Ainhoa Magrach",NA,NA,"24_Magrach_146"
"Apis",NA,"mellifera",NA,"Spain","Bizkaia","Orozko",43.08122109,-2.81928523,"<1km",2020,"04","23",NA,NA,"Paula Dominguez","Paula Dominguez",0,0,0,1,NA,"Taraxacum sp.","BC3_tran55","Ainhoa Magrach",NA,NA,"24_Magrach_147"
"Apis",NA,"mellifera",NA,"Spain","Bizkaia","Orozko",43.08122109,-2.81928523,"<1km",2020,"04","23",NA,NA,"Paula Dominguez","Paula Dominguez",0,0,0,1,NA,"Bellis perennis","BC3_tran56","Ainhoa Magrach",NA,NA,"24_Magrach_148"
"Apis",NA,"mellifera",NA,"Spain","Bizkaia","Orozko",43.08122109,-2.81928523,"<1km",2020,"04","23",NA,NA,"Paula Dominguez","Paula Dominguez",0,0,0,1,NA,"Taraxacum sp.","BC3_tran57","Ainhoa Magrach",NA,NA,"24_Magrach_149"
"Apis",NA,"mellifera",NA,"Spain","Bizkaia","Orozko",43.08122109,-2.81928523,"<1km",2020,"04","23",NA,NA,"Paula Dominguez","Paula Dominguez",0,0,0,1,NA,"Taraxacum sp.","BC3_tran58","Ainhoa Magrach",NA,NA,"24_Magrach_150"
"Apis",NA,"mellifera",NA,"Spain","Bizkaia","Orozko",43.08122109,-2.81928523,"<1km",2020,"04","23",NA,NA,"Paula Dominguez","Paula Dominguez",0,0,0,1,NA,"Taraxacum sp.","BC3_tran59","Ainhoa Magrach",NA,NA,"24_Magrach_151"
"Apis",NA,"mellifera",NA,"Spain","Bizkaia","Orozko",43.08122109,-2.81928523,"<1km",2020,"04","23",NA,NA,"Paula Dominguez","Paula Dominguez",0,0,0,1,NA,"Taraxacum sp.","BC3_tran60","Ainhoa Magrach",NA,NA,"24_Magrach_152"
"Apis",NA,"mellifera",NA,"Spain","Bizkaia","Orozko",43.08122109,-2.81928523,"<1km",2020,"04","23",NA,NA,"Paula Dominguez","Paula Dominguez",0,0,0,1,NA,"Taraxacum sp.","BC3_tran61","Ainhoa Magrach",NA,NA,"24_Magrach_153"
"Apis",NA,"mellifera",NA,"Spain","Bizkaia","Orozko",43.08122109,-2.81928523,"<1km",2020,"04","23",NA,NA,"Paula Dominguez","Paula Dominguez",0,0,0,1,NA,"Taraxacum sp.","BC3_tran62","Ainhoa Magrach",NA,NA,"24_Magrach_154"
"Apis",NA,"mellifera",NA,"Spain","Bizkaia","Orozko",43.08122109,-2.81928523,"<1km",2020,"04","23",NA,NA,"Paula Dominguez","Paula Dominguez",0,0,0,1,NA,"Taraxacum sp.","BC3_tran63","Ainhoa Magrach",NA,NA,"24_Magrach_155"
"Apis",NA,"mellifera",NA,"Spain","Bizkaia","Orozko",43.08122109,-2.81928523,"<1km",2020,"04","23",NA,NA,"Paula Dominguez","Paula Dominguez",0,0,0,1,NA,"Taraxacum sp.","BC3_tran64","Ainhoa Magrach",NA,NA,"24_Magrach_156"
"Apis",NA,"mellifera",NA,"Spain","Bizkaia","Orozko",43.08122109,-2.81928523,"<1km",2020,"04","23",NA,NA,"Paula Dominguez","Paula Dominguez",0,0,0,1,NA,"Taraxacum sp.","BC3_tran65","Ainhoa Magrach",NA,NA,"24_Magrach_157"
"Apis",NA,"mellifera",NA,"Spain","Bizkaia","Orozko",43.08122109,-2.81928523,"<1km",2020,"04","23",NA,NA,"Paula Dominguez","Paula Dominguez",0,0,0,1,NA,"Taraxacum sp.","BC3_tran67","Ainhoa Magrach",NA,NA,"24_Magrach_158"
"Apis",NA,"mellifera",NA,"Spain","Bizkaia","Orozko",43.08122109,-2.81928523,"<1km",2020,"04","23",NA,NA,"Paula Dominguez","Paula Dominguez",0,0,0,1,NA,"Taraxacum sp.","BC3_tran68","Ainhoa Magrach",NA,NA,"24_Magrach_159"
"Apis",NA,"mellifera",NA,"Spain","Bizkaia","Orozko",43.08122109,-2.81928523,"<1km",2020,"04","23",NA,NA,"Paula Dominguez","Paula Dominguez",0,0,0,1,NA,"Taraxacum sp.","BC3_tran69","Ainhoa Magrach",NA,NA,"24_Magrach_160"
"Apis",NA,"mellifera",NA,"Spain","Bizkaia","Orozko",43.08122109,-2.81928523,"<1km",2020,"04","23",NA,NA,"Paula Dominguez","Paula Dominguez",0,0,0,1,NA,"Taraxacum sp.","BC3_tran70","Ainhoa Magrach",NA,NA,"24_Magrach_161"
"Apis",NA,"mellifera",NA,"Spain","Bizkaia","Orozko",43.08122109,-2.81928523,"<1km",2020,"04","23",NA,NA,"Paula Dominguez","Paula Dominguez",0,0,0,1,NA,"Helleborus viridis subsp. occidentalis","BC3_tran71","Ainhoa Magrach",NA,NA,"24_Magrach_162"
"Apis",NA,"mellifera",NA,"Spain","Bizkaia","Orozko",43.08122109,-2.81928523,"<1km",2020,"04","23",NA,NA,"Paula Dominguez","Paula Dominguez",0,0,0,1,NA,"Taraxacum sp.","BC3_tran72","Ainhoa Magrach",NA,NA,"24_Magrach_163"
"Apis",NA,"mellifera",NA,"Spain","Bizkaia","Orozko",43.08122109,-2.81928523,"<1km",2020,"04","23",NA,NA,"Paula Dominguez","Paula Dominguez",0,0,0,1,NA,"Taraxacum sp.","BC3_tran73","Ainhoa Magrach",NA,NA,"24_Magrach_164"
"Apis",NA,"mellifera",NA,"Spain","Bizkaia","Orozko",43.08122109,-2.81928523,"<1km",2020,"04","23",NA,NA,"Paula Dominguez","Paula Dominguez",0,0,0,1,NA,"Taraxacum sp.","BC3_tran74","Ainhoa Magrach",NA,NA,"24_Magrach_165"
"Apis",NA,"mellifera",NA,"Spain","Bizkaia","Orozko",43.08122109,-2.81928523,"<1km",2020,"04","23",NA,NA,"Paula Dominguez","Paula Dominguez",0,0,0,1,NA,"Helleborus viridis subsp. occidentalis","BC3_tran77","Ainhoa Magrach",NA,NA,"24_Magrach_166"
"Apis",NA,"mellifera",NA,"Spain","Bizkaia","Orozko",43.08122109,-2.81928523,"<1km",2020,"04","23",NA,NA,"Paula Dominguez","Paula Dominguez",0,0,0,1,NA,"Taraxacum sp.","BC3_tran78","Ainhoa Magrach",NA,NA,"24_Magrach_167"
"Apis",NA,"mellifera",NA,"Spain","Bizkaia","Orozko",43.08122109,-2.81928523,"<1km",2020,"04","23",NA,NA,"Paula Dominguez","Paula Dominguez",0,0,0,1,NA,"Taraxacum sp.","BC3_tran79","Ainhoa Magrach",NA,NA,"24_Magrach_168"
"Bombus",NA,"pascuorum",NA,"Spain","Bizkaia","Orozko",43.08122109,-2.81928523,"<1km",2020,"04","23",NA,NA,"Paula Dominguez","Paula Dominguez",0,0,0,1,NA,"Helleborus viridis subsp. occidentalis","BC3_tran80","Ainhoa Magrach",NA,NA,"24_Magrach_169"
"Apis",NA,"mellifera",NA,"Spain","Bizkaia","Orozko",43.08122109,-2.81928523,"<1km",2020,"04","23",NA,NA,"Paula Dominguez","Paula Dominguez",0,0,0,1,NA,"Taraxacum sp.","BC3_tran83","Ainhoa Magrach",NA,NA,"24_Magrach_170"
"Bombus",NA,"pascuorum",NA,"Spain","Bizkaia","Orozko",43.07809858,-2.80989683,"<1km",2020,"04","29",NA,NA,"Paula Dominguez","Paula Dominguez",0,0,0,1,NA,"Viola sp","BC3_tran86","Ainhoa Magrach",NA,NA,"24_Magrach_171"
"Bombus",NA,"pascuorum",NA,"Spain","Bizkaia","Orozko",43.08122109,-2.81928523,"<1km",2020,"05","03",NA,NA,"Paula Dominguez","Paula Dominguez",0,0,0,1,NA,"Vicia pyrenaica","BC3_tran97","Ainhoa Magrach",NA,NA,"24_Magrach_172"
"Apis",NA,"mellifera",NA,"Spain","Bizkaia","Orozko",43.08122109,-2.81928523,"<1km",2020,"05","03",NA,NA,"Paula Dominguez","Paula Dominguez",0,0,0,1,NA,"Lotus corniculatus","BC3_tran107","Ainhoa Magrach",NA,NA,"24_Magrach_173"
"Bombus",NA,"pascuorum",NA,"Spain","Bizkaia","Orozko",43.08122109,-2.81928523,"<1km",2020,"05","03",NA,NA,"Paula Dominguez","Paula Dominguez",0,0,0,1,NA,"Vicia pyrenaica","BC3_tran108","Ainhoa Magrach",NA,NA,"24_Magrach_174"
"Bombus",NA,"pascuorum",NA,"Spain","Bizkaia","Orozko",43.05596889,-2.85812364,"<1km",2020,"05","04",NA,NA,"Paula Dominguez","Paula Dominguez",0,0,0,1,NA,"Pedicularis sylvatica subsp. sylvatica subsp. sylvatica","BC3_tran170","Ainhoa Magrach",NA,NA,"24_Magrach_175"
"Apis",NA,"mellifera",NA,"Spain","Bizkaia","Orozko",43.06698302,-2.86114075,"<1km",2020,"05","05",NA,NA,"Paula Dominguez","Paula Dominguez",0,0,0,1,NA,"Taraxacum sp.","BC3_tran221","Ainhoa Magrach",NA,NA,"24_Magrach_176"
"Bombus",NA,"terrestris",NA,"Spain","Bizkaia","Orozko",43.06698302,-2.86114075,"<1km",2020,"05","05",NA,NA,"Paula Dominguez","Paula Dominguez",0,0,0,1,NA,"Polygala sp.","BC3_tran240","Ainhoa Magrach",NA,NA,"24_Magrach_177"
"Apis",NA,"mellifera",NA,"Spain","Bizkaia","Orozko",43.06698302,-2.86114075,"<1km",2020,"05","05",NA,NA,"Paula Dominguez","Paula Dominguez",0,0,0,1,NA,"Polygala sp.","BC3_tran247","Ainhoa Magrach",NA,NA,"24_Magrach_178"
"Apis",NA,"mellifera",NA,"Spain","Bizkaia","Orozko",43.06698302,-2.86114075,"<1km",2020,"05","05",NA,NA,"Paula Dominguez","Paula Dominguez",0,0,0,1,NA,"Polygala sp.","BC3_tran249","Ainhoa Magrach",NA,NA,"24_Magrach_179"
"Apis",NA,"mellifera",NA,"Spain","Bizkaia","Orozko",43.06698302,-2.86114075,"<1km",2020,"05","05",NA,NA,"Paula Dominguez","Paula Dominguez",0,0,0,1,NA,"Polygala sp.","BC3_tran251","Ainhoa Magrach",NA,NA,"24_Magrach_180"
"Bombus",NA,"pascuorum",NA,"Spain","Bizkaia","Orozko",43.08122109,-2.81928523,"<1km",2020,"05","06",NA,NA,"Paula Dominguez","Paula Dominguez",0,0,0,1,NA,"Vicia pyrenaica","BC3_tran274","Ainhoa Magrach",NA,NA,"24_Magrach_181"
"Apis",NA,"mellifera",NA,"Spain","Bizkaia","Orozko",43.08122109,-2.81928523,"<1km",2020,"05","06",NA,NA,"Paula Dominguez","Paula Dominguez",0,0,0,1,NA,"Geranium robertianum","BC3_tran275","Ainhoa Magrach",NA,NA,"24_Magrach_182"
"Apis",NA,"mellifera",NA,"Spain","Bizkaia","Orozko",43.08122109,-2.81928523,"<1km",2020,"05","06",NA,NA,"Paula Dominguez","Paula Dominguez",0,0,0,1,NA,"Taraxacum sp.","BC3_tran316","Ainhoa Magrach",NA,NA,"24_Magrach_183"
"Apis",NA,"mellifera",NA,"Spain","Bizkaia","Orozko",43.08122109,-2.81928523,"<1km",2020,"05","06",NA,NA,"Paula Dominguez","Paula Dominguez",0,0,0,1,NA,"Taraxacum sp.","BC3_tran317","Ainhoa Magrach",NA,NA,"24_Magrach_184"
"Apis",NA,"mellifera",NA,"Spain","Bizkaia","Orozko",43.08122109,-2.81928523,"<1km",2020,"05","06",NA,NA,"Paula Dominguez","Paula Dominguez",0,0,0,1,NA,"Taraxacum sp.","BC3_tran318","Ainhoa Magrach",NA,NA,"24_Magrach_185"
"Apis",NA,"mellifera",NA,"Spain","Bizkaia","Orozko",43.08122109,-2.81928523,"<1km",2020,"05","06",NA,NA,"Paula Dominguez","Paula Dominguez",0,0,0,1,NA,"Taraxacum sp.","BC3_tran320","Ainhoa Magrach",NA,NA,"24_Magrach_186"
"Apis",NA,"mellifera",NA,"Spain","Bizkaia","Orozko",43.08122109,-2.81928523,"<1km",2020,"05","06",NA,NA,"Paula Dominguez","Paula Dominguez",0,0,0,1,NA,"Taraxacum sp.","BC3_tran369","Ainhoa Magrach",NA,NA,"24_Magrach_187"
"Apis",NA,"mellifera",NA,"Spain","Bizkaia","Orozko",43.08122109,-2.81928523,"<1km",2020,"05","06",NA,NA,"Paula Dominguez","Paula Dominguez",0,0,0,1,NA,"Taraxacum sp.","BC3_tran370","Ainhoa Magrach",NA,NA,"24_Magrach_188"
"Apis",NA,"mellifera",NA,"Spain","Bizkaia","Orozko",43.08122109,-2.81928523,"<1km",2020,"05","06",NA,NA,"Paula Dominguez","Paula Dominguez",0,0,0,1,NA,"Taraxacum sp.","BC3_tran371","Ainhoa Magrach",NA,NA,"24_Magrach_189"
"Bombus",NA,"pascuorum",NA,"Spain","Bizkaia","Orozko",43.08122109,-2.81928523,"<1km",2020,"05","06",NA,NA,"Paula Dominguez","Paula Dominguez",0,0,0,1,NA,"Vicia pyrenaica","BC3_tran393","Ainhoa Magrach",NA,NA,"24_Magrach_190"
"Bombus",NA,"pascuorum",NA,"Spain","Bizkaia","Orozko",43.08122109,-2.81928523,"<1km",2020,"05","06",NA,NA,"Paula Dominguez","Paula Dominguez",0,0,0,1,NA,"Vicia pyrenaica","BC3_tran400","Ainhoa Magrach",NA,NA,"24_Magrach_191"
"Bombus",NA,"pascuorum",NA,"Spain","Bizkaia","Orozko",43.08122109,-2.81928523,"<1km",2020,"05","06",NA,NA,"Paula Dominguez","Paula Dominguez",0,0,0,1,NA,"Vicia pyrenaica","BC3_tran403","Ainhoa Magrach",NA,NA,"24_Magrach_192"
"Apis",NA,"mellifera",NA,"Spain","Bizkaia","Orozko",43.07809858,-2.80989683,"<1km",2020,"05","07",NA,NA,"Paula Dominguez","Paula Dominguez",0,0,0,1,NA,"Taraxacum sp.","BC3_tran415","Ainhoa Magrach",NA,NA,"24_Magrach_193"
"Apis",NA,"mellifera",NA,"Spain","Bizkaia","Orozko",43.07809858,-2.80989683,"<1km",2020,"05","07",NA,NA,"Paula Dominguez","Paula Dominguez",0,0,0,1,NA,"Taraxacum sp.","BC3_tran416","Ainhoa Magrach",NA,NA,"24_Magrach_194"
"Apis",NA,"mellifera",NA,"Spain","Bizkaia","Orozko",43.07809858,-2.80989683,"<1km",2020,"05","07",NA,NA,"Paula Dominguez","Paula Dominguez",0,0,0,1,NA,"Taraxacum sp.","BC3_tran417","Ainhoa Magrach",NA,NA,"24_Magrach_195"
"Apis",NA,"mellifera",NA,"Spain","Bizkaia","Orozko",43.07809858,-2.80989683,"<1km",2020,"05","07",NA,NA,"Paula Dominguez","Paula Dominguez",0,0,0,1,NA,"Taraxacum sp.","BC3_tran419","Ainhoa Magrach",NA,NA,"24_Magrach_196"
"Apis",NA,"mellifera",NA,"Spain","Bizkaia","Orozko",43.07809858,-2.80989683,"<1km",2020,"05","07",NA,NA,"Paula Dominguez","Paula Dominguez",0,0,0,1,NA,"Taraxacum sp.","BC3_tran422","Ainhoa Magrach",NA,NA,"24_Magrach_197"
"Apis",NA,"mellifera",NA,"Spain","Bizkaia","Orozko",43.07809858,-2.80989683,"<1km",2020,"05","07",NA,NA,"Paula Dominguez","Paula Dominguez",0,0,0,1,NA,"Taraxacum sp.","BC3_tran425","Ainhoa Magrach",NA,NA,"24_Magrach_198"
"Apis",NA,"mellifera",NA,"Spain","Bizkaia","Orozko",43.07809858,-2.80989683,"<1km",2020,"05","07",NA,NA,"Paula Dominguez","Paula Dominguez",0,0,0,1,NA,"Taraxacum sp.","BC3_tran438","Ainhoa Magrach",NA,NA,"24_Magrach_199"
"Bombus",NA,"pascuorum",NA,"Spain","Bizkaia","Orozko",43.08122109,-2.81928523,"<1km",2020,"05","17",NA,NA,"Paula Dominguez","Paula Dominguez",0,0,0,1,NA,"Vicia pyrenaica","BC3_tran448","Ainhoa Magrach",NA,NA,"24_Magrach_200"
"Apis",NA,"mellifera",NA,"Spain","Bizkaia","Orozko",43.08122109,-2.81928523,"<1km",2020,"05","17",NA,NA,"Paula Dominguez","Paula Dominguez",0,0,0,1,NA,"Taraxacum sp.","BC3_tran449","Ainhoa Magrach",NA,NA,"24_Magrach_201"
"Bombus",NA,"pascuorum",NA,"Spain","Bizkaia","Orozko",43.08122109,-2.81928523,"<1km",2020,"05","17",NA,NA,"Paula Dominguez","Paula Dominguez",0,0,0,1,NA,"Vicia pyrenaica","BC3_tran452","Ainhoa Magrach",NA,NA,"24_Magrach_202"
"Bombus",NA,"pascuorum",NA,"Spain","Bizkaia","Orozko",43.08122109,-2.81928523,"<1km",2020,"05","17",NA,NA,"Paula Dominguez","Paula Dominguez",0,0,0,1,NA,"Vicia pyrenaica","BC3_tran480","Ainhoa Magrach",NA,NA,"24_Magrach_203"
"Bombus",NA,"pascuorum",NA,"Spain","Bizkaia","Orozko",43.08122109,-2.81928523,"<1km",2020,"05","17",NA,NA,"Paula Dominguez","Paula Dominguez",0,0,0,1,NA,"Vicia pyrenaica","BC3_tran482","Ainhoa Magrach",NA,NA,"24_Magrach_204"
"Bombus",NA,"pascuorum",NA,"Spain","Bizkaia","Orozko",43.08122109,-2.81928523,"<1km",2020,"05","17",NA,NA,"Paula Dominguez","Paula Dominguez",0,0,0,1,NA,"Vicia pyrenaica","BC3_tran487","Ainhoa Magrach",NA,NA,"24_Magrach_205"
"Bombus",NA,"pascuorum",NA,"Spain","Bizkaia","Orozko",43.08122109,-2.81928523,"<1km",2020,"05","17",NA,NA,"Paula Dominguez","Paula Dominguez",0,0,0,1,NA,"Vicia pyrenaica","BC3_tran505","Ainhoa Magrach",NA,NA,"24_Magrach_206"
"Bombus",NA,"pascuorum",NA,"Spain","Bizkaia","Orozko",43.08122109,-2.81928523,"<1km",2020,"05","17",NA,NA,"Paula Dominguez","Paula Dominguez",0,0,0,1,NA,"Vicia pyrenaica","BC3_tran510","Ainhoa Magrach",NA,NA,"24_Magrach_207"
"Bombus",NA,"pascuorum",NA,"Spain","Bizkaia","Orozko",43.08122109,-2.81928523,"<1km",2020,"05","17",NA,NA,"Paula Dominguez","Paula Dominguez",0,0,0,1,NA,"Vicia pyrenaica","BC3_tran515","Ainhoa Magrach",NA,NA,"24_Magrach_208"
"Apis",NA,"mellifera",NA,"Spain","Bizkaia","Orozko",43.06698302,-2.86114075,"<1km",2020,"05","20",NA,NA,"Paula Dominguez","Paula Dominguez",0,0,0,1,NA,"Galium sp.","BC3_tran595","Ainhoa Magrach",NA,NA,"24_Magrach_209"
"Bombus",NA,"terrestris",NA,"Spain","Bizkaia","Orozko",43.06698302,-2.86114075,"<1km",2020,"05","20",NA,NA,"Paula Dominguez","Paula Dominguez",0,0,0,1,NA,"Veronica officinalis ","BC3_tran611","Ainhoa Magrach",NA,NA,"24_Magrach_210"
"Bombus",NA,"pascuorum",NA,"Spain","Bizkaia","Orozko",43.05596889,-2.85812364,"<1km",2020,"05","21",NA,NA,"Paula Dominguez","Paula Dominguez",0,0,0,1,NA,"Scorzonera humilis ","BC3_tran622","Ainhoa Magrach",NA,NA,"24_Magrach_211"
"Bombus",NA,"pascuorum",NA,"Spain","Bizkaia","Orozko",43.05596889,-2.85812364,"<1km",2020,"05","21",NA,NA,"Paula Dominguez","Paula Dominguez",0,0,0,1,NA,"Scorzonera humilis ","BC3_tran623","Ainhoa Magrach",NA,NA,"24_Magrach_212"
"Bombus",NA,"pascuorum",NA,"Spain","Bizkaia","Orozko",43.08122109,-2.81928523,"<1km",2020,"05","22",NA,NA,"Paula Dominguez","Paula Dominguez",0,0,0,1,NA,"Vicia pyrenaica","BC3_tran651","Ainhoa Magrach",NA,NA,"24_Magrach_213"
"Bombus",NA,"pascuorum",NA,"Spain","Bizkaia","Orozko",43.08122109,-2.81928523,"<1km",2020,"05","22",NA,NA,"Paula Dominguez","Paula Dominguez",0,0,0,1,NA,"Vicia pyrenaica","BC3_tran674","Ainhoa Magrach",NA,NA,"24_Magrach_214"
"Bombus",NA,"pascuorum",NA,"Spain","Bizkaia","Orozko",43.08122109,-2.81928523,"<1km",2020,"05","22",NA,NA,"Paula Dominguez","Paula Dominguez",0,0,0,1,NA,"Vicia pyrenaica","BC3_tran705","Ainhoa Magrach",NA,NA,"24_Magrach_215"
"Bombus",NA,"pascuorum",NA,"Spain","Bizkaia","Orozko",43.08122109,-2.81928523,"<1km",2020,"05","22",NA,NA,"Paula Dominguez","Paula Dominguez",0,0,0,1,NA,"Vicia pyrenaica","BC3_tran759","Ainhoa Magrach",NA,NA,"24_Magrach_216"
"Bombus",NA,"pascuorum",NA,"Spain","Bizkaia","Orozko",43.08122109,-2.81928523,"<1km",2020,"05","22",NA,NA,"Paula Dominguez","Paula Dominguez",0,0,0,1,NA,"Vicia pyrenaica","BC3_tran760","Ainhoa Magrach",NA,NA,"24_Magrach_217"
"Bombus",NA,"pascuorum",NA,"Spain","Bizkaia","Orozko",43.08122109,-2.81928523,"<1km",2020,"05","22",NA,NA,"Paula Dominguez","Paula Dominguez",0,0,0,1,NA,"Vicia pyrenaica","BC3_tran761","Ainhoa Magrach",NA,NA,"24_Magrach_218"
"Bombus",NA,"pascuorum",NA,"Spain","Bizkaia","Orozko",43.08122109,-2.81928523,"<1km",2020,"05","22",NA,NA,"Paula Dominguez","Paula Dominguez",0,0,0,1,NA,"Vicia pyrenaica","BC3_tran763","Ainhoa Magrach",NA,NA,"24_Magrach_219"
"Bombus",NA,"pascuorum",NA,"Spain","Bizkaia","Orozko",43.08122109,-2.81928523,"<1km",2020,"05","22",NA,NA,"Paula Dominguez","Paula Dominguez",0,0,0,1,NA,"Vicia pyrenaica","BC3_tran839","Ainhoa Magrach",NA,NA,"24_Magrach_220"
"Bombus",NA,"pascuorum",NA,"Spain","Bizkaia","Orozko",43.05596889,-2.85812364,"<1km",2020,"05","27",NA,NA,"Paula Dominguez","Paula Dominguez",0,0,0,1,NA,"Daboecia cantabrica ","BC3_tran1010","Ainhoa Magrach",NA,NA,"24_Magrach_221"
"Bombus",NA,"pascuorum",NA,"Spain","Bizkaia","Orozko",43.07497431,-2.82520336,"<1km",2020,"05","28",NA,NA,"Paula Dominguez","Paula Dominguez",0,0,0,1,NA,"Trifolium repens","BC3_tran1049","Ainhoa Magrach",NA,NA,"24_Magrach_222"
"Bombus",NA,"pascuorum",NA,"Spain","Bizkaia","Orozko",43.08122109,-2.81928523,"<1km",2020,"05","29",NA,NA,"Paula Dominguez","Paula Dominguez",0,0,0,1,NA,"Vicia pyrenaica","BC3_tran1216","Ainhoa Magrach",NA,NA,"24_Magrach_223"
"Apis ",NA,"melifera",NA,"Spain","Bizkaia","Orozko",43.07809858,-2.80989683,"<1km",2020,"06","14",NA,NA,"Paula Dominguez","Paula Dominguez",0,0,0,1,NA,"Plantago sp.","BC3_tran1228","Ainhoa Magrach",NA,NA,"24_Magrach_224"
"Apis ",NA,"melifera",NA,"Spain","Bizkaia","Orozko",43.07809858,-2.80989683,"<1km",2020,"06","14",NA,NA,"Paula Dominguez","Paula Dominguez",0,0,0,1,NA,"Trifolium repens","BC3_tran1229","Ainhoa Magrach",NA,NA,"24_Magrach_225"
"Apis ",NA,"melifera",NA,"Spain","Bizkaia","Orozko",43.07809858,-2.80989683,"<1km",2020,"06","14",NA,NA,"Paula Dominguez","Paula Dominguez",0,0,0,1,NA,"Plantago sp.","BC3_tran1231","Ainhoa Magrach",NA,NA,"24_Magrach_226"
"Apis ",NA,"melifera",NA,"Spain","Bizkaia","Orozko",43.07809858,-2.80989683,"<1km",2020,"06","14",NA,NA,"Paula Dominguez","Paula Dominguez",0,0,0,1,NA,"Ranunculus sp.","BC3_tran1232","Ainhoa Magrach",NA,NA,"24_Magrach_227"
"Apis ",NA,"melifera",NA,"Spain","Bizkaia","Orozko",43.07809858,-2.80989683,"<1km",2020,"06","14",NA,NA,"Paula Dominguez","Paula Dominguez",0,0,0,1,NA,"Plantago sp.","BC3_tran1233","Ainhoa Magrach",NA,NA,"24_Magrach_228"
"Apis ",NA,"melifera",NA,"Spain","Bizkaia","Orozko",43.07809858,-2.80989683,"<1km",2020,"06","14",NA,NA,"Paula Dominguez","Paula Dominguez",0,0,0,1,NA,"Ranunculus sp.","BC3_tran1234","Ainhoa Magrach",NA,NA,"24_Magrach_229"
"Apis ",NA,"melifera",NA,"Spain","Bizkaia","Orozko",43.07809858,-2.80989683,"<1km",2020,"06","14",NA,NA,"Paula Dominguez","Paula Dominguez",0,0,0,1,NA,"Ranunculus sp.","BC3_tran1238","Ainhoa Magrach",NA,NA,"24_Magrach_230"
"Apis ",NA,"melifera",NA,"Spain","Bizkaia","Orozko",43.07809858,-2.80989683,"<1km",2020,"06","14",NA,NA,"Paula Dominguez","Paula Dominguez",0,0,0,1,NA,"Ranunculus sp.","BC3_tran1241","Ainhoa Magrach",NA,NA,"24_Magrach_231"
"Apis ",NA,"melifera",NA,"Spain","Bizkaia","Orozko",43.07809858,-2.80989683,"<1km",2020,"06","14",NA,NA,"Paula Dominguez","Paula Dominguez",0,0,0,1,NA,"Ranunculus sp.","BC3_tran1243","Ainhoa Magrach",NA,NA,"24_Magrach_232"
"Apis ",NA,"melifera",NA,"Spain","Bizkaia","Orozko",43.07809858,-2.80989683,"<1km",2020,"06","14",NA,NA,"Paula Dominguez","Paula Dominguez",0,0,0,1,NA,"Ranunculus sp.","BC3_tran1245","Ainhoa Magrach",NA,NA,"24_Magrach_233"
"Bombus ",NA,"pascuorum",NA,"Spain","Bizkaia","Orozko",43.07809858,-2.80989683,"<1km",2020,"06","14",NA,NA,"Paula Dominguez","Paula Dominguez",0,0,0,1,NA,"Geranium robertianum","BC3_tran1250","Ainhoa Magrach",NA,NA,"24_Magrach_234"
"Apis",NA,"mellifera",NA,"Spain","Bizkaia","Orozko",43.07826331,-2.81035815,"<1km",2020,"06","14",NA,NA,"Paula Dominguez","Paula Dominguez",0,0,0,1,NA,"Plantago sp.","BC3_325","Ainhoa Magrach",NA,NA,"24_Magrach_235"
"Apis",NA,"mellifera",NA,"Spain","Bizkaia","Orozko",43.07816977,-2.81022297,"<1km",2020,"06","14",NA,NA,"Paula Dominguez","Paula Dominguez",0,0,0,1,NA,"Plantago sp.","BC3_326","Ainhoa Magrach",NA,NA,"24_Magrach_236"
"Apis",NA,"mellifera",NA,"Spain","Bizkaia","Orozko",43.07815711,-2.81022477,"<1km",2020,"06","14",NA,NA,"Paula Dominguez","Paula Dominguez",0,0,0,1,NA,"Plantago sp.","BC3_327","Ainhoa Magrach",NA,NA,"24_Magrach_237"
"Apis",NA,"mellifera",NA,"Spain","Bizkaia","Orozko",43.07817676,-2.81023071,"<1km",2020,"06","14",NA,NA,"Paula Dominguez","Paula Dominguez",0,0,0,1,NA,"Plantago sp.","BC3_328","Ainhoa Magrach",NA,NA,"24_Magrach_238"
"Apis",NA,"mellifera",NA,"Spain","Bizkaia","Orozko",43.07815711,-2.81022477,"<1km",2020,"06","14",NA,NA,"Paula Dominguez","Paula Dominguez",0,0,0,1,NA,"Plantago sp.","BC3_329","Ainhoa Magrach",NA,NA,"24_Magrach_239"
"Apis",NA,"mellifera",NA,"Spain","Bizkaia","Orozko",43.07817373,-2.81027481,"<1km",2020,"06","14",NA,NA,"Paula Dominguez","Paula Dominguez",0,0,0,1,NA,"Trifolium repens","BC3_330","Ainhoa Magrach",NA,NA,"24_Magrach_240"
"Apis",NA,"mellifera",NA,"Spain","Bizkaia","Orozko",43.07817241,-2.81025753,"<1km",2020,"06","14",NA,NA,"Paula Dominguez","Paula Dominguez",0,0,0,1,NA,"Plantago sp.","BC3_332","Ainhoa Magrach",NA,NA,"24_Magrach_241"
"Apis",NA,"mellifera",NA,"Spain","Bizkaia","Orozko",43.0781637,-2.81031117,"<1km",2020,"06","14",NA,NA,"Paula Dominguez","Paula Dominguez",0,0,0,1,NA,"Plantago sp.","BC3_333","Ainhoa Magrach",NA,NA,"24_Magrach_242"
"Apis",NA,"mellifera",NA,"Spain","Bizkaia","Orozko",43.07818771,-2.81029029,"<1km",2020,"06","14",NA,NA,"Paula Dominguez","Paula Dominguez",0,0,0,1,NA,"Trifolium repens","BC3_335","Ainhoa Magrach",NA,NA,"24_Magrach_243"
"Apis",NA,"mellifera",NA,"Spain","Bizkaia","Orozko",43.07815946,-2.81059123,"<1km",2020,"06","14",NA,NA,"Paula Dominguez","Paula Dominguez",0,0,0,1,NA,"Ranunculus sp.","BC3_337","Ainhoa Magrach",NA,NA,"24_Magrach_244"
"Bombus",NA,"pascuorum",NA,"Spain","Bizkaia","Orozko",43.0780869,-2.81047927,"<1km",2020,"06","14",NA,NA,"Paula Dominguez","Paula Dominguez",0,0,0,1,NA,"Lotus corniculatus","BC3_338","Ainhoa Magrach",NA,NA,"24_Magrach_245"
"Bombus",NA,"pascuorum",NA,"Spain","Bizkaia","Orozko",43.07806156,-2.81048286,"<1km",2020,"06","14",NA,NA,"Paula Dominguez","Paula Dominguez",0,0,0,1,NA,"Vicia pyrenaica","BC3_339","Ainhoa Magrach",NA,NA,"24_Magrach_246"
"Bombus",NA,"lapidarius",NA,"Spain","Bizkaia","Orozko",43.07804059,-2.81045964,"<1km",2020,"06","14",NA,NA,"Paula Dominguez","Paula Dominguez",0,0,0,1,NA,"Geranium robertianum","BC3_340","Ainhoa Magrach",NA,NA,"24_Magrach_247"
"Bombus",NA,"pascuorum",NA,"Spain","Bizkaia","Orozko",43.07804362,-2.81041555,"<1km",2020,"06","14",NA,NA,"Paula Dominguez","Paula Dominguez",0,0,0,1,NA,"Vicia pyrenaica","BC3_342","Ainhoa Magrach",NA,NA,"24_Magrach_248"
"Apis",NA,"mellifera",NA,"Spain","Bizkaia","Orozko",43.07818915,-2.81056081,"<1km",2020,"06","14",NA,NA,"Paula Dominguez","Paula Dominguez",0,0,0,1,NA,"Ranunculus sp.","BC3_344","Ainhoa Magrach",NA,NA,"24_Magrach_249"
"Bombus",NA,"pascuorum",NA,"Spain","Bizkaia","Orozko",43.07803531,-2.81039053,"<1km",2020,"06","14",NA,NA,"Paula Dominguez","Paula Dominguez",0,0,0,1,NA,"Vicia pyrenaica","BC3_345","Ainhoa Magrach",NA,NA,"24_Magrach_250"
"Bombus",NA,"pascuorum",NA,"Spain","Bizkaia","Orozko",43.07804231,-2.81039827,"<1km",2020,"06","14",NA,NA,"Paula Dominguez","Paula Dominguez",0,0,0,1,NA,"Vicia pyrenaica","BC3_346","Ainhoa Magrach",NA,NA,"24_Magrach_251"
"Bombus",NA,"pascuorum",NA,"Spain","Bizkaia","Orozko",43.07804099,-2.81038099,"<1km",2020,"06","14",NA,NA,"Paula Dominguez","Paula Dominguez",0,0,0,1,NA,"Lotus corniculatus","BC3_347","Ainhoa Magrach",NA,NA,"24_Magrach_252"
