"Osmia",NA,"caerulescens",NA,"Spain","La Rioja","Briones ",42.5251127615019,-2.81584804304193,"<1 km",2007,9,15,"2007-04-15","2007-09-15","L.Baños-Picón","F. Torres",22,38,0,0,"https://doi.org/10.1080/00218839.2017.1282079",NA,"RIOJA2007_Calitrancos","L. Baños-Picón, J. Tormos, J.D. Asís","TRAP-NEST",NA,"5_Banos-Picon_1"
"Osmia",NA,"brevicornis",NA,"Spain","La Rioja","Briones ",42.5251127615019,-2.81584804304193,"<1 km",2007,9,15,"2007-04-15","2007-09-15","L.Baños-Picón","F. Torres",2,0,0,0,"https://doi.org/10.1111/ele.13265",NA,"RIOJA2007_Calitrancos","L. Baños-Picón, J. Tormos, J.D. Asís","TRAP-NEST",NA,"5_Banos-Picon_2"
"Osmia ",NA,"niveata",NA,"Spain","La Rioja","Briones ",42.5251127615019,-2.81584804304193,"<1 km",2007,9,15,"2007-04-15","2007-09-15","L.Baños-Picón","F. Torres",0,1,0,0,"https://doi.org/10.1111/ele.13265",NA,"RIOJA2007_Calitrancos","L. Baños-Picón, J. Tormos, J.D. Asís","TRAP-NEST",NA,"5_Banos-Picon_3"
"Hoplosmia",NA,"anceyi","anceyi","Spain","La Rioja","Briones ",42.5251127615019,-2.81584804304193,"<1 km",2007,9,15,"2007-04-15","2007-09-15","L.Baños-Picón","F. Torres",1,1,0,0,"https://doi.org/10.1111/ele.13265",NA,"RIOJA2007_Calitrancos","L. Baños-Picón, J. Tormos, J.D. Asís","TRAP-NEST",NA,"5_Banos-Picon_4"
"Megachile",NA,"versicolor",NA,"Spain","La Rioja","Briones ",42.5251127615019,-2.81584804304193,"<1 km",2007,9,15,"2007-04-15","2007-09-15","L.Baños-Picón","F. Torres",0,1,0,0,"https://doi.org/10.1111/ele.13265",NA,"RIOJA2007_Calitrancos","L. Baños-Picón, J. Tormos, J.D. Asís","TRAP-NEST",NA,"5_Banos-Picon_5"
"Stelis",NA,"phaeophtera",NA,"Spain","La Rioja","Briones ",42.5251127615019,-2.81584804304193,"<1 km",2007,9,15,"2007-04-15","2007-09-15","L.Baños-Picón","F. Torres",1,3,0,0,"https://doi.org/10.1111/ele.13265",NA,"RIOJA2007_Calitrancos","L. Baños-Picón, J. Tormos, J.D. Asís","TRAP-NEST",NA,"5_Banos-Picon_6"
"Osmia",NA,"caerulescens",NA,"Spain","La Rioja","Cenicero",42.4695552231589,-2.64964856207768,"<1 km",2007,9,15,"2007-04-15","2007-09-15","L.Baños-Picón","F. Torres",17,28,0,0,"https://doi.org/10.1080/00218839.2017.1282079",NA,"RIOJA2007_Valderrín","L. Baños-Picón, J. Tormos, J.D. Asís","TRAP-NEST",NA,"5_Banos-Picon_7"
"Osmia",NA,"niveata",NA,"Spain","La Rioja","Cenicero",42.4695552231589,-2.64964856207768,"<1 km",2007,9,15,"2007-04-15","2007-09-15","L.Baños-Picón","F. Torres",2,0,0,0,"https://doi.org/10.1111/ele.13265",NA,"RIOJA2007_Valderrín","L. Baños-Picón, J. Tormos, J.D. Asís","TRAP-NEST",NA,"5_Banos-Picon_8"
"Megachile",NA,"apicalis",NA,"Spain","La Rioja","Cenicero",42.4695552231589,-2.64964856207768,"<1 km",2007,9,15,"2007-04-15","2007-09-15","L.Baños-Picón","F. Torres",3,1,0,0,"https://doi.org/10.1111/ele.13265",NA,"RIOJA2007_Valderrín","L. Baños-Picón, J. Tormos, J.D. Asís","TRAP-NEST",NA,"5_Banos-Picon_9"
"Hylaeus",NA,"pictipes",NA,"Spain","La Rioja","Cenicero",42.4695552231589,-2.64964856207768,"<1 km",2007,9,15,"2007-04-15","2007-09-15","L.Baños-Picón","F. Torres",2,3,0,0,"https://doi.org/10.1111/ele.13265",NA,"RIOJA2007_Valderrín","L. Baños-Picón, J. Tormos, J.D. Asís","TRAP-NEST",NA,"5_Banos-Picon_10"
"Osmia ",NA,"caerulescens",NA,"Spain","La Rioja","Cenicero",42.4918171670195,-2.61573142873369,"<1 km",2007,9,15,"2007-04-15","2007-09-15","L.Baños-Picón","F. Torres",6,22,0,0,"https://doi.org/10.1080/00218839.2017.1282079",NA,"RIOJA2007_Vallehuso","L. Baños-Picón, J. Tormos, J.D. Asís","TRAP-NEST",NA,"5_Banos-Picon_11"
"Osmia",NA,"brevicornis",NA,"Spain","La Rioja","Cenicero",42.4918171670195,-2.61573142873369,"<1 km",2007,9,15,"2007-04-15","2007-09-15","L.Baños-Picón","F. Torres",3,1,0,0,"https://doi.org/10.1111/ele.13265",NA,"RIOJA2007_Vallehuso","L. Baños-Picón, J. Tormos, J.D. Asís","TRAP-NEST",NA,"5_Banos-Picon_12"
"Osmia",NA,"niveata",NA,"Spain","La Rioja","Cenicero",42.4918171670195,-2.61573142873369,"<1 km",2007,9,15,"2007-04-15","2007-09-15","L.Baños-Picón","F. Torres",31,124,0,0,"https://doi.org/10.1111/ele.13265",NA,"RIOJA2007_Vallehuso","L. Baños-Picón, J. Tormos, J.D. Asís","TRAP-NEST",NA,"5_Banos-Picon_13"
"Osmia",NA,"leaiana",NA,"Spain","La Rioja","Cenicero",42.4918171670195,-2.61573142873369,"<1 km",2007,9,15,"2007-04-15","2007-09-15","L.Baños-Picón","F. Torres",2,6,0,0,"https://doi.org/10.1111/ele.13265",NA,"RIOJA2007_Vallehuso","L. Baños-Picón, J. Tormos, J.D. Asís","TRAP-NEST",NA,"5_Banos-Picon_14"
"Osmia",NA,"submicans",NA,"Spain","La Rioja","Cenicero",42.4918171670195,-2.61573142873369,"<1 km",2007,9,15,"2007-04-15","2007-09-15","L.Baños-Picón","F. Torres",6,6,0,0,"https://doi.org/10.1111/ele.13265",NA,"RIOJA2007_Vallehuso","L. Baños-Picón, J. Tormos, J.D. Asís","TRAP-NEST",NA,"5_Banos-Picon_15"
"Megachile",NA,"versicolor",NA,"Spain","La Rioja","Cenicero",42.4918171670195,-2.61573142873369,"<1 km",2007,9,15,"2007-04-15","2007-09-15","L.Baños-Picón","F. Torres",1,0,0,0,"https://doi.org/10.1111/ele.13265",NA,"RIOJA2007_Vallehuso","L. Baños-Picón, J. Tormos, J.D. Asís","TRAP-NEST",NA,"5_Banos-Picon_16"
"Hylaeus",NA,"pictus",NA,"Spain","La Rioja","Cenicero",42.4918171670195,-2.61573142873369,"<1 km",2007,9,15,"2007-04-15","2007-09-15","L.Baños-Picón","F. Torres",3,1,0,0,"https://doi.org/10.1111/ele.13265",NA,"RIOJA2007_Vallehuso","L. Baños-Picón, J. Tormos, J.D. Asís","TRAP-NEST",NA,"5_Banos-Picon_17"
"Hylaeus",NA,"difformis","hispanicus","Spain","La Rioja","Cenicero",42.4918171670195,-2.61573142873369,"<1 km",2007,9,15,"2007-04-15","2007-09-15","L.Baños-Picón","F. Torres",0,1,0,0,"https://doi.org/10.1111/ele.13265",NA,"RIOJA2007_Vallehuso","L. Baños-Picón, J. Tormos, J.D. Asís","TRAP-NEST",NA,"5_Banos-Picon_18"
"Stelis",NA,"phaeophtera",NA,"Spain","La Rioja","Cenicero",42.4918171670195,-2.61573142873369,"<1 km",2007,9,15,"2007-04-15","2007-09-15","L.Baños-Picón","F. Torres",3,13,0,0,"https://doi.org/10.1111/ele.13265",NA,"RIOJA2007_Vallehuso","L. Baños-Picón, J. Tormos, J.D. Asís","TRAP-NEST",NA,"5_Banos-Picon_19"
"Hylaeus",NA,"pictipes",NA,"Spain","La Rioja","Cenicero",42.4672967811042,-2.63303282316456,"<1 km",2007,9,15,"2007-04-15","2007-09-15","L.Baños-Picón","F. Torres",1,0,0,0,"https://doi.org/10.1111/ele.13265",NA,"RIOJA2007_Plano","L. Baños-Picón, J. Tormos, J.D. Asís","TRAP-NEST",NA,"5_Banos-Picon_20"
"Osmia",NA,"niveata",NA,"Spain","La Rioja","Cenicero",42.4589384686965,-2.63277757016087,"<1 km",2007,9,15,"2007-04-15","2007-09-15","L.Baños-Picón","F. Torres",0,15,0,0,"https://doi.org/10.1111/ele.13265",NA,"RIOJA2007_Ribarrey","L. Baños-Picón, J. Tormos, J.D. Asís","TRAP-NEST",NA,"5_Banos-Picon_21"
"Anthidium",NA,"manicatum",NA,"Spain","La Rioja","Cenicero",42.4589384686965,-2.63277757016087,"<1 km",2007,9,15,"2007-04-15","2007-09-15","L.Baños-Picón","F. Torres",1,2,0,0,"https://doi.org/10.1111/ele.13265",NA,"RIOJA2007_Ribarrey","L. Baños-Picón, J. Tormos, J.D. Asís","TRAP-NEST",NA,"5_Banos-Picon_22"
"Hylaeus",NA,"pictipes",NA,"Spain","La Rioja","Cenicero",42.4589384686965,-2.63277757016087,"<1 km",2007,9,15,"2007-04-15","2007-09-15","L.Baños-Picón","F. Torres",5,3,0,0,"https://doi.org/10.1111/ele.13265",NA,"RIOJA2007_Ribarrey","L. Baños-Picón, J. Tormos, J.D. Asís","TRAP-NEST",NA,"5_Banos-Picon_23"
"Stelis",NA,"phaeophtera",NA,"Spain","La Rioja","Cenicero",42.4589384686965,-2.63277757016087,"<1 km",2007,9,15,"2007-04-15","2007-09-15","L.Baños-Picón","F. Torres",0,4,0,0,"https://doi.org/10.1111/ele.13265",NA,"RIOJA2007_Ribarrey","L. Baños-Picón, J. Tormos, J.D. Asís","TRAP-NEST",NA,"5_Banos-Picon_24"
"Osmia",NA,"brevicornis",NA,"Spain","La Rioja","San Asensio ",42.5084018544871,-2.75119028997149,"<1 km",2007,9,15,"2007-04-15","2007-09-15","L.Baños-Picón","F. Torres",1,0,0,0,"https://doi.org/10.1111/ele.13265",NA,"RIOJA2007_SCebrin","L. Baños-Picón, J. Tormos, J.D. Asís","TRAP-NEST",NA,"5_Banos-Picon_25"
"Hoplosmia",NA,"anceyi","anceyi","Spain","La Rioja","San Asensio ",42.5084018544871,-2.75119028997149,"<1 km",2007,9,15,"2007-04-15","2007-09-15","L.Baños-Picón","F. Torres",3,1,0,0,"https://doi.org/10.1111/ele.13265",NA,"RIOJA2007_SCebrin","L. Baños-Picón, J. Tormos, J.D. Asís","TRAP-NEST",NA,"5_Banos-Picon_26"
"Megachile",NA,"centuncularis",NA,"Spain","La Rioja","San Asensio ",42.5084018544871,-2.75119028997149,"<1 km",2007,9,15,"2007-04-15","2007-09-15","L.Baños-Picón","F. Torres",1,3,0,0,"https://doi.org/10.1111/ele.13265",NA,"RIOJA2007_SCebrin","L. Baños-Picón, J. Tormos, J.D. Asís","TRAP-NEST",NA,"5_Banos-Picon_27"
"Osmia",NA,"caerulescens",NA,"Spain","La Rioja","Ventosa",42.393057750254,-2.62658885774764,"<1 km",2007,9,15,"2007-04-15","2007-09-15","L.Baños-Picón","F. Torres",5,13,0,0,"https://doi.org/10.1080/00218839.2017.1282079",NA,"RIOJA2007_Hayedo","L. Baños-Picón, J. Tormos, J.D. Asís","TRAP-NEST",NA,"5_Banos-Picon_28"
"Hoplitis",NA,"adunca","adunca","Spain","La Rioja","Ventosa",42.393057750254,-2.62658885774764,"<1 km",2007,9,15,"2007-04-15","2007-09-15","L.Baños-Picón","F. Torres",4,4,0,0,"https://doi.org/10.1111/ele.13265",NA,"RIOJA2007_Hayedo","L. Baños-Picón, J. Tormos, J.D. Asís","TRAP-NEST",NA,"5_Banos-Picon_29"
"Anthidium",NA,"manicatum",NA,"Spain","La Rioja","Ventosa",42.393057750254,-2.62658885774764,"<1 km",2007,9,15,"2007-04-15","2007-09-15","L.Baños-Picón","F. Torres",6,2,0,0,"https://doi.org/10.1111/ele.13265",NA,"RIOJA2007_Hayedo","L. Baños-Picón, J. Tormos, J.D. Asís","TRAP-NEST",NA,"5_Banos-Picon_30"
"Osmia",NA,"caerulescens",NA,"Spain","La Rioja","Ventosa",42.3991027618015,-2.63277429108343,"<1 km",2007,9,15,"2007-04-15","2007-09-15","L.Baños-Picón","F. Torres",2,17,0,0,"https://doi.org/10.1080/00218839.2017.1282079",NA,"RIOJA2007_Idesa","L. Baños-Picón, J. Tormos, J.D. Asís","TRAP-NEST",NA,"5_Banos-Picon_31"
"Megachile",NA,"centuncularis",NA,"Spain","La Rioja","Ventosa",42.3991027618015,-2.63277429108343,"<1 km",2007,9,15,"2007-04-15","2007-09-15","L.Baños-Picón","F. Torres",2,1,0,0,"https://doi.org/10.1111/ele.13265",NA,"RIOJA2007_Idesa","L. Baños-Picón, J. Tormos, J.D. Asís","TRAP-NEST",NA,"5_Banos-Picon_32"
"Osmia",NA,"brevicornis",NA,"Spain","La Rioja","Ventosa",42.4071156665644,-2.63201056282192,"<1 km",2007,9,15,"2007-04-15","2007-09-15","L.Baños-Picón","F. Torres",24,61,0,0,"https://doi.org/10.1111/ele.13265",NA,"RIOJA2007_Laguardia","L. Baños-Picón, J. Tormos, J.D. Asís","TRAP-NEST",NA,"5_Banos-Picon_33"
"Hoplosmia",NA,"anceyi","anceyi","Spain","La Rioja","Ventosa",42.4071156665644,-2.63201056282192,"<1 km",2007,9,15,"2007-04-15","2007-09-15","L.Baños-Picón","F. Torres",2,0,0,0,"https://doi.org/10.1111/ele.13265",NA,"RIOJA2007_Laguardia","L. Baños-Picón, J. Tormos, J.D. Asís","TRAP-NEST",NA,"5_Banos-Picon_34"
"Hoplitis",NA,"adunca","adunca","Spain","La Rioja","Ventosa",42.4071156665644,-2.63201056282192,"<1 km",2007,9,15,"2007-04-15","2007-09-15","L.Baños-Picón","F. Torres",14,4,0,0,"https://doi.org/10.1111/ele.13265",NA,"RIOJA2007_Laguardia","L. Baños-Picón, J. Tormos, J.D. Asís","TRAP-NEST",NA,"5_Banos-Picon_35"
"Chelostoma",NA,"rapunculi",NA,"Spain","La Rioja","Ventosa",42.4071156665644,-2.63201056282192,"<1 km",2007,9,15,"2007-04-15","2007-09-15","L.Baños-Picón","F. Torres",1,2,0,0,"https://doi.org/10.1111/ele.13265",NA,"RIOJA2007_Laguardia","L. Baños-Picón, J. Tormos, J.D. Asís","TRAP-NEST",NA,"5_Banos-Picon_36"
"Megachile",NA,"apicalis",NA,"Spain","La Rioja","Ventosa",42.4071156665644,-2.63201056282192,"<1 km",2007,9,15,"2007-04-15","2007-09-15","L.Baños-Picón","F. Torres",1,0,0,0,"https://doi.org/10.1111/ele.13265",NA,"RIOJA2007_Laguardia","L. Baños-Picón, J. Tormos, J.D. Asís","TRAP-NEST",NA,"5_Banos-Picon_37"
"Hylaeus",NA,"communis",NA,"Spain","La Rioja","Ventosa",42.4071156665644,-2.63201056282192,"<1 km",2007,9,15,"2007-04-15","2007-09-15","L.Baños-Picón","F. Torres",1,0,0,0,"https://doi.org/10.1111/ele.13265",NA,"RIOJA2007_Laguardia","L. Baños-Picón, J. Tormos, J.D. Asís","TRAP-NEST",NA,"5_Banos-Picon_38"
"Chalicodoma ",NA,"ericetorum",NA,"Spain","La Rioja","Rodezno",42.531778748982,-2.84765816691462,"<1 km",2007,9,15,"2007-04-15","2007-09-15","L.Baños-Picón","F. Torres",4,5,0,0,"https://doi.org/10.1111/ele.13265",NA,"RIOJA2007_Pradillos","L. Baños-Picón, J. Tormos, J.D. Asís","TRAP-NEST",NA,"5_Banos-Picon_39"
"Osmia",NA,"niveata",NA,"Spain","La Rioja","Rodezno",42.5100952460064,-2.84289055570756,"<1 km",2007,9,15,"2007-04-15","2007-09-15","L.Baños-Picón","F. Torres",2,3,0,0,"https://doi.org/10.1111/ele.13265",NA,"RIOJA2007_Montenegro","L. Baños-Picón, J. Tormos, J.D. Asís","TRAP-NEST",NA,"5_Banos-Picon_40"
"Chelostoma",NA,"rapunculi",NA,"Spain","La Rioja","Rodezno",42.5100952460064,-2.84289055570756,"<1 km",2007,9,15,"2007-04-15","2007-09-15","L.Baños-Picón","F. Torres",4,1,0,0,"https://doi.org/10.1111/ele.13265",NA,"RIOJA2007_Montenegro","L. Baños-Picón, J. Tormos, J.D. Asís","TRAP-NEST",NA,"5_Banos-Picon_41"
"Osmia",NA,"caerulescens",NA,"Spain","La Rioja","Hormilla",42.4553980280365,-2.76635924501153,"<1 km",2007,9,15,"2007-04-15","2007-09-15","L.Baños-Picón","F. Torres",9,23,0,0,"https://doi.org/10.1080/00218839.2017.1282079",NA,"RIOJA2007_Calera","L. Baños-Picón, J. Tormos, J.D. Asís","TRAP-NEST",NA,"5_Banos-Picon_42"
"Osmia",NA,"brevicornis",NA,"Spain","La Rioja","Hormilla",42.4553980280365,-2.76635924501153,"<1 km",2007,9,15,"2007-04-15","2007-09-15","L.Baños-Picón","F. Torres",7,7,0,0,"https://doi.org/10.1111/ele.13265",NA,"RIOJA2007_Calera","L. Baños-Picón, J. Tormos, J.D. Asís","TRAP-NEST",NA,"5_Banos-Picon_43"
"Osmia",NA,"niveata",NA,"Spain","La Rioja","Hormilla",42.4553980280365,-2.76635924501153,"<1 km",2007,9,15,"2007-04-15","2007-09-15","L.Baños-Picón","F. Torres",5,6,0,0,"https://doi.org/10.1111/ele.13265",NA,"RIOJA2007_Calera","L. Baños-Picón, J. Tormos, J.D. Asís","TRAP-NEST",NA,"5_Banos-Picon_44"
"Hylaeus",NA,"signatus",NA,"Spain","La Rioja","Hormilla",42.4553980280365,-2.76635924501153,"<1 km",2007,9,15,"2007-04-15","2007-09-15","L.Baños-Picón","F. Torres",5,5,0,0,"https://doi.org/10.1111/ele.13265",NA,"RIOJA2007_Calera","L. Baños-Picón, J. Tormos, J.D. Asís","TRAP-NEST",NA,"5_Banos-Picon_45"
"Anthidium",NA,"manicatum",NA,"Spain","La Rioja","San Asensio",42.5165570589571,-2.69710687104625,"<1 km",2007,9,15,"2007-04-15","2007-09-15","L.Baños-Picón","F. Torres",6,2,0,0,"https://doi.org/10.1111/ele.13265",NA,"RIOJA2007_Arenillas","L. Baños-Picón, J. Tormos, J.D. Asís","TRAP-NEST",NA,"5_Banos-Picon_46"
"Osmia",NA,"caerulescens",NA,"Spain","La Rioja","San Asensio",42.5165570589571,-2.69710687104625,"<1 km",2007,9,15,"2007-04-15","2007-09-15","L.Baños-Picón","F. Torres",15,24,0,0,"https://doi.org/10.1080/00218839.2017.1282079",NA,"RIOJA2007_Arenillas","L. Baños-Picón, J. Tormos, J.D. Asís","TRAP-NEST",NA,"5_Banos-Picon_47"
"Anthidium",NA,"florentinum",NA,"Spain","La Rioja","San Asensio",42.5165570589571,-2.69710687104625,"<1 km",2007,9,15,"2007-04-15","2007-09-15","L.Baños-Picón","F. Torres",1,1,0,0,"https://doi.org/10.1111/ele.13265",NA,"RIOJA2007_Arenillas","L. Baños-Picón, J. Tormos, J.D. Asís","TRAP-NEST",NA,"5_Banos-Picon_48"
"Hylaeus",NA,"pictipes",NA,"Spain","La Rioja","San Asensio",42.5165570589571,-2.69710687104625,"<1 km",2007,9,15,"2007-04-15","2007-09-15","L.Baños-Picón","F. Torres",6,1,0,0,"https://doi.org/10.1111/ele.13265",NA,"RIOJA2007_Arenillas","L. Baños-Picón, J. Tormos, J.D. Asís","TRAP-NEST",NA,"5_Banos-Picon_49"
"Osmia",NA,"caerulescens",NA,"Spain","La Rioja","San Asensio",42.4934050120358,-2.75023970137103,"<1 km",2007,9,15,"2007-04-15","2007-09-15","L.Baños-Picón","F. Torres",6,6,0,0,"https://doi.org/10.1080/00218839.2017.1282079",NA,"RIOJA2007_Tejera","L. Baños-Picón, J. Tormos, J.D. Asís","TRAP-NEST",NA,"5_Banos-Picon_50"
"Osmia",NA,"brevicornis",NA,"Spain","La Rioja","San Asensio",42.4934050120358,-2.75023970137103,"<1 km",2007,9,15,"2007-04-15","2007-09-15","L.Baños-Picón","F. Torres",91,136,0,0,"https://doi.org/10.1111/ele.13265",NA,"RIOJA2007_Tejera","L. Baños-Picón, J. Tormos, J.D. Asís","TRAP-NEST",NA,"5_Banos-Picon_51"
"Osmia",NA,"niveata",NA,"Spain","La Rioja","San Asensio",42.4934050120358,-2.75023970137103,"<1 km",2007,9,15,"2007-04-15","2007-09-15","L.Baños-Picón","F. Torres",1,14,0,0,"https://doi.org/10.1111/ele.13265",NA,"RIOJA2007_Tejera","L. Baños-Picón, J. Tormos, J.D. Asís","TRAP-NEST",NA,"5_Banos-Picon_52"
"Stelis",NA,"phaeophtera",NA,"Spain","La Rioja","San Asensio",42.4934050120358,-2.75023970137103,"<1 km",2007,9,15,"2007-04-15","2007-09-15","L.Baños-Picón","F. Torres",6,3,0,0,"https://doi.org/10.1111/ele.13265",NA,"RIOJA2007_Tejera","L. Baños-Picón, J. Tormos, J.D. Asís","TRAP-NEST",NA,"5_Banos-Picon_53"
"Osmia ",NA,"caerulescens",NA,"Spain","La Rioja","Briones",42.5315704745215,-2.7623129838311,"<1 km",2007,9,15,"2007-04-15","2007-09-15","L.Baños-Picón","F. Torres",78,105,0,0,"https://doi.org/10.1080/00218839.2017.1282079",NA,"RIOJA2007_Puentes","L. Baños-Picón, J. Tormos, J.D. Asís","TRAP-NEST",NA,"5_Banos-Picon_54"
"Osmia",NA,"brevicornis",NA,"Spain","La Rioja","Briones",42.5315704745215,-2.7623129838311,"<1 km",2007,9,15,"2007-04-15","2007-09-15","L.Baños-Picón","F. Torres",5,17,0,0,"https://doi.org/10.1111/ele.13265",NA,"RIOJA2007_Puentes","L. Baños-Picón, J. Tormos, J.D. Asís","TRAP-NEST",NA,"5_Banos-Picon_55"
"Osmia",NA,"submicans",NA,"Spain","La Rioja","Briones",42.5315704745215,-2.7623129838311,"<1 km",2007,9,15,"2007-04-15","2007-09-15","L.Baños-Picón","F. Torres",0,2,0,0,"https://doi.org/10.1111/ele.13265",NA,"RIOJA2007_Puentes","L. Baños-Picón, J. Tormos, J.D. Asís","TRAP-NEST",NA,"5_Banos-Picon_56"
"Anthidium",NA,"florentinum",NA,"Spain","La Rioja","Briones",42.5315704745215,-2.7623129838311,"<1 km",2007,9,15,"2007-04-15","2007-09-15","L.Baños-Picón","F. Torres",7,1,0,0,"https://doi.org/10.1111/ele.13265",NA,"RIOJA2007_Puentes","L. Baños-Picón, J. Tormos, J.D. Asís","TRAP-NEST",NA,"5_Banos-Picon_57"
"Osmia",NA,"caerulescens",NA,"Spain","La Rioja","Agoncillo",42.456227817946,-2.28257835277737,"<1 km",2007,9,15,"2007-04-15","2007-09-15","L.Baños-Picón","F. Torres",30,85,0,0,"https://doi.org/10.1080/00218839.2017.1282079",NA,"RIOJA2007_Raso","L. Baños-Picón, J. Tormos, J.D. Asís","TRAP-NEST",NA,"5_Banos-Picon_58"
"Osmia",NA,"brevicornis",NA,"Spain","La Rioja","Agoncillo",42.456227817946,-2.28257835277737,"<1 km",2007,9,15,"2007-04-15","2007-09-15","L.Baños-Picón","F. Torres",8,9,0,0,"https://doi.org/10.1111/ele.13265",NA,"RIOJA2007_Raso","L. Baños-Picón, J. Tormos, J.D. Asís","TRAP-NEST",NA,"5_Banos-Picon_59"
"Osmia",NA,"rufa",NA,"Spain","La Rioja","Agoncillo",42.456227817946,-2.28257835277737,"<1 km",2007,9,15,"2007-04-15","2007-09-15","L.Baños-Picón","F. Torres",1,4,0,0,"https://doi.org/10.1111/ele.13265",NA,"RIOJA2007_Raso","L. Baños-Picón, J. Tormos, J.D. Asís","TRAP-NEST",NA,"5_Banos-Picon_60"
"Anthidium",NA,"florentinum",NA,"Spain","La Rioja","Agoncillo",42.456227817946,-2.28257835277737,"<1 km",2007,9,15,"2007-04-15","2007-09-15","L.Baños-Picón","F. Torres",2,1,0,0,"https://doi.org/10.1111/ele.13265",NA,"RIOJA2007_Raso","L. Baños-Picón, J. Tormos, J.D. Asís","TRAP-NEST",NA,"5_Banos-Picon_61"
"Stelis",NA,"phaeophtera",NA,"Spain","La Rioja","Agoncillo",42.456227817946,-2.28257835277737,"<1 km",2007,9,15,"2007-04-15","2007-09-15","L.Baños-Picón","F. Torres",0,2,0,0,"https://doi.org/10.1111/ele.13265",NA,"RIOJA2007_Raso","L. Baños-Picón, J. Tormos, J.D. Asís","TRAP-NEST",NA,"5_Banos-Picon_62"
"Stelis",NA,"punctulatissima",NA,"Spain","La Rioja","Agoncillo",42.456227817946,-2.28257835277737,"<1 km",2007,9,15,"2007-04-15","2007-09-15","L.Baños-Picón","F. Torres",0,1,0,0,"https://doi.org/10.1111/ele.13265",NA,"RIOJA2007_Raso","L. Baños-Picón, J. Tormos, J.D. Asís","TRAP-NEST",NA,"5_Banos-Picon_63"
"Osmia",NA,"caerulescens",NA,"Spain","Navarra","Sartaguda",42.3691481286139,-2.04964430783133,"<1 km",2007,9,15,"2007-04-15","2007-09-15","L.Baños-Picón","F. Torres",62,92,0,0,"https://doi.org/10.1080/00218839.2017.1282079",NA,"RIOJA2007_Pasada","L. Baños-Picón, J. Tormos, J.D. Asís","TRAP-NEST",NA,"5_Banos-Picon_64"
"Osmia",NA,"niveata",NA,"Spain","Navarra","Sartaguda",42.3691481286139,-2.04964430783133,"<1 km",2007,9,15,"2007-04-15","2007-09-15","L.Baños-Picón","F. Torres",6,5,0,0,"https://doi.org/10.1111/ele.13265",NA,"RIOJA2007_Pasada","L. Baños-Picón, J. Tormos, J.D. Asís","TRAP-NEST",NA,"5_Banos-Picon_65"
"Stelis",NA,"phaeophtera",NA,"Spain","Navarra","Sartaguda",42.3691481286139,-2.04964430783133,"<1 km",2007,9,15,"2007-04-15","2007-09-15","L.Baños-Picón","F. Torres",0,4,0,0,"https://doi.org/10.1111/ele.13265",NA,"RIOJA2007_Pasada","L. Baños-Picón, J. Tormos, J.D. Asís","TRAP-NEST",NA,"5_Banos-Picon_66"
"Osmia",NA,"caerulescens",NA,"Spain","La Rioja","Cenicero",42.4899956152701,-2.65459660826893,"<1 km",2007,9,15,"2007-04-15","2007-09-15","L.Baños-Picón","F. Torres",30,20,0,0,"https://doi.org/10.1080/00218839.2017.1282079",NA,"RIOJA2007_Prado","L. Baños-Picón, J. Tormos, J.D. Asís","TRAP-NEST",NA,"5_Banos-Picon_67"
"Osmia",NA,"niveata",NA,"Spain","La Rioja","Cenicero",42.4899956152701,-2.65459660826893,"<1 km",2007,9,15,"2007-04-15","2007-09-15","L.Baños-Picón","F. Torres",4,3,0,0,"https://doi.org/10.1111/ele.13265",NA,"RIOJA2007_Prado","L. Baños-Picón, J. Tormos, J.D. Asís","TRAP-NEST",NA,"5_Banos-Picon_68"
"Hylaeus",NA,"confusus",NA,"Spain","La Rioja","Cenicero",42.4899956152701,-2.65459660826893,"<1 km",2007,9,15,"2007-04-15","2007-09-15","L.Baños-Picón","F. Torres",4,0,0,0,"https://doi.org/10.1111/ele.13265",NA,"RIOJA2007_Prado","L. Baños-Picón, J. Tormos, J.D. Asís","TRAP-NEST",NA,"5_Banos-Picon_69"
"Stelis",NA,"phaeophtera",NA,"Spain","La Rioja","Cenicero",42.4899956152701,-2.65459660826893,"<1 km",2007,9,15,"2007-04-15","2007-09-15","L.Baños-Picón","F. Torres",2,14,0,0,"https://doi.org/10.1111/ele.13265",NA,"RIOJA2007_Prado","L. Baños-Picón, J. Tormos, J.D. Asís","TRAP-NEST",NA,"5_Banos-Picon_70"
"Anthidium",NA,"florentinum",NA,"Spain","La Rioja","San Asensio ",42.5162369924418,-2.69867881111167,"<1 km",2008,9,15,"2008-04-15","2008-09-15","L.Baños-Picón","F. Torres",1,2,0,0,"https://doi.org/10.1016/j.baae.2012.12.008",NA,"RIOJA2008_Arenillas","L. Baños-Picón, J. Tormos, F. Torres, J.D. Asís","TRAP-NEST",NA,"5_Banos-Picon_71"
"Osmia",NA,"caerulescens",NA,"Spain","La Rioja","San Asensio ",42.5162369924418,-2.69867881111167,"<1 km",2008,9,15,"2008-04-15","2008-09-15","L.Baños-Picón","F. Torres",0,2,0,0,"https://doi.org/10.1016/j.baae.2012.12.008",NA,"RIOJA2008_Arenillas","L. Baños-Picón, J. Tormos, F. Torres, J.D. Asís","TRAP-NEST",NA,"5_Banos-Picon_72"
"Osmia",NA,"dimidata",NA,"Spain","La Rioja","Cenicero",42.4695552231589,-2.64964856207768,"<1 km",2008,9,15,"2008-04-15","2008-09-15","L.Baños-Picón","F. Torres",4,0,0,0,"https://doi.org/10.1016/j.baae.2012.12.008",NA,"RIOJA2008_Valderrín","L. Baños-Picón, J. Tormos, F. Torres, J.D. Asís","TRAP-NEST",NA,"5_Banos-Picon_73"
"Osmia",NA,"submicans",NA,"Spain","La Rioja","Cenicero",42.4695552231589,-2.64964856207768,"<1 km",2008,9,15,"2008-04-15","2008-09-15","L.Baños-Picón","F. Torres",24,28,0,0,"https://doi.org/10.1016/j.baae.2012.12.008",NA,"RIOJA2008_Valderrín","L. Baños-Picón, J. Tormos, F. Torres, J.D. Asís","TRAP-NEST",NA,"5_Banos-Picon_74"
"Osmia",NA,"caerulescens",NA,"Spain","La Rioja","Cenicero",42.4695552231589,-2.64964856207768,"<1 km",2008,9,15,"2008-04-15","2008-09-15","L.Baños-Picón","F. Torres",3,25,0,0,"https://doi.org/10.1016/j.baae.2012.12.008",NA,"RIOJA2008_Valderrín","L. Baños-Picón, J. Tormos, F. Torres, J.D. Asís","TRAP-NEST",NA,"5_Banos-Picon_75"
"Osmia",NA,"niveata",NA,"Spain","La Rioja","Cenicero",42.4695552231589,-2.64964856207768,"<1 km",2008,9,15,"2008-04-15","2008-09-15","L.Baños-Picón","F. Torres",0,3,0,0,"https://doi.org/10.1016/j.baae.2012.12.008",NA,"RIOJA2008_Valderrín","L. Baños-Picón, J. Tormos, F. Torres, J.D. Asís","TRAP-NEST",NA,"5_Banos-Picon_76"
"Hylaeus",NA,"pictipes",NA,"Spain","La Rioja","Cenicero",42.4695552231589,-2.64964856207768,"<1 km",2008,9,15,"2008-04-15","2008-09-15","L.Baños-Picón","F. Torres",3,2,0,0,"https://doi.org/10.1016/j.baae.2012.12.008",NA,"RIOJA2008_Valderrín","L. Baños-Picón, J. Tormos, F. Torres, J.D. Asís","TRAP-NEST",NA,"5_Banos-Picon_77"
"Hylaeus",NA,"signatus",NA,"Spain","La Rioja","Cenicero",42.4695552231589,-2.64964856207768,"<1 km",2008,9,15,"2008-04-15","2008-09-15","L.Baños-Picón","F. Torres",5,0,0,0,"https://doi.org/10.1016/j.baae.2012.12.008",NA,"RIOJA2008_Valderrín","L. Baños-Picón, J. Tormos, F. Torres, J.D. Asís","TRAP-NEST",NA,"5_Banos-Picon_78"
"Anthidium",NA,"florentinum",NA,"Spain","La Rioja","Cenicero",42.4918171670195,-2.61573142873369,"<1 km",2008,9,15,"2008-04-15","2008-09-15","L.Baños-Picón","F. Torres",3,4,0,0,"https://doi.org/10.1016/j.baae.2012.12.008",NA,"RIOJA2008_Vallehuso","L. Baños-Picón, J. Tormos, F. Torres, J.D. Asís","TRAP-NEST",NA,"5_Banos-Picon_79"
"Osmia",NA,"niveata",NA,"Spain","La Rioja","Cenicero",42.4918171670195,-2.61573142873369,"<1 km",2008,9,15,"2008-04-15","2008-09-15","L.Baños-Picón","F. Torres",45,244,0,0,"https://doi.org/10.1016/j.baae.2012.12.008",NA,"RIOJA2008_Vallehuso","L. Baños-Picón, J. Tormos, F. Torres, J.D. Asís","TRAP-NEST",NA,"5_Banos-Picon_80"
"Osmia",NA,"rufa",NA,"Spain","La Rioja","Cenicero",42.4918171670195,-2.61573142873369,"<1 km",2008,9,15,"2008-04-15","2008-09-15","L.Baños-Picón","F. Torres",1,1,0,0,"https://doi.org/10.1016/j.baae.2012.12.008",NA,"RIOJA2008_Vallehuso","L. Baños-Picón, J. Tormos, F. Torres, J.D. Asís","TRAP-NEST",NA,"5_Banos-Picon_81"
"Hylaeus",NA,"pictipes",NA,"Spain","La Rioja","Cenicero",42.4918171670195,-2.61573142873369,"<1 km",2008,9,15,"2008-04-15","2008-09-15","L.Baños-Picón","F. Torres",4,4,0,0,"https://doi.org/10.1016/j.baae.2012.12.008",NA,"RIOJA2008_Vallehuso","L. Baños-Picón, J. Tormos, F. Torres, J.D. Asís","TRAP-NEST",NA,"5_Banos-Picon_82"
"Megachile",NA,"rotundata",NA,"Spain","La Rioja","Cenicero",42.4918171670195,-2.61573142873369,"<1 km",2008,9,15,"2008-04-15","2008-09-15","L.Baños-Picón","F. Torres",1,0,0,0,"https://doi.org/10.1016/j.baae.2012.12.008",NA,"RIOJA2008_Vallehuso","L. Baños-Picón, J. Tormos, F. Torres, J.D. Asís","TRAP-NEST",NA,"5_Banos-Picon_83"
"Osmia",NA,"niveata",NA,"Spain","La Rioja","Cenicero",42.4672967811042,-2.63303282316456,"<1 km",2008,9,15,"2008-04-15","2008-09-15","L.Baños-Picón","F. Torres",14,47,0,0,"https://doi.org/10.1016/j.baae.2012.12.008",NA,"RIOJA2008_Plano","L. Baños-Picón, J. Tormos, F. Torres, J.D. Asís","TRAP-NEST",NA,"5_Banos-Picon_84"
"Osmia",NA,"caerulescens",NA,"Spain","La Rioja","Cenicero",42.4672967811042,-2.63303282316456,"<1 km",2008,9,15,"2008-04-15","2008-09-15","L.Baños-Picón","F. Torres",0,1,0,0,"https://doi.org/10.1016/j.baae.2012.12.008",NA,"RIOJA2008_Plano","L. Baños-Picón, J. Tormos, F. Torres, J.D. Asís","TRAP-NEST",NA,"5_Banos-Picon_85"
"Hylaeus",NA,"pictipes",NA,"Spain","La Rioja","Cenicero",42.4672967811042,-2.63303282316456,"<1 km",2008,9,15,"2008-04-15","2008-09-15","L.Baños-Picón","F. Torres",1,0,0,0,"https://doi.org/10.1016/j.baae.2012.12.008",NA,"RIOJA2008_Plano","L. Baños-Picón, J. Tormos, F. Torres, J.D. Asís","TRAP-NEST",NA,"5_Banos-Picon_86"
"Osmia ",NA,"niveata",NA,"Spain","La Rioja","Cenicero",42.4589384686965,-2.63277757016087,"<1 km",2008,9,15,"2008-04-15","2008-09-15","L.Baños-Picón","F. Torres",7,45,0,0,"https://doi.org/10.1016/j.baae.2012.12.008",NA,"RIOJA2008_Ribarrey","L. Baños-Picón, J. Tormos, F. Torres, J.D. Asís","TRAP-NEST",NA,"5_Banos-Picon_87"
"Osmia",NA,"dimidata",NA,"Spain","La Rioja","Cenicero",42.4589384686965,-2.63277757016087,"<1 km",2008,9,15,"2008-04-15","2008-09-15","L.Baños-Picón","F. Torres",1,0,0,0,"https://doi.org/10.1016/j.baae.2012.12.008",NA,"RIOJA2008_Ribarrey","L. Baños-Picón, J. Tormos, F. Torres, J.D. Asís","TRAP-NEST",NA,"5_Banos-Picon_88"
"Osmia",NA,"brevicornis",NA,"Spain","La Rioja","Cenicero",42.4589384686965,-2.63277757016087,"<1 km",2008,9,15,"2008-04-15","2008-09-15","L.Baños-Picón","F. Torres",10,7,0,0,"https://doi.org/10.1016/j.baae.2012.12.008",NA,"RIOJA2008_Ribarrey","L. Baños-Picón, J. Tormos, F. Torres, J.D. Asís","TRAP-NEST",NA,"5_Banos-Picon_89"
"Hylaeus",NA,"pictipes",NA,"Spain","La Rioja","Cenicero",42.4589384686965,-2.63277757016087,"<1 km",2008,9,15,"2008-04-15","2008-09-15","L.Baños-Picón","F. Torres",9,2,0,0,"https://doi.org/10.1016/j.baae.2012.12.008",NA,"RIOJA2008_Ribarrey","L. Baños-Picón, J. Tormos, F. Torres, J.D. Asís","TRAP-NEST",NA,"5_Banos-Picon_90"
"Megachile",NA,"rotundata",NA,"Spain","La Rioja","San Asensio ",42.5084018544871,-2.75119028997149,"<1 km",2008,9,15,"2008-04-15","2008-09-15","L.Baños-Picón","F. Torres",12,2,0,0,"https://doi.org/10.1016/j.baae.2012.12.008",NA,"RIOJA2008_SCebrin","L. Baños-Picón, J. Tormos, F. Torres, J.D. Asís","TRAP-NEST",NA,"5_Banos-Picon_91"
"Megachile",NA,"centuncularis",NA,"Spain","La Rioja","San Asensio ",42.5084018544871,-2.75119028997149,"<1 km",2008,9,15,"2008-04-15","2008-09-15","L.Baños-Picón","F. Torres",0,1,0,0,"https://doi.org/10.1016/j.baae.2012.12.008",NA,"RIOJA2008_SCebrin","L. Baños-Picón, J. Tormos, F. Torres, J.D. Asís","TRAP-NEST",NA,"5_Banos-Picon_92"
"Megachile",NA,"octosignata",NA,"Spain","La Rioja","San Asensio ",42.5084018544871,-2.75119028997149,"<1 km",2008,9,15,"2008-04-15","2008-09-15","L.Baños-Picón","F. Torres",1,0,0,0,"https://doi.org/10.1016/j.baae.2012.12.008",NA,"RIOJA2008_SCebrin","L. Baños-Picón, J. Tormos, F. Torres, J.D. Asís","TRAP-NEST",NA,"5_Banos-Picon_93"
"Osmia",NA,"caerulescens",NA,"Spain","La Rioja","Ventosa ",42.405054810077,-2.6324843861228,"<1 km",2008,9,15,"2008-04-15","2008-09-15","L.Baños-Picón","F. Torres",34,68,0,0,"https://doi.org/10.1016/j.baae.2012.12.008",NA,"RIOJA2008_Puentecilla","L. Baños-Picón, J. Tormos, F. Torres, J.D. Asís","TRAP-NEST",NA,"5_Banos-Picon_94"
"Osmia ",NA,"gallarum",NA,"Spain","La Rioja","Ventosa ",42.405054810077,-2.6324843861228,"<1 km",2008,9,15,"2008-04-15","2008-09-15","L.Baños-Picón","F. Torres",8,4,0,0,"https://doi.org/10.1016/j.baae.2012.12.008",NA,"RIOJA2008_Puentecilla","L. Baños-Picón, J. Tormos, F. Torres, J.D. Asís","TRAP-NEST",NA,"5_Banos-Picon_95"
"Hylaeus ",NA,"confusus",NA,"Spain","La Rioja","Ventosa ",42.405054810077,-2.6324843861228,"<1 km",2008,9,15,"2008-04-15","2008-09-15","L.Baños-Picón","F. Torres",4,3,0,0,"https://doi.org/10.1016/j.baae.2012.12.008",NA,"RIOJA2008_Puentecilla","L. Baños-Picón, J. Tormos, F. Torres, J.D. Asís","TRAP-NEST",NA,"5_Banos-Picon_96"
"Hylaeus",NA,"pictipes",NA,"Spain","La Rioja","Ventosa ",42.405054810077,-2.6324843861228,"<1 km",2008,9,15,"2008-04-15","2008-09-15","L.Baños-Picón","F. Torres",8,0,0,0,"https://doi.org/10.1016/j.baae.2012.12.008",NA,"RIOJA2008_Puentecilla","L. Baños-Picón, J. Tormos, F. Torres, J.D. Asís","TRAP-NEST",NA,"5_Banos-Picon_97"
"Hylaeus ",NA,"signatus",NA,"Spain","La Rioja","Ventosa ",42.405054810077,-2.6324843861228,"<1 km",2008,9,15,"2008-04-15","2008-09-15","L.Baños-Picón","F. Torres",5,0,0,0,"https://doi.org/10.1016/j.baae.2012.12.008",NA,"RIOJA2008_Puentecilla","L. Baños-Picón, J. Tormos, F. Torres, J.D. Asís","TRAP-NEST",NA,"5_Banos-Picon_98"
"Osmia",NA,"caerulescens",NA,"Spain","La Rioja","Ventosa ",42.3991027618015,-2.63277429108343,"<1 km",2008,9,15,"2008-04-15","2008-09-15","L.Baños-Picón","F. Torres",34,114,0,0,"https://doi.org/10.1016/j.baae.2012.12.008",NA,"RIOJA2008_Idesa","L. Baños-Picón, J. Tormos, F. Torres, J.D. Asís","TRAP-NEST",NA,"5_Banos-Picon_99"
"Osmia",NA,"gallarum",NA,"Spain","La Rioja","Ventosa ",42.3991027618015,-2.63277429108343,"<1 km",2008,9,15,"2008-04-15","2008-09-15","L.Baños-Picón","F. Torres",17,26,0,0,"https://doi.org/10.1016/j.baae.2012.12.008",NA,"RIOJA2008_Idesa","L. Baños-Picón, J. Tormos, F. Torres, J.D. Asís","TRAP-NEST",NA,"5_Banos-Picon_100"
"Hylaeus",NA,"lineolatus",NA,"Spain","La Rioja","Ventosa ",42.3991027618015,-2.63277429108343,"<1 km",2008,9,15,"2008-04-15","2008-09-15","L.Baños-Picón","F. Torres",0,5,0,0,"https://doi.org/10.1016/j.baae.2012.12.008",NA,"RIOJA2008_Idesa","L. Baños-Picón, J. Tormos, F. Torres, J.D. Asís","TRAP-NEST",NA,"5_Banos-Picon_101"
"Osmia",NA,"niveata",NA,"Spain","La Rioja","Ventosa ",42.4071156665644,-2.63201056282192,"<1 km",2008,9,15,"2008-04-15","2008-09-15","L.Baños-Picón","F. Torres",6,25,0,0,"https://doi.org/10.1016/j.baae.2012.12.008",NA,"RIOJA2008_Laguardia","L. Baños-Picón, J. Tormos, F. Torres, J.D. Asís","TRAP-NEST",NA,"5_Banos-Picon_102"
"Osmia",NA,"gallarum",NA,"Spain","La Rioja","Ventosa ",42.4071156665644,-2.63201056282192,"<1 km",2008,9,15,"2008-04-15","2008-09-15","L.Baños-Picón","F. Torres",1,1,0,0,"https://doi.org/10.1016/j.baae.2012.12.008",NA,"RIOJA2008_Laguardia","L. Baños-Picón, J. Tormos, F. Torres, J.D. Asís","TRAP-NEST",NA,"5_Banos-Picon_103"
"Osmia",NA,"caerulescens",NA,"Spain","La Rioja","Ventosa ",42.4071156665644,-2.63201056282192,"<1 km",2008,9,15,"2008-04-15","2008-09-15","L.Baños-Picón","F. Torres",13,53,0,0,"https://doi.org/10.1016/j.baae.2012.12.008",NA,"RIOJA2008_Laguardia","L. Baños-Picón, J. Tormos, F. Torres, J.D. Asís","TRAP-NEST",NA,"5_Banos-Picon_104"
"Osmia",NA,"brevicornis",NA,"Spain","La Rioja","Ventosa ",42.4071156665644,-2.63201056282192,"<1 km",2008,9,15,"2008-04-15","2008-09-15","L.Baños-Picón","F. Torres",3,7,0,0,"https://doi.org/10.1016/j.baae.2012.12.008",NA,"RIOJA2008_Laguardia","L. Baños-Picón, J. Tormos, F. Torres, J.D. Asís","TRAP-NEST",NA,"5_Banos-Picon_105"
"Hoplitis",NA,"adunca",NA,"Spain","La Rioja","Ventosa ",42.4071156665644,-2.63201056282192,"<1 km",2008,9,15,"2008-04-15","2008-09-15","L.Baños-Picón","F. Torres",2,2,0,0,"https://doi.org/10.1016/j.baae.2012.12.008",NA,"RIOJA2008_Laguardia","L. Baños-Picón, J. Tormos, F. Torres, J.D. Asís","TRAP-NEST",NA,"5_Banos-Picon_106"
"Chelostoma",NA,"emarginatum",NA,"Spain","La Rioja","Ventosa ",42.4071156665644,-2.63201056282192,"<1 km",2008,9,15,"2008-04-15","2008-09-15","L.Baños-Picón","F. Torres",4,2,0,0,"https://doi.org/10.1016/j.baae.2012.12.008",NA,"RIOJA2008_Laguardia","L. Baños-Picón, J. Tormos, F. Torres, J.D. Asís","TRAP-NEST",NA,"5_Banos-Picon_107"
"Osmia",NA,"niveata",NA,"Spain","La Rioja","Rodezno ",42.531778748982,-2.84765816691462,"<1 km",2008,9,15,"2008-04-15","2008-09-15","L.Baños-Picón","F. Torres",25,19,0,0,"https://doi.org/10.1016/j.baae.2012.12.008",NA,"RIOJA2008_Pradillos","L. Baños-Picón, J. Tormos, F. Torres, J.D. Asís","TRAP-NEST",NA,"5_Banos-Picon_108"
"Hylaeus",NA,"signatus",NA,"Spain","La Rioja","Rodezno ",42.531778748982,-2.84765816691462,"<1 km",2008,9,15,"2008-04-15","2008-09-15","L.Baños-Picón","F. Torres",4,3,0,0,"https://doi.org/10.1016/j.baae.2012.12.008",NA,"RIOJA2008_Pradillos","L. Baños-Picón, J. Tormos, F. Torres, J.D. Asís","TRAP-NEST",NA,"5_Banos-Picon_109"
"Osmia",NA,"caerulescens",NA,"Spain","La Rioja","Rodezno ",42.531778748982,-2.84765816691462,"<1 km",2008,9,15,"2008-04-15","2008-09-15","L.Baños-Picón","F. Torres",0,6,0,0,"https://doi.org/10.1016/j.baae.2012.12.008",NA,"RIOJA2008_Pradillos","L. Baños-Picón, J. Tormos, F. Torres, J.D. Asís","TRAP-NEST",NA,"5_Banos-Picon_110"
"Hylaeus",NA,"confusus",NA,"Spain","La Rioja","Rodezno ",42.531778748982,-2.84765816691462,"<1 km",2008,9,15,"2008-04-15","2008-09-15","L.Baños-Picón","F. Torres",1,0,0,0,"https://doi.org/10.1016/j.baae.2012.12.008",NA,"RIOJA2008_Pradillos","L. Baños-Picón, J. Tormos, F. Torres, J.D. Asís","TRAP-NEST",NA,"5_Banos-Picon_111"
"Megachile",NA,"versicolor",NA,"Spain","La Rioja","Rodezno ",42.531778748982,-2.84765816691462,"<1 km",2008,9,15,"2008-04-15","2008-09-15","L.Baños-Picón","F. Torres",4,1,0,0,"https://doi.org/10.1016/j.baae.2012.12.008",NA,"RIOJA2008_Pradillos","L. Baños-Picón, J. Tormos, F. Torres, J.D. Asís","TRAP-NEST",NA,"5_Banos-Picon_112"
"Anthidium",NA,"florentinum",NA,"Spain","La Rioja","Rodezno ",42.5100952460064,-2.84289055570756,"<1 km",2008,9,15,"2008-04-15","2008-09-15","L.Baños-Picón","F. Torres",8,1,0,0,"https://doi.org/10.1016/j.baae.2012.12.008",NA,"RIOJA2008_Montenegro","L. Baños-Picón, J. Tormos, F. Torres, J.D. Asís","TRAP-NEST",NA,"5_Banos-Picon_113"
"Osmia",NA,"caerulescens",NA,"Spain","La Rioja","Rodezno ",42.5100952460064,-2.84289055570756,"<1 km",2008,9,15,"2008-04-15","2008-09-15","L.Baños-Picón","F. Torres",6,14,0,0,"https://doi.org/10.1016/j.baae.2012.12.008",NA,"RIOJA2008_Montenegro","L. Baños-Picón, J. Tormos, F. Torres, J.D. Asís","TRAP-NEST",NA,"5_Banos-Picon_114"
"Heriades ",NA,"rubicola",NA,"Spain","La Rioja","Rodezno ",42.5100952460064,-2.84289055570756,"<1 km",2008,9,15,"2008-04-15","2008-09-15","L.Baños-Picón","F. Torres",1,5,0,0,"https://doi.org/10.1016/j.baae.2012.12.008",NA,"RIOJA2008_Montenegro","L. Baños-Picón, J. Tormos, F. Torres, J.D. Asís","TRAP-NEST",NA,"5_Banos-Picon_115"
"Osmia",NA,"niveata",NA,"Spain","La Rioja","Hormilla",42.4553980280365,-2.76635924501153,"<1 km",2008,9,15,"2008-04-15","2008-09-15","L.Baños-Picón","F. Torres",8,16,0,0,"https://doi.org/10.1016/j.baae.2012.12.008",NA,"RIOJA2008_Calera","L. Baños-Picón, J. Tormos, F. Torres, J.D. Asís","TRAP-NEST",NA,"5_Banos-Picon_116"
"Osmia",NA,"caerulescens",NA,"Spain","La Rioja","Hormilla",42.4553980280365,-2.76635924501153,"<1 km",2008,9,15,"2008-04-15","2008-09-15","L.Baños-Picón","F. Torres",7,31,0,0,"https://doi.org/10.1016/j.baae.2012.12.008",NA,"RIOJA2008_Calera","L. Baños-Picón, J. Tormos, F. Torres, J.D. Asís","TRAP-NEST",NA,"5_Banos-Picon_117"
"Hoplitis",NA,"adunca",NA,"Spain","La Rioja","Hormilla",42.4553980280365,-2.76635924501153,"<1 km",2008,9,15,"2008-04-15","2008-09-15","L.Baños-Picón","F. Torres",16,1,0,0,"https://doi.org/10.1016/j.baae.2012.12.008",NA,"RIOJA2008_Calera","L. Baños-Picón, J. Tormos, F. Torres, J.D. Asís","TRAP-NEST",NA,"5_Banos-Picon_118"
"Osmia",NA,"brevicornis",NA,"Spain","La Rioja","Hormilla",42.4553980280365,-2.76635924501153,"<1 km",2008,9,15,"2008-04-15","2008-09-15","L.Baños-Picón","F. Torres",0,18,0,0,"https://doi.org/10.1016/j.baae.2012.12.008",NA,"RIOJA2008_Calera","L. Baños-Picón, J. Tormos, F. Torres, J.D. Asís","TRAP-NEST",NA,"5_Banos-Picon_119"
"Osmia",NA,"caerulescens",NA,"Spain","La Rioja","Calahorra",42.2769580373174,-1.93537304238753,"<1 km",2008,9,15,"2008-04-15","2008-09-15","L.Baños-Picón","F. Torres",1,8,0,0,"https://doi.org/10.1016/j.baae.2012.12.008",NA,"RIOJA2008_Calahorra","L. Baños-Picón, J. Tormos, F. Torres, J.D. Asís","TRAP-NEST",NA,"5_Banos-Picon_120"
"Hylaeus",NA,"pictus",NA,"Spain","La Rioja","Calahorra",42.2769580373174,-1.93537304238753,"<1 km",2008,9,15,"2008-04-15","2008-09-15","L.Baños-Picón","F. Torres",2,0,0,0,"https://doi.org/10.1016/j.baae.2012.12.008",NA,"RIOJA2008_Calahorra","L. Baños-Picón, J. Tormos, F. Torres, J.D. Asís","TRAP-NEST",NA,"5_Banos-Picon_121"
"Anthidium",NA,"florentinum",NA,"Spain","La Rioja","Calahorra",42.2769580373174,-1.93537304238753,"<1 km",2008,9,15,"2008-04-15","2008-09-15","L.Baños-Picón","F. Torres",4,0,0,0,"https://doi.org/10.1016/j.baae.2012.12.008",NA,"RIOJA2008_Calahorra","L. Baños-Picón, J. Tormos, F. Torres, J.D. Asís","TRAP-NEST",NA,"5_Banos-Picon_122"
"Anthidium",NA,"florentinum",NA,"Spain","La Rioja","San Asensio ",42.4934050120358,-2.75023970137103,"<1 km",2008,9,15,"2008-04-15","2008-09-15","L.Baños-Picón","F. Torres",5,1,0,0,"https://doi.org/10.1016/j.baae.2012.12.008",NA,"RIOJA2008_Tejera","L. Baños-Picón, J. Tormos, F. Torres, J.D. Asís","TRAP-NEST",NA,"5_Banos-Picon_123"
"Osmia",NA,"niveata",NA,"Spain","La Rioja","San Asensio ",42.4934050120358,-2.75023970137103,"<1 km",2008,9,15,"2008-04-15","2008-09-15","L.Baños-Picón","F. Torres",4,25,0,0,"https://doi.org/10.1016/j.baae.2012.12.008",NA,"RIOJA2008_Tejera","L. Baños-Picón, J. Tormos, F. Torres, J.D. Asís","TRAP-NEST",NA,"5_Banos-Picon_124"
"Osmia",NA,"brevicornis",NA,"Spain","La Rioja","San Asensio ",42.4934050120358,-2.75023970137103,"<1 km",2008,9,15,"2008-04-15","2008-09-15","L.Baños-Picón","F. Torres",7,7,0,0,"https://doi.org/10.1016/j.baae.2012.12.008",NA,"RIOJA2008_Tejera","L. Baños-Picón, J. Tormos, F. Torres, J.D. Asís","TRAP-NEST",NA,"5_Banos-Picon_125"
"Hylaeus",NA,"pictus",NA,"Spain","La Rioja","San Asensio ",42.4934050120358,-2.75023970137103,"<1 km",2008,9,15,"2008-04-15","2008-09-15","L.Baños-Picón","F. Torres",12,9,0,0,"https://doi.org/10.1016/j.baae.2012.12.008",NA,"RIOJA2008_Tejera","L. Baños-Picón, J. Tormos, F. Torres, J.D. Asís","TRAP-NEST",NA,"5_Banos-Picon_126"
"Hylaeus ",NA,"pictipes",NA,"Spain","La Rioja","San Asensio ",42.4934050120358,-2.75023970137103,"<1 km",2008,9,15,"2008-04-15","2008-09-15","L.Baños-Picón","F. Torres",4,1,0,0,"https://doi.org/10.1016/j.baae.2012.12.008",NA,"RIOJA2008_Tejera","L. Baños-Picón, J. Tormos, F. Torres, J.D. Asís","TRAP-NEST",NA,"5_Banos-Picon_127"
"Hylaeus ",NA,"communis",NA,"Spain","La Rioja","San Asensio ",42.4934050120358,-2.75023970137103,"<1 km",2008,9,15,"2008-04-15","2008-09-15","L.Baños-Picón","F. Torres",0,1,0,0,"https://doi.org/10.1016/j.baae.2012.12.008",NA,"RIOJA2008_Tejera","L. Baños-Picón, J. Tormos, F. Torres, J.D. Asís","TRAP-NEST",NA,"5_Banos-Picon_128"
"Hylaeus",NA,"confusus",NA,"Spain","La Rioja","San Asensio ",42.4934050120358,-2.75023970137103,"<1 km",2008,9,15,"2008-04-15","2008-09-15","L.Baños-Picón","F. Torres",2,1,0,0,"https://doi.org/10.1016/j.baae.2012.12.008",NA,"RIOJA2008_Tejera","L. Baños-Picón, J. Tormos, F. Torres, J.D. Asís","TRAP-NEST",NA,"5_Banos-Picon_129"
"Osmia",NA,"caerulescens",NA,"Spain","La Rioja","Briones ",42.5318414041645,-2.7626772556085,"<1 km",2008,9,15,"2008-04-15","2008-09-15","L.Baños-Picón","F. Torres",0,10,0,0,"https://doi.org/10.1016/j.baae.2012.12.008",NA,"RIOJA2008_Puentes","L. Baños-Picón, J. Tormos, F. Torres, J.D. Asís","TRAP-NEST",NA,"5_Banos-Picon_130"
"Osmia",NA,"brevicornis",NA,"Spain","La Rioja","Briones ",42.5318414041645,-2.7626772556085,"<1 km",2008,9,15,"2008-04-15","2008-09-15","L.Baños-Picón","F. Torres",17,12,0,0,"https://doi.org/10.1016/j.baae.2012.12.008",NA,"RIOJA2008_Puentes","L. Baños-Picón, J. Tormos, F. Torres, J.D. Asís","TRAP-NEST",NA,"5_Banos-Picon_131"
"Hylaeus",NA,"pictipes",NA,"Spain","La Rioja","Briones ",42.5318414041645,-2.7626772556085,"<1 km",2008,9,15,"2008-04-15","2008-09-15","L.Baños-Picón","F. Torres",48,13,0,0,"https://doi.org/10.1016/j.baae.2012.12.008",NA,"RIOJA2008_Puentes","L. Baños-Picón, J. Tormos, F. Torres, J.D. Asís","TRAP-NEST",NA,"5_Banos-Picon_132"
"Anthidium",NA,"florentinum",NA,"Spain","La Rioja","Agoncillo ",42.456227817946,-2.28257835277737,"<1 km",2008,9,15,"2008-04-15","2008-09-15","L.Baños-Picón","F. Torres",9,2,0,0,"https://doi.org/10.1016/j.baae.2012.12.008",NA,"RIOJA2008_Raso","L. Baños-Picón, J. Tormos, F. Torres, J.D. Asís","TRAP-NEST",NA,"5_Banos-Picon_133"
"Osmia",NA,"brevicornis",NA,"Spain","La Rioja","Agoncillo ",42.456227817946,-2.28257835277737,"<1 km",2008,9,15,"2008-04-15","2008-09-15","L.Baños-Picón","F. Torres",2,2,0,0,"https://doi.org/10.1016/j.baae.2012.12.008",NA,"RIOJA2008_Raso","L. Baños-Picón, J. Tormos, F. Torres, J.D. Asís","TRAP-NEST",NA,"5_Banos-Picon_134"
"Osmia",NA,"rufa",NA,"Spain","La Rioja","Agoncillo ",42.456227817946,-2.28257835277737,"<1 km",2008,9,15,"2008-04-15","2008-09-15","L.Baños-Picón","F. Torres",0,3,0,0,"https://doi.org/10.1016/j.baae.2012.12.008",NA,"RIOJA2008_Raso","L. Baños-Picón, J. Tormos, F. Torres, J.D. Asís","TRAP-NEST",NA,"5_Banos-Picon_135"
"Osmia",NA,"niveata",NA,"Spain","La Rioja","Agoncillo ",42.456227817946,-2.28257835277737,"<1 km",2008,9,15,"2008-04-15","2008-09-15","L.Baños-Picón","F. Torres",0,7,0,0,"https://doi.org/10.1016/j.baae.2012.12.008",NA,"RIOJA2008_Raso","L. Baños-Picón, J. Tormos, F. Torres, J.D. Asís","TRAP-NEST",NA,"5_Banos-Picon_136"
"Hylaeus",NA,"confusus",NA,"Spain","La Rioja","Agoncillo ",42.456227817946,-2.28257835277737,"<1 km",2008,9,15,"2008-04-15","2008-09-15","L.Baños-Picón","F. Torres",1,0,0,0,"https://doi.org/10.1016/j.baae.2012.12.008",NA,"RIOJA2008_Raso","L. Baños-Picón, J. Tormos, F. Torres, J.D. Asís","TRAP-NEST",NA,"5_Banos-Picon_137"
"Osmia",NA,"caerulescens",NA,"Spain","La Rioja","Agoncillo ",42.456227817946,-2.28257835277737,"<1 km",2008,9,15,"2008-04-15","2008-09-15","L.Baños-Picón","F. Torres",4,15,0,0,"https://doi.org/10.1016/j.baae.2012.12.008",NA,"RIOJA2008_Raso","L. Baños-Picón, J. Tormos, F. Torres, J.D. Asís","TRAP-NEST",NA,"5_Banos-Picon_138"
"Anthidium",NA,"florentinum",NA,"Spain","La Rioja","Sartaguda ",42.3691481286139,-2.04964430783133,"<1 km",2008,9,15,"2008-04-15","2008-09-15","L.Baños-Picón","F. Torres",4,0,0,0,"https://doi.org/10.1016/j.baae.2012.12.008",NA,"RIOJA2008_Pasada","L. Baños-Picón, J. Tormos, F. Torres, J.D. Asís","TRAP-NEST",NA,"5_Banos-Picon_139"
"Osmia",NA,"latreillei",NA,"Spain","La Rioja","Sartaguda ",42.3691481286139,-2.04964430783133,"<1 km",2008,9,15,"2008-04-15","2008-09-15","L.Baños-Picón","F. Torres",2,0,0,0,"https://doi.org/10.1016/j.baae.2012.12.008",NA,"RIOJA2008_Pasada","L. Baños-Picón, J. Tormos, F. Torres, J.D. Asís","TRAP-NEST",NA,"5_Banos-Picon_140"
"Osmia",NA,"caerulescens",NA,"Spain","La Rioja","Sartaguda ",42.3691481286139,-2.04964430783133,"<1 km",2008,9,15,"2008-04-15","2008-09-15","L.Baños-Picón","F. Torres",26,143,0,0,"https://doi.org/10.1016/j.baae.2012.12.008",NA,"RIOJA2008_Pasada","L. Baños-Picón, J. Tormos, F. Torres, J.D. Asís","TRAP-NEST",NA,"5_Banos-Picon_141"
"Osmia",NA,"niveata",NA,"Spain","La Rioja","Sartaguda ",42.3691481286139,-2.04964430783133,"<1 km",2008,9,15,"2008-04-15","2008-09-15","L.Baños-Picón","F. Torres",8,15,0,0,"https://doi.org/10.1016/j.baae.2012.12.008",NA,"RIOJA2008_Pasada","L. Baños-Picón, J. Tormos, F. Torres, J.D. Asís","TRAP-NEST",NA,"5_Banos-Picon_142"
"Megachile",NA,"centuncularis",NA,"Spain","La Rioja","Sartaguda ",42.3691481286139,-2.04964430783133,"<1 km",2008,9,15,"2008-04-15","2008-09-15","L.Baños-Picón","F. Torres",8,56,0,0,"https://doi.org/10.1016/j.baae.2012.12.008",NA,"RIOJA2008_Pasada","L. Baños-Picón, J. Tormos, F. Torres, J.D. Asís","TRAP-NEST",NA,"5_Banos-Picon_143"
"Anthidium",NA,"florentinum",NA,"Spain","La Rioja","Calahorra ",42.3333920375172,-1.97011982135723,"<1 km",2008,9,15,"2008-04-15","2008-09-15","L.Baños-Picón","F. Torres",23,3,0,0,"https://doi.org/10.1016/j.baae.2012.12.008",NA,"RIOJA2008_Majuelo","L. Baños-Picón, J. Tormos, F. Torres, J.D. Asís","TRAP-NEST",NA,"5_Banos-Picon_144"
"Osmia",NA,"caerulescens",NA,"Spain","La Rioja","Calahorra ",42.3333920375172,-1.97011982135723,"<1 km",2008,9,15,"2008-04-15","2008-09-15","L.Baños-Picón","F. Torres",4,11,0,0,"https://doi.org/10.1016/j.baae.2012.12.008",NA,"RIOJA2008_Majuelo","L. Baños-Picón, J. Tormos, F. Torres, J.D. Asís","TRAP-NEST",NA,"5_Banos-Picon_145"
"Osmia",NA,"caerulescens",NA,"Spain","La Rioja","Cenicero ",42.4873445140103,-2.61279577861627,"<1 km",2009,9,15,"2009-04-15","2009-09-15","L.Baños-Picón","F. Torres",1,8,0,0,NA,NA,"RIOJA2009_Agudillo","L. Baños-Picón, J. Tormos, J.D. Asís","TRAP-NEST",NA,"5_Banos-Picon_146"
"Hylaeus",NA,"pictipes",NA,"Spain","La Rioja","Cenicero ",42.4873445140103,-2.61279577861627,"<1 km",2009,9,15,"2009-04-15","2009-09-15","L.Baños-Picón","F. Torres",40,8,0,0,NA,NA,"RIOJA2009_Agudillo","L. Baños-Picón, J. Tormos, J.D. Asís","TRAP-NEST",NA,"5_Banos-Picon_147"
"Osmia",NA,"rufa",NA,"Spain","La Rioja","Cenicero ",42.4873445140103,-2.61279577861627,"<1 km",2009,9,15,"2009-04-15","2009-09-15","L.Baños-Picón","F. Torres",6,11,0,0,NA,NA,"RIOJA2009_Agudillo","L. Baños-Picón, J. Tormos, J.D. Asís","TRAP-NEST",NA,"5_Banos-Picon_148"
"Hoplitis",NA,"adunca",NA,"Spain","La Rioja","Cenicero ",42.4873445140103,-2.61279577861627,"<1 km",2009,9,15,"2009-04-15","2009-09-15","L.Baños-Picón","F. Torres",1,3,0,0,NA,NA,"RIOJA2009_Agudillo","L. Baños-Picón, J. Tormos, J.D. Asís","TRAP-NEST",NA,"5_Banos-Picon_149"
"Megachile",NA,"rotundata",NA,"Spain","La Rioja","Cenicero ",42.4873445140103,-2.61279577861627,"<1 km",2009,9,15,"2009-04-15","2009-09-15","L.Baños-Picón","F. Torres",2,0,0,0,NA,NA,"RIOJA2009_Agudillo","L. Baños-Picón, J. Tormos, J.D. Asís","TRAP-NEST",NA,"5_Banos-Picon_150"
"Anthidium",NA,"florentinum",NA,"Spain","La Rioja","Cenicero ",42.4873445140103,-2.61279577861627,"<1 km",2009,9,15,"2009-04-15","2009-09-15","L.Baños-Picón","F. Torres",5,0,0,0,NA,NA,"RIOJA2009_Agudillo","L. Baños-Picón, J. Tormos, J.D. Asís","TRAP-NEST",NA,"5_Banos-Picon_151"
"Osmia",NA,"brevicornis",NA,"Spain","La Rioja","Cenicero ",42.4873445140103,-2.61279577861627,"<1 km",2009,9,15,"2009-04-15","2009-09-15","L.Baños-Picón","F. Torres",10,24,0,0,NA,NA,"RIOJA2009_Agudillo","L. Baños-Picón, J. Tormos, J.D. Asís","TRAP-NEST",NA,"5_Banos-Picon_152"
"Osmia",NA,"submicans",NA,"Spain","La Rioja","Cenicero ",42.4873445140103,-2.61279577861627,"<1 km",2009,9,15,"2009-04-15","2009-09-15","L.Baños-Picón","F. Torres",8,12,0,0,NA,NA,"RIOJA2009_Agudillo","L. Baños-Picón, J. Tormos, J.D. Asís","TRAP-NEST",NA,"5_Banos-Picon_153"
"Megachile",NA,"rotundata",NA,"Spain","La Rioja","Cenicero ",42.4801444278774,-2.61955491733245,"<1 km",2009,9,15,"2009-04-15","2009-09-15","L.Baños-Picón","F. Torres",6,5,0,0,NA,NA,"RIOJA2009_Valdemontán","L. Baños-Picón, J. Tormos, J.D. Asís","TRAP-NEST",NA,"5_Banos-Picon_154"
"Anthidium",NA,"florentinum",NA,"Spain","La Rioja","Cenicero ",42.4801444278774,-2.61955491733245,"<1 km",2009,9,15,"2009-04-15","2009-09-15","L.Baños-Picón","F. Torres",11,4,0,0,NA,NA,"RIOJA2009_Valdemontán","L. Baños-Picón, J. Tormos, J.D. Asís","TRAP-NEST",NA,"5_Banos-Picon_155"
"Hylaeus",NA,"confusus",NA,"Spain","La Rioja","Cenicero ",42.4801444278774,-2.61955491733245,"<1 km",2009,9,15,"2009-04-15","2009-09-15","L.Baños-Picón","F. Torres",2,0,0,0,NA,NA,"RIOJA2009_Valdemontán","L. Baños-Picón, J. Tormos, J.D. Asís","TRAP-NEST",NA,"5_Banos-Picon_156"
"Heriades ",NA,"crenulatus",NA,"Spain","La Rioja","Cenicero ",42.4801444278774,-2.61955491733245,"<1 km",2009,9,15,"2009-04-15","2009-09-15","L.Baños-Picón","F. Torres",0,1,0,0,NA,NA,"RIOJA2009_Valdemontán","L. Baños-Picón, J. Tormos, J.D. Asís","TRAP-NEST",NA,"5_Banos-Picon_157"
"Hoplosmia",NA,"anceyi",NA,"Spain","La Rioja","Cenicero ",42.4801444278774,-2.61955491733245,"<1 km",2009,9,15,"2009-04-15","2009-09-15","L.Baños-Picón","F. Torres",5,9,0,0,NA,NA,"RIOJA2009_Valdemontán","L. Baños-Picón, J. Tormos, J.D. Asís","TRAP-NEST",NA,"5_Banos-Picon_158"
"Osmia",NA,"submicans",NA,"Spain","La Rioja","Cenicero ",42.4801444278774,-2.61955491733245,"<1 km",2009,9,15,"2009-04-15","2009-09-15","L.Baños-Picón","F. Torres",24,10,0,0,NA,NA,"RIOJA2009_Valdemontán","L. Baños-Picón, J. Tormos, J.D. Asís","TRAP-NEST",NA,"5_Banos-Picon_159"
"Osmia",NA,"brevicornis",NA,"Spain","La Rioja","Cenicero ",42.4801444278774,-2.61955491733245,"<1 km",2009,9,15,"2009-04-15","2009-09-15","L.Baños-Picón","F. Torres",8,35,0,0,NA,NA,"RIOJA2009_Valdemontán","L. Baños-Picón, J. Tormos, J.D. Asís","TRAP-NEST",NA,"5_Banos-Picon_160"
"Osmia",NA,"niveata",NA,"Spain","La Rioja","Cenicero ",42.4801444278774,-2.61955491733245,"<1 km",2009,9,15,"2009-04-15","2009-09-15","L.Baños-Picón","F. Torres",5,11,0,0,NA,NA,"RIOJA2009_Valdemontán","L. Baños-Picón, J. Tormos, J.D. Asís","TRAP-NEST",NA,"5_Banos-Picon_161"
"Osmia",NA,"caerulescens",NA,"Spain","La Rioja","Cenicero ",42.4801444278774,-2.61955491733245,"<1 km",2009,9,15,"2009-04-15","2009-09-15","L.Baños-Picón","F. Torres",2,3,0,0,NA,NA,"RIOJA2009_Valdemontán","L. Baños-Picón, J. Tormos, J.D. Asís","TRAP-NEST",NA,"5_Banos-Picon_162"
"Megachile",NA,"rotundata",NA,"Spain","La Rioja","Cenicero ",42.4659475443901,-2.62837404496593,"<1 km",2009,9,15,"2009-04-15","2009-09-15","L.Baños-Picón","F. Torres",13,31,0,0,NA,NA,"RIOJA2009_SDaría","L. Baños-Picón, J. Tormos, J.D. Asís","TRAP-NEST",NA,"5_Banos-Picon_163"
"Osmia",NA,"caerulescens",NA,"Spain","La Rioja","Cenicero ",42.4659475443901,-2.62837404496593,"<1 km",2009,9,15,"2009-04-15","2009-09-15","L.Baños-Picón","F. Torres",14,67,0,0,NA,NA,"RIOJA2009_SDaría","L. Baños-Picón, J. Tormos, J.D. Asís","TRAP-NEST",NA,"5_Banos-Picon_164"
"Osmia",NA,"brevicornis",NA,"Spain","La Rioja","Cenicero ",42.4659475443901,-2.62837404496593,"<1 km",2009,9,15,"2009-04-15","2009-09-15","L.Baños-Picón","F. Torres",5,20,0,0,NA,NA,"RIOJA2009_SDaría","L. Baños-Picón, J. Tormos, J.D. Asís","TRAP-NEST",NA,"5_Banos-Picon_165"
"Osmia",NA,"rufa",NA,"Spain","La Rioja","Cenicero ",42.4659475443901,-2.62837404496593,"<1 km",2009,9,15,"2009-04-15","2009-09-15","L.Baños-Picón","F. Torres",0,7,0,0,NA,NA,"RIOJA2009_SDaría","L. Baños-Picón, J. Tormos, J.D. Asís","TRAP-NEST",NA,"5_Banos-Picon_166"
"Hoplosmia",NA,"anceyi",NA,"Spain","La Rioja","Cenicero ",42.4659475443901,-2.62837404496593,"<1 km",2009,9,15,"2009-04-15","2009-09-15","L.Baños-Picón","F. Torres",1,3,0,0,NA,NA,"RIOJA2009_SDaría","L. Baños-Picón, J. Tormos, J.D. Asís","TRAP-NEST",NA,"5_Banos-Picon_167"
"Osmia",NA,"rufa",NA,"Spain","La Rioja","Cenicero ",42.4538848299337,-2.64374844132431,"<1 km",2009,9,15,"2009-04-15","2009-09-15","L.Baños-Picón","F. Torres",0,25,0,0,NA,NA,"RIOJA2009_Valleoscuro","L. Baños-Picón, J. Tormos, J.D. Asís","TRAP-NEST",NA,"5_Banos-Picon_168"
"Osmia",NA,"brevicornis",NA,"Spain","La Rioja","Cenicero ",42.4538848299337,-2.64374844132431,"<1 km",2009,9,15,"2009-04-15","2009-09-15","L.Baños-Picón","F. Torres",10,16,0,0,NA,NA,"RIOJA2009_Valleoscuro","L. Baños-Picón, J. Tormos, J.D. Asís","TRAP-NEST",NA,"5_Banos-Picon_169"
"Hylaeus",NA,"signatus",NA,"Spain","La Rioja","Cenicero ",42.4538848299337,-2.64374844132431,"<1 km",2009,9,15,"2009-04-15","2009-09-15","L.Baños-Picón","F. Torres",6,7,0,0,NA,NA,"RIOJA2009_Valleoscuro","L. Baños-Picón, J. Tormos, J.D. Asís","TRAP-NEST",NA,"5_Banos-Picon_170"
"Hylaeus",NA,"pictipes",NA,"Spain","La Rioja","Cenicero ",42.4538848299337,-2.64374844132431,"<1 km",2009,9,15,"2009-04-15","2009-09-15","L.Baños-Picón","F. Torres",14,0,0,0,NA,NA,"RIOJA2009_Valleoscuro","L. Baños-Picón, J. Tormos, J.D. Asís","TRAP-NEST",NA,"5_Banos-Picon_171"
"Osmia",NA,"submicans",NA,"Spain","La Rioja","Cenicero ",42.4538848299337,-2.64374844132431,"<1 km",2009,9,15,"2009-04-15","2009-09-15","L.Baños-Picón","F. Torres",0,3,0,0,NA,NA,"RIOJA2009_Valleoscuro","L. Baños-Picón, J. Tormos, J.D. Asís","TRAP-NEST",NA,"5_Banos-Picon_172"
"Osmia",NA,"caerulescens",NA,"Spain","La Rioja","Cenicero ",42.4538848299337,-2.64374844132431,"<1 km",2009,9,15,"2009-04-15","2009-09-15","L.Baños-Picón","F. Torres",6,44,0,0,NA,NA,"RIOJA2009_Valleoscuro","L. Baños-Picón, J. Tormos, J.D. Asís","TRAP-NEST",NA,"5_Banos-Picon_173"
"Heriades ",NA,"rubicola",NA,"Spain","La Rioja","Cenicero ",42.4538848299337,-2.64374844132431,"<1 km",2009,9,15,"2009-04-15","2009-09-15","L.Baños-Picón","F. Torres",11,8,0,0,NA,NA,"RIOJA2009_Valleoscuro","L. Baños-Picón, J. Tormos, J.D. Asís","TRAP-NEST",NA,"5_Banos-Picon_174"
"Osmia",NA,"niveata",NA,"Spain","La Rioja","Cenicero ",42.4538848299337,-2.64374844132431,"<1 km",2009,9,15,"2009-04-15","2009-09-15","L.Baños-Picón","F. Torres",5,2,0,0,NA,NA,"RIOJA2009_Valleoscuro","L. Baños-Picón, J. Tormos, J.D. Asís","TRAP-NEST",NA,"5_Banos-Picon_175"
"Osmia",NA,"gallarum",NA,"Spain","La Rioja","Cenicero ",42.4538848299337,-2.64374844132431,"<1 km",2009,9,15,"2009-04-15","2009-09-15","L.Baños-Picón","F. Torres",16,6,0,0,NA,NA,"RIOJA2009_Valleoscuro","L. Baños-Picón, J. Tormos, J.D. Asís","TRAP-NEST",NA,"5_Banos-Picon_176"
"Hylaeus",NA,"lineopatus",NA,"Spain","La Rioja","Cenicero ",42.4538848299337,-2.64374844132431,"<1 km",2009,9,15,"2009-04-15","2009-09-15","L.Baños-Picón","F. Torres",3,0,0,0,NA,NA,"RIOJA2009_Valleoscuro","L. Baños-Picón, J. Tormos, J.D. Asís","TRAP-NEST",NA,"5_Banos-Picon_177"
"Anthidium",NA,"florentinum",NA,"Spain","La Rioja","Cenicero ",42.4538848299337,-2.64374844132431,"<1 km",2009,9,15,"2009-04-15","2009-09-15","L.Baños-Picón","F. Torres",4,4,0,0,NA,NA,"RIOJA2009_Valleoscuro","L. Baños-Picón, J. Tormos, J.D. Asís","TRAP-NEST",NA,"5_Banos-Picon_178"
"Hoplitis",NA,"adunca",NA,"Spain","La Rioja","Cenicero ",42.4538848299337,-2.64374844132431,"<1 km",2009,9,15,"2009-04-15","2009-09-15","L.Baños-Picón","F. Torres",3,5,0,0,NA,NA,"RIOJA2009_Valleoscuro","L. Baños-Picón, J. Tormos, J.D. Asís","TRAP-NEST",NA,"5_Banos-Picon_179"
"Osmia",NA,"dimidata",NA,"Spain","La Rioja","Cenicero ",42.4695552231589,-2.64964856207768,"<1 km",2009,9,15,"2009-04-15","2009-09-15","L.Baños-Picón","F. Torres",1,0,0,0,NA,NA,"RIOJA2009_Valderrín","L. Baños-Picón, J. Tormos, J.D. Asís","TRAP-NEST",NA,"5_Banos-Picon_180"
"Chelostoma",NA,"rapunculi",NA,"Spain","La Rioja","Cenicero ",42.4695552231589,-2.64964856207768,"<1 km",2009,9,15,"2009-04-15","2009-09-15","L.Baños-Picón","F. Torres",2,2,0,0,NA,NA,"RIOJA2009_Valderrín","L. Baños-Picón, J. Tormos, J.D. Asís","TRAP-NEST",NA,"5_Banos-Picon_181"
"Megachile",NA,"rotundata",NA,"Spain","La Rioja","Cenicero ",42.4695552231589,-2.64964856207768,"<1 km",2009,9,15,"2009-04-15","2009-09-15","L.Baños-Picón","F. Torres",18,23,0,0,NA,NA,"RIOJA2009_Valderrín","L. Baños-Picón, J. Tormos, J.D. Asís","TRAP-NEST",NA,"5_Banos-Picon_182"
"Anthidium",NA,"florentinum",NA,"Spain","La Rioja","Cenicero ",42.4695552231589,-2.64964856207768,"<1 km",2009,9,15,"2009-04-15","2009-09-15","L.Baños-Picón","F. Torres",3,6,0,0,NA,NA,"RIOJA2009_Valderrín","L. Baños-Picón, J. Tormos, J.D. Asís","TRAP-NEST",NA,"5_Banos-Picon_183"
"Osmia",NA,"niveata",NA,"Spain","La Rioja","Cenicero ",42.4695552231589,-2.64964856207768,"<1 km",2009,9,15,"2009-04-15","2009-09-15","L.Baños-Picón","F. Torres",14,25,0,0,NA,NA,"RIOJA2009_Valderrín","L. Baños-Picón, J. Tormos, J.D. Asís","TRAP-NEST",NA,"5_Banos-Picon_184"
"Hylaeus",NA,"pictipes",NA,"Spain","La Rioja","Cenicero ",42.4695552231589,-2.64964856207768,"<1 km",2009,9,15,"2009-04-15","2009-09-15","L.Baños-Picón","F. Torres",12,6,0,0,NA,NA,"RIOJA2009_Valderrín","L. Baños-Picón, J. Tormos, J.D. Asís","TRAP-NEST",NA,"5_Banos-Picon_185"
"Hylaeus",NA,"communis",NA,"Spain","La Rioja","Cenicero ",42.4695552231589,-2.64964856207768,"<1 km",2009,9,15,"2009-04-15","2009-09-15","L.Baños-Picón","F. Torres",1,0,0,0,NA,NA,"RIOJA2009_Valderrín","L. Baños-Picón, J. Tormos, J.D. Asís","TRAP-NEST",NA,"5_Banos-Picon_186"
"Hylaeus",NA,"lineopatus",NA,"Spain","La Rioja","Cenicero ",42.4695552231589,-2.64964856207768,"<1 km",2009,9,15,"2009-04-15","2009-09-15","L.Baños-Picón","F. Torres",4,0,0,0,NA,NA,"RIOJA2009_Valderrín","L. Baños-Picón, J. Tormos, J.D. Asís","TRAP-NEST",NA,"5_Banos-Picon_187"
"Osmia",NA,"brevicornis",NA,"Spain","La Rioja","Cenicero ",42.4695552231589,-2.64964856207768,"<1 km",2009,9,15,"2009-04-15","2009-09-15","L.Baños-Picón","F. Torres",20,4,0,0,NA,NA,"RIOJA2009_Valderrín","L. Baños-Picón, J. Tormos, J.D. Asís","TRAP-NEST",NA,"5_Banos-Picon_188"
"Osmia",NA,"caerulescens",NA,"Spain","La Rioja","Cenicero ",42.4695552231589,-2.64964856207768,"<1 km",2009,9,15,"2009-04-15","2009-09-15","L.Baños-Picón","F. Torres",15,47,0,0,NA,NA,"RIOJA2009_Valderrín","L. Baños-Picón, J. Tormos, J.D. Asís","TRAP-NEST",NA,"5_Banos-Picon_189"
"Osmia",NA,"rufa",NA,"Spain","La Rioja","Cenicero ",42.4695552231589,-2.64964856207768,"<1 km",2009,9,15,"2009-04-15","2009-09-15","L.Baños-Picón","F. Torres",5,29,0,0,NA,NA,"RIOJA2009_Valderrín","L. Baños-Picón, J. Tormos, J.D. Asís","TRAP-NEST",NA,"5_Banos-Picon_190"
"Osmia",NA,"brevicornis",NA,"Spain","La Rioja","Cenicero ",42.4636088182795,-2.65392467556125,"<1 km",2009,9,15,"2009-04-15","2009-09-15","L.Baños-Picón","F. Torres",37,110,0,0,NA,NA,"RIOJA2009_Carril","L. Baños-Picón, J. Tormos, J.D. Asís","TRAP-NEST",NA,"5_Banos-Picon_191"
"Hylaeus",NA,"confusus",NA,"Spain","La Rioja","Cenicero ",42.4636088182795,-2.65392467556125,"<1 km",2009,9,15,"2009-04-15","2009-09-15","L.Baños-Picón","F. Torres",2,0,0,0,NA,NA,"RIOJA2009_Carril","L. Baños-Picón, J. Tormos, J.D. Asís","TRAP-NEST",NA,"5_Banos-Picon_192"
"Hylaeus",NA,"pictipes",NA,"Spain","La Rioja","Cenicero ",42.4636088182795,-2.65392467556125,"<1 km",2009,9,15,"2009-04-15","2009-09-15","L.Baños-Picón","F. Torres",2,1,0,0,NA,NA,"RIOJA2009_Carril","L. Baños-Picón, J. Tormos, J.D. Asís","TRAP-NEST",NA,"5_Banos-Picon_193"
"Hylaeus",NA,"signatus",NA,"Spain","La Rioja","Cenicero ",42.4636088182795,-2.65392467556125,"<1 km",2009,9,15,"2009-04-15","2009-09-15","L.Baños-Picón","F. Torres",4,4,0,0,NA,NA,"RIOJA2009_Carril","L. Baños-Picón, J. Tormos, J.D. Asís","TRAP-NEST",NA,"5_Banos-Picon_194"
"Megachile",NA,"rotundata",NA,"Spain","La Rioja","Cenicero ",42.4636088182795,-2.65392467556125,"<1 km",2009,9,15,"2009-04-15","2009-09-15","L.Baños-Picón","F. Torres",14,44,0,0,NA,NA,"RIOJA2009_Carril","L. Baños-Picón, J. Tormos, J.D. Asís","TRAP-NEST",NA,"5_Banos-Picon_195"
"Osmia",NA,"caerulescens",NA,"Spain","La Rioja","Cenicero ",42.4636088182795,-2.65392467556125,"<1 km",2009,9,15,"2009-04-15","2009-09-15","L.Baños-Picón","F. Torres",0,3,0,0,NA,NA,"RIOJA2009_Carril","L. Baños-Picón, J. Tormos, J.D. Asís","TRAP-NEST",NA,"5_Banos-Picon_196"
"Osmia",NA,"submicans",NA,"Spain","La Rioja","Cenicero ",42.4636088182795,-2.65392467556125,"<1 km",2009,9,15,"2009-04-15","2009-09-15","L.Baños-Picón","F. Torres",5,22,0,0,NA,NA,"RIOJA2009_Carril","L. Baños-Picón, J. Tormos, J.D. Asís","TRAP-NEST",NA,"5_Banos-Picon_197"
"Osmia",NA,"gallarum",NA,"Spain","La Rioja","Cenicero ",42.4636088182795,-2.65392467556125,"<1 km",2009,9,15,"2009-04-15","2009-09-15","L.Baños-Picón","F. Torres",2,4,0,0,NA,NA,"RIOJA2009_Carril","L. Baños-Picón, J. Tormos, J.D. Asís","TRAP-NEST",NA,"5_Banos-Picon_198"
"Hoplitis",NA,"adunca",NA,"Spain","Cáceres","Rebollar",40.1471938169357,-5.88638741552549,"GPS",2014,10,9,"2014-04-15","2014-10-09","E.Tobajas y N. Rosas-Ramos","E. Tobajas",3,0,0,0,NA,NA,"JERTE2014_1AS","E. Tobajas, N. Rosas-Ramos, JD. Asís, L. Baños-Picón","TRAP-NEST",NA,"5_Banos-Picon_199"
"Osmia",NA,"caerulescens",NA,"Spain","Cáceres","Rebollar",40.1471938169357,-5.88638741552549,"GPS",2014,10,9,"2014-04-15","2014-10-09","E.Tobajas y N. Rosas-Ramos","E. Tobajas",21,59,0,0,"https://doi.org/10.1111/een.13000",NA,"JERTE2014_1AS","E. Tobajas, N. Rosas-Ramos, JD. Asís, V. de Paz, J. Tormos, L. Baños-Picón","TRAP-NEST",NA,"5_Banos-Picon_200"
"Osmia",NA,"rufa",NA,"Spain","Cáceres","Rebollar",40.1471938169357,-5.88638741552549,"GPS",2014,10,9,"2014-04-15","2014-10-09","E.Tobajas y N. Rosas-Ramos","E. Tobajas",8,7,0,0,NA,NA,"JERTE2014_1AS","E. Tobajas, N. Rosas-Ramos, JD. Asís, L. Baños-Picón","TRAP-NEST",NA,"5_Banos-Picon_201"
"Megachile",NA,"centuncularis",NA,"Spain","Cáceres","Rebollar",40.1519078337902,-5.89143770750614,"GPS",2014,10,9,"2014-04-15","2014-10-09","E.Tobajas y N. Rosas-Ramos","E. Tobajas",2,0,0,0,NA,NA,"JERTE2014_2AS","E. Tobajas, N. Rosas-Ramos, JD. Asís, L. Baños-Picón","TRAP-NEST",NA,"5_Banos-Picon_202"
"Osmia",NA,"caerulescens",NA,"Spain","Cáceres","Rebollar",40.1519078337902,-5.89143770750614,"GPS",2014,10,9,"2014-04-15","2014-10-09","E.Tobajas y N. Rosas-Ramos","E. Tobajas",10,40,0,0,"https://doi.org/10.1111/een.13000",NA,"JERTE2014_2AS","E. Tobajas, N. Rosas-Ramos, JD. Asís, V. de Paz, J. Tormos, L. Baños-Picón","TRAP-NEST",NA,"5_Banos-Picon_203"
"Osmia",NA,"nasoproducta",NA,"Spain","Cáceres","Rebollar",40.1519078337902,-5.89143770750614,"GPS",2014,10,9,"2014-04-15","2014-10-09","E.Tobajas y N. Rosas-Ramos","E. Tobajas",8,15,0,0,NA,NA,"JERTE2014_2AS","E. Tobajas, N. Rosas-Ramos, JD. Asís, L. Baños-Picón","TRAP-NEST",NA,"5_Banos-Picon_204"
"Osmia",NA,"caerulescens",NA,"Spain","Cáceres","Rebollar",40.155255141914,-5.89382673519608,"GPS",2014,10,9,"2014-04-15","2014-10-09","E.Tobajas y N. Rosas-Ramos","E. Tobajas",28,45,0,0,"https://doi.org/10.1111/een.13000",NA,"JERTE2014_3AS","E. Tobajas, N. Rosas-Ramos, JD. Asís, V. de Paz, J. Tormos, L. Baños-Picón","TRAP-NEST",NA,"5_Banos-Picon_205"
"Osmia",NA,"rufa",NA,"Spain","Cáceres","Rebollar",40.155255141914,-5.89382673519608,"GPS",2014,10,9,"2014-04-15","2014-10-09","E.Tobajas y N. Rosas-Ramos","E. Tobajas",4,7,0,0,NA,NA,"JERTE2014_3AS","E. Tobajas, N. Rosas-Ramos, JD. Asís, L. Baños-Picón","TRAP-NEST",NA,"5_Banos-Picon_206"
"Osmia",NA,"caerulescens",NA,"Spain","Cáceres","El Torno",40.12592926048,-5.92349217523437,"GPS",2014,10,9,"2014-04-15","2014-10-09","E.Tobajas y N. Rosas-Ramos","E. Tobajas",48,145,0,0,"https://doi.org/10.1111/een.13000",NA,"JERTE2014_4AS","E. Tobajas, N. Rosas-Ramos, JD. Asís, V. de Paz, J. Tormos, L. Baños-Picón","TRAP-NEST",NA,"5_Banos-Picon_207"
"Osmia",NA,"niveata",NA,"Spain","Cáceres","El Torno",40.12592926048,-5.92349217523437,"GPS",2014,10,9,"2014-04-15","2014-10-09","E.Tobajas y N. Rosas-Ramos","E. Tobajas",1,9,0,0,NA,NA,"JERTE2014_4AS","E. Tobajas, N. Rosas-Ramos, JD. Asís, L. Baños-Picón","TRAP-NEST",NA,"5_Banos-Picon_208"
"Osmia",NA,"submicans",NA,"Spain","Cáceres","El Torno",40.12592926048,-5.92349217523437,"GPS",2014,10,9,"2014-04-15","2014-10-09","E.Tobajas y N. Rosas-Ramos","E. Tobajas",0,1,0,0,NA,NA,"JERTE2014_4AS","E. Tobajas, N. Rosas-Ramos, JD. Asís, L. Baños-Picón","TRAP-NEST",NA,"5_Banos-Picon_209"
"Hoplitis",NA,"adunca",NA,"Spain","Cáceres","El Torno",40.129526578643,-5.92808410817295,"GPS",2014,10,9,"2014-04-15","2014-10-09","E.Tobajas y N. Rosas-Ramos","E. Tobajas",4,2,0,0,NA,NA,"JERTE2014_5AS","E. Tobajas, N. Rosas-Ramos, JD. Asís, L. Baños-Picón","TRAP-NEST",NA,"5_Banos-Picon_210"
"Osmia",NA,"caerulescens",NA,"Spain","Cáceres","El Torno",40.129526578643,-5.92808410817295,"GPS",2014,10,9,"2014-04-15","2014-10-09","E.Tobajas y N. Rosas-Ramos","E. Tobajas",34,40,0,0,"https://doi.org/10.1111/een.13000",NA,"JERTE2014_5AS","E. Tobajas, N. Rosas-Ramos, JD. Asís, V. de Paz, J. Tormos, L. Baños-Picón","TRAP-NEST",NA,"5_Banos-Picon_211"
"Hoplitis",NA,"adunca",NA,"Spain","Cáceres","El Torno",40.136996229853,-5.93032592253274,"GPS",2014,10,9,"2014-04-15","2014-10-09","E.Tobajas y N. Rosas-Ramos","E. Tobajas",4,1,0,0,NA,NA,"JERTE2014_6AS","E. Tobajas, N. Rosas-Ramos, JD. Asís, L. Baños-Picón","TRAP-NEST",NA,"5_Banos-Picon_212"
"Osmia",NA,"caerulescens",NA,"Spain","Cáceres","El Torno",40.136996229853,-5.93032592253274,"GPS",2014,10,9,"2014-04-15","2014-10-09","E.Tobajas y N. Rosas-Ramos","E. Tobajas",25,67,0,0,"https://doi.org/10.1111/een.13000",NA,"JERTE2014_6AS","E. Tobajas, N. Rosas-Ramos, JD. Asís, V. de Paz, J. Tormos, L. Baños-Picón","TRAP-NEST",NA,"5_Banos-Picon_213"
"Osmia",NA,"nasoproducta",NA,"Spain","Cáceres","El Torno",40.136996229853,-5.93032592253274,"GPS",2014,10,9,"2014-04-15","2014-10-09","E.Tobajas y N. Rosas-Ramos","E. Tobajas",16,45,0,0,NA,NA,"JERTE2014_6AS","E. Tobajas, N. Rosas-Ramos, JD. Asís, L. Baños-Picón","TRAP-NEST",NA,"5_Banos-Picon_214"
"Osmia",NA,"rufa",NA,"Spain","Cáceres","El Torno",40.136996229853,-5.93032592253274,"GPS",2014,10,9,"2014-04-15","2014-10-09","E.Tobajas y N. Rosas-Ramos","E. Tobajas",0,22,0,0,NA,NA,"JERTE2014_6AS","E. Tobajas, N. Rosas-Ramos, JD. Asís, L. Baños-Picón","TRAP-NEST",NA,"5_Banos-Picon_215"
"Osmia",NA,"tricornis",NA,"Spain","Cáceres","El Torno",40.136996229853,-5.93032592253274,"GPS",2014,10,9,"2014-04-15","2014-10-09","E.Tobajas y N. Rosas-Ramos","E. Tobajas",1,8,0,0,NA,NA,"JERTE2014_6AS","E. Tobajas, N. Rosas-Ramos, JD. Asís, L. Baños-Picón","TRAP-NEST",NA,"5_Banos-Picon_216"
"Osmia",NA,"caerulescens",NA,"Spain","Cáceres","El Torno",40.1199568417017,-5.94087923238516,"GPS",2014,10,9,"2014-04-15","2014-10-09","E.Tobajas y N. Rosas-Ramos","E. Tobajas",26,128,0,0,"https://doi.org/10.1111/een.13000",NA,"JERTE2014_7AS","E. Tobajas, N. Rosas-Ramos, JD. Asís, V. de Paz, J. Tormos, L. Baños-Picón","TRAP-NEST",NA,"5_Banos-Picon_217"
"Osmia",NA,"submicans",NA,"Spain","Cáceres","El Torno",40.1199568417017,-5.94087923238516,"GPS",2014,10,9,"2014-04-15","2014-10-09","E.Tobajas y N. Rosas-Ramos","E. Tobajas",2,8,0,0,NA,NA,"JERTE2014_7AS","E. Tobajas, N. Rosas-Ramos, JD. Asís, L. Baños-Picón","TRAP-NEST",NA,"5_Banos-Picon_218"
"Osmia",NA,"caerulescens",NA,"Spain","Cáceres","El Torno",40.1158761406407,-5.95462997113545,"GPS",2014,10,9,"2014-04-15","2014-10-09","E.Tobajas y N. Rosas-Ramos","E. Tobajas",49,93,0,0,"https://doi.org/10.1111/een.13000",NA,"JERTE2014_8AS","E. Tobajas, N. Rosas-Ramos, JD. Asís, V. de Paz, J. Tormos, L. Baños-Picón","TRAP-NEST",NA,"5_Banos-Picon_219"
"Osmia",NA,"emarginata",NA,"Spain","Cáceres","El Torno",40.1158761406407,-5.95462997113545,"GPS",2014,10,9,"2014-04-15","2014-10-09","E.Tobajas y N. Rosas-Ramos","E. Tobajas",1,15,0,0,NA,NA,"JERTE2014_8AS","E. Tobajas, N. Rosas-Ramos, JD. Asís, L. Baños-Picón","TRAP-NEST",NA,"5_Banos-Picon_220"
"Osmia",NA,"caerulescens",NA,"Spain","Cáceres","El Torno",40.1226430054448,-5.95435220047947,"GPS",2014,10,9,"2014-04-15","2014-10-09","E.Tobajas y N. Rosas-Ramos","E. Tobajas",41,86,0,0,"https://doi.org/10.1111/een.13000",NA,"JERTE2014_9AS","E. Tobajas, N. Rosas-Ramos, JD. Asís, V. de Paz, J. Tormos, L. Baños-Picón","TRAP-NEST",NA,"5_Banos-Picon_221"
"Osmia",NA,"rufa",NA,"Spain","Cáceres","El Torno",40.1226430054448,-5.95435220047947,"GPS",2014,10,9,"2014-04-15","2014-10-09","E.Tobajas y N. Rosas-Ramos","E. Tobajas",0,6,0,0,NA,NA,"JERTE2014_9AS","E. Tobajas, N. Rosas-Ramos, JD. Asís, L. Baños-Picón","TRAP-NEST",NA,"5_Banos-Picon_222"
"Anthidium",NA,"florentinum",NA,"Spain","Cáceres","Casas del Castañar",40.1063065080985,-5.9102163825767,"GPS",2014,10,9,"2014-04-15","2014-10-09","E.Tobajas y N. Rosas-Ramos","E. Tobajas",0,3,0,0,NA,NA,"JERTE2014_1AU","E. Tobajas, N. Rosas-Ramos, JD. Asís, L. Baños-Picón","TRAP-NEST",NA,"5_Banos-Picon_223"
"Megachile",NA,"centuncularis",NA,"Spain","Cáceres","Casas del Castañar",40.1063065080985,-5.9102163825767,"GPS",2014,10,9,"2014-04-15","2014-10-09","E.Tobajas y N. Rosas-Ramos","E. Tobajas",1,1,0,0,NA,NA,"JERTE2014_1AU","E. Tobajas, N. Rosas-Ramos, JD. Asís, L. Baños-Picón","TRAP-NEST",NA,"5_Banos-Picon_224"
"Osmia",NA,"caerulescens",NA,"Spain","Cáceres","Casas del Castañar",40.1063065080985,-5.9102163825767,"GPS",2014,10,9,"2014-04-15","2014-10-09","E.Tobajas y N. Rosas-Ramos","E. Tobajas",6,34,0,0,"https://doi.org/10.1111/een.13000",NA,"JERTE2014_1AU","E. Tobajas, N. Rosas-Ramos, JD. Asís, V. de Paz, J. Tormos, L. Baños-Picón","TRAP-NEST",NA,"5_Banos-Picon_225"
"Osmia",NA,"cornuta",NA,"Spain","Cáceres","Casas del Castañar",40.1063065080985,-5.9102163825767,"GPS",2014,10,9,"2014-04-15","2014-10-09","E.Tobajas y N. Rosas-Ramos","E. Tobajas",1,0,0,0,NA,NA,"JERTE2014_1AU","E. Tobajas, N. Rosas-Ramos, JD. Asís, L. Baños-Picón","TRAP-NEST",NA,"5_Banos-Picon_226"
"Osmia ",NA,"submicans",NA,"Spain","Cáceres","Casas del Castañar",40.1063065080985,-5.9102163825767,"GPS",2014,10,9,"2014-04-15","2014-10-09","E.Tobajas y N. Rosas-Ramos","E. Tobajas",1,2,0,0,NA,NA,"JERTE2014_1AU","E. Tobajas, N. Rosas-Ramos, JD. Asís, L. Baños-Picón","TRAP-NEST",NA,"5_Banos-Picon_227"
"Anthidium",NA,"florentinum",NA,"Spain","Cáceres","Casas del Castañar",40.1110483015561,-5.91448885041248,"GPS",2014,10,9,"2014-04-15","2014-10-09","E.Tobajas y N. Rosas-Ramos","E. Tobajas",1,0,0,0,NA,NA,"JERTE2014_2AU","E. Tobajas, N. Rosas-Ramos, JD. Asís, L. Baños-Picón","TRAP-NEST",NA,"5_Banos-Picon_228"
"Hoplitis",NA,"adunca",NA,"Spain","Cáceres","Casas del Castañar",40.1110483015561,-5.91448885041248,"GPS",2014,10,9,"2014-04-15","2014-10-09","E.Tobajas y N. Rosas-Ramos","E. Tobajas",12,21,0,0,NA,NA,"JERTE2014_2AU","E. Tobajas, N. Rosas-Ramos, JD. Asís, L. Baños-Picón","TRAP-NEST",NA,"5_Banos-Picon_229"
"Osmia",NA,"caerulescens",NA,"Spain","Cáceres","Casas del Castañar",40.1110483015561,-5.91448885041248,"GPS",2014,10,9,"2014-04-15","2014-10-09","E.Tobajas y N. Rosas-Ramos","E. Tobajas",50,153,0,0,"https://doi.org/10.1111/een.13000",NA,"JERTE2014_2AU","E. Tobajas, N. Rosas-Ramos, JD. Asís, V. de Paz, J. Tormos, L. Baños-Picón","TRAP-NEST",NA,"5_Banos-Picon_230"
"Osmia",NA,"submicans",NA,"Spain","Cáceres","Casas del Castañar",40.1110483015561,-5.91448885041248,"GPS",2014,10,9,"2014-04-15","2014-10-09","E.Tobajas y N. Rosas-Ramos","E. Tobajas",3,12,0,0,NA,NA,"JERTE2014_2AU","E. Tobajas, N. Rosas-Ramos, JD. Asís, L. Baños-Picón","TRAP-NEST",NA,"5_Banos-Picon_231"
"Anthidium",NA,"florentinum",NA,"Spain","Cáceres","Casas del Castañar",40.1173790430337,-5.91193873142328,"GPS",2014,10,9,"2014-04-15","2014-10-09","E.Tobajas y N. Rosas-Ramos","E. Tobajas",4,2,0,0,NA,NA,"JERTE2014_3AU","E. Tobajas, N. Rosas-Ramos, JD. Asís, L. Baños-Picón","TRAP-NEST",NA,"5_Banos-Picon_232"
"Hoplitis",NA,"adunca",NA,"Spain","Cáceres","Casas del Castañar",40.1173790430337,-5.91193873142328,"GPS",2014,10,9,"2014-04-15","2014-10-09","E.Tobajas y N. Rosas-Ramos","E. Tobajas",7,0,0,0,NA,NA,"JERTE2014_3AU","E. Tobajas, N. Rosas-Ramos, JD. Asís, L. Baños-Picón","TRAP-NEST",NA,"5_Banos-Picon_233"
"Megachile",NA,"rotundata",NA,"Spain","Cáceres","Casas del Castañar",40.1173790430337,-5.91193873142328,"GPS",2014,10,9,"2014-04-15","2014-10-09","E.Tobajas y N. Rosas-Ramos","E. Tobajas",2,3,0,0,NA,NA,"JERTE2014_3AU","E. Tobajas, N. Rosas-Ramos, JD. Asís, L. Baños-Picón","TRAP-NEST",NA,"5_Banos-Picon_234"
"Osmia",NA,"caerulescens",NA,"Spain","Cáceres","Casas del Castañar",40.1173790430337,-5.91193873142328,"GPS",2014,10,9,"2014-04-15","2014-10-09","E.Tobajas y N. Rosas-Ramos","E. Tobajas",9,20,0,0,"https://doi.org/10.1111/een.13000",NA,"JERTE2014_3AU","E. Tobajas, N. Rosas-Ramos, JD. Asís, V. de Paz, J. Tormos, L. Baños-Picón","TRAP-NEST",NA,"5_Banos-Picon_235"
"Osmia",NA,"rufa",NA,"Spain","Cáceres","Casas del Castañar",40.1173790430337,-5.91193873142328,"GPS",2014,10,9,"2014-04-15","2014-10-09","E.Tobajas y N. Rosas-Ramos","E. Tobajas",6,10,0,0,NA,NA,"JERTE2014_3AU","E. Tobajas, N. Rosas-Ramos, JD. Asís, L. Baños-Picón","TRAP-NEST",NA,"5_Banos-Picon_236"
"Osmia",NA,"submicans",NA,"Spain","Cáceres","Casas del Castañar",40.1173790430337,-5.91193873142328,"GPS",2014,10,9,"2014-04-15","2014-10-09","E.Tobajas y N. Rosas-Ramos","E. Tobajas",16,28,0,0,NA,NA,"JERTE2014_3AU","E. Tobajas, N. Rosas-Ramos, JD. Asís, L. Baños-Picón","TRAP-NEST",NA,"5_Banos-Picon_237"
"Chalicodoma ",NA,"ericetorum",NA,"Spain","Cáceres","Cabrero",40.1089927363499,-5.88530390042944,"GPS",2014,10,9,"2014-04-15","2014-10-09","E.Tobajas y N. Rosas-Ramos","E. Tobajas",0,2,0,0,NA,NA,"JERTE2014_4AU","E. Tobajas, N. Rosas-Ramos, JD. Asís, L. Baños-Picón","TRAP-NEST",NA,"5_Banos-Picon_238"
"Megachile",NA,"rotundata",NA,"Spain","Cáceres","Cabrero",40.1089927363499,-5.88530390042944,"GPS",2014,10,9,"2014-04-15","2014-10-09","E.Tobajas y N. Rosas-Ramos","E. Tobajas",7,5,0,0,NA,NA,"JERTE2014_4AU","E. Tobajas, N. Rosas-Ramos, JD. Asís, L. Baños-Picón","TRAP-NEST",NA,"5_Banos-Picon_239"
"Osmia",NA,"caerulescens",NA,"Spain","Cáceres","Cabrero",40.1089927363499,-5.88530390042944,"GPS",2014,10,9,"2014-04-15","2014-10-09","E.Tobajas y N. Rosas-Ramos","E. Tobajas",0,3,0,0,"https://doi.org/10.1111/een.13000",NA,"JERTE2014_4AU","E. Tobajas, N. Rosas-Ramos, JD. Asís, V. de Paz, J. Tormos, L. Baños-Picón","TRAP-NEST",NA,"5_Banos-Picon_240"
"Osmia ",NA,"rufa",NA,"Spain","Cáceres","Cabrero",40.1089927363499,-5.88530390042944,"GPS",2014,10,9,"2014-04-15","2014-10-09","E.Tobajas y N. Rosas-Ramos","E. Tobajas",4,19,0,0,NA,NA,"JERTE2014_4AU","E. Tobajas, N. Rosas-Ramos, JD. Asís, L. Baños-Picón","TRAP-NEST",NA,"5_Banos-Picon_241"
"Anthidium",NA,"florentinum",NA,"Spain","Cáceres","Cabrero",40.1165181259255,-5.88513170593738,"GPS",2014,10,9,"2014-04-15","2014-10-09","E.Tobajas y N. Rosas-Ramos","E. Tobajas",7,6,0,0,NA,NA,"JERTE2014_5AU","E. Tobajas, N. Rosas-Ramos, JD. Asís, L. Baños-Picón","TRAP-NEST",NA,"5_Banos-Picon_242"
"Osmia",NA,"caerulescens",NA,"Spain","Cáceres","Cabrero",40.1165181259255,-5.88513170593738,"GPS",2014,10,9,"2014-04-15","2014-10-09","E.Tobajas y N. Rosas-Ramos","E. Tobajas",20,30,0,0,"https://doi.org/10.1111/een.13000",NA,"JERTE2014_5AU","E. Tobajas, N. Rosas-Ramos, JD. Asís, V. de Paz, J. Tormos, L. Baños-Picón","TRAP-NEST",NA,"5_Banos-Picon_243"
"Osmia",NA,"rufa",NA,"Spain","Cáceres","Cabrero",40.1165181259255,-5.88513170593738,"GPS",2014,10,9,"2014-04-15","2014-10-09","E.Tobajas y N. Rosas-Ramos","E. Tobajas",2,14,0,0,NA,NA,"JERTE2014_5AU","E. Tobajas, N. Rosas-Ramos, JD. Asís, L. Baños-Picón","TRAP-NEST",NA,"5_Banos-Picon_244"
"Anthidium",NA,"florentinum",NA,"Spain","Cáceres","Cabrero",40.1206347113464,-5.89591563594086,"GPS",2014,10,9,"2014-04-15","2014-10-09","E.Tobajas y N. Rosas-Ramos","E. Tobajas",0,1,0,0,NA,NA,"JERTE2014_6AU","E. Tobajas, N. Rosas-Ramos, JD. Asís, L. Baños-Picón","TRAP-NEST",NA,"5_Banos-Picon_245"
"Hoplitis",NA,"adunca",NA,"Spain","Cáceres","Cabrero",40.1206347113464,-5.89591563594086,"GPS",2014,10,9,"2014-04-15","2014-10-09","E.Tobajas y N. Rosas-Ramos","E. Tobajas",7,6,0,0,NA,NA,"JERTE2014_6AU","E. Tobajas, N. Rosas-Ramos, JD. Asís, L. Baños-Picón","TRAP-NEST",NA,"5_Banos-Picon_246"
"Osmia ",NA,"caerulescens",NA,"Spain","Cáceres","Cabrero",40.1206347113464,-5.89591563594086,"GPS",2014,10,9,"2014-04-15","2014-10-09","E.Tobajas y N. Rosas-Ramos","E. Tobajas",20,52,0,0,"https://doi.org/10.1111/een.13000",NA,"JERTE2014_6AU","E. Tobajas, N. Rosas-Ramos, JD. Asís, V. de Paz, J. Tormos, L. Baños-Picón","TRAP-NEST",NA,"5_Banos-Picon_247"
"Osmia",NA,"rufa",NA,"Spain","Cáceres","Cabrero",40.1206347113464,-5.89591563594086,"GPS",2014,10,9,"2014-04-15","2014-10-09","E.Tobajas y N. Rosas-Ramos","E. Tobajas",7,4,0,0,NA,NA,"JERTE2014_6AU","E. Tobajas, N. Rosas-Ramos, JD. Asís, L. Baños-Picón","TRAP-NEST",NA,"5_Banos-Picon_248"
"Hoplitis",NA,"adunca",NA,"Spain","Cáceres","Valdastillas",40.1326517736622,-5.86493062984296,"GPS",2014,10,9,"2014-04-15","2014-10-09","E.Tobajas y N. Rosas-Ramos","E. Tobajas",4,0,0,0,NA,NA,"JERTE2014_7AU","E. Tobajas, N. Rosas-Ramos, JD. Asís, L. Baños-Picón","TRAP-NEST",NA,"5_Banos-Picon_249"
"Osmia",NA,"caerulescens",NA,"Spain","Cáceres","Valdastillas",40.1326517736622,-5.86493062984296,"GPS",2014,10,9,"2014-04-15","2014-10-09","E.Tobajas y N. Rosas-Ramos","E. Tobajas",17,52,0,0,"https://doi.org/10.1111/een.13000",NA,"JERTE2014_7AU","E. Tobajas, N. Rosas-Ramos, JD. Asís, V. de Paz, J. Tormos, L. Baños-Picón","TRAP-NEST",NA,"5_Banos-Picon_250"
"Osmia",NA,"rufa",NA,"Spain","Cáceres","Valdastillas",40.1326517736622,-5.86493062984296,"GPS",2014,10,9,"2014-04-15","2014-10-09","E.Tobajas y N. Rosas-Ramos","E. Tobajas",2,0,0,0,NA,NA,"JERTE2014_7AU","E. Tobajas, N. Rosas-Ramos, JD. Asís, L. Baños-Picón","TRAP-NEST",NA,"5_Banos-Picon_251"
"Anthidium",NA,"florentinum",NA,"Spain","Cáceres","Valdastillas",40.1347657207221,-5.86894752658157,"GPS",2014,10,9,"2014-04-15","2014-10-09","E.Tobajas y N. Rosas-Ramos","E. Tobajas",1,1,0,0,NA,NA,"JERTE2014_8AU","E. Tobajas, N. Rosas-Ramos, JD. Asís, L. Baños-Picón","TRAP-NEST",NA,"5_Banos-Picon_252"
"Hylaeus",NA,"punctulatissimus",NA,"Spain","Cáceres","Valdastillas",40.1347657207221,-5.86894752658157,"GPS",2014,10,9,"2014-04-15","2014-10-09","E.Tobajas y N. Rosas-Ramos","E. Tobajas",5,0,0,0,NA,NA,"JERTE2014_8AU","E. Tobajas, N. Rosas-Ramos, JD. Asís, L. Baños-Picón","TRAP-NEST",NA,"5_Banos-Picon_253"
"Osmia",NA,"caerulescens",NA,"Spain","Cáceres","Valdastillas",40.1347657207221,-5.86894752658157,"GPS",2014,10,9,"2014-04-15","2014-10-09","E.Tobajas y N. Rosas-Ramos","E. Tobajas",9,49,0,0,"https://doi.org/10.1111/een.13000",NA,"JERTE2014_8AU","E. Tobajas, N. Rosas-Ramos, JD. Asís, V. de Paz, J. Tormos, L. Baños-Picón","TRAP-NEST",NA,"5_Banos-Picon_254"
"Osmia",NA,"submicans",NA,"Spain","Cáceres","Valdastillas",40.1347657207221,-5.86894752658157,"GPS",2014,10,9,"2014-04-15","2014-10-09","E.Tobajas y N. Rosas-Ramos","E. Tobajas",3,18,0,0,NA,NA,"JERTE2014_8AU","E. Tobajas, N. Rosas-Ramos, JD. Asís, L. Baños-Picón","TRAP-NEST",NA,"5_Banos-Picon_255"
"Osmia",NA,"caerulescens",NA,"Spain","Cáceres","Valdastillas",40.1393491678557,-5.87713132421893,"GPS",2014,10,9,"2014-04-15","2014-10-09","E.Tobajas y N. Rosas-Ramos","E. Tobajas",21,77,0,0,"https://doi.org/10.1111/een.13000",NA,"JERTE2014_9AU","E. Tobajas, N. Rosas-Ramos, JD. Asís, V. de Paz, J. Tormos, L. Baños-Picón","TRAP-NEST",NA,"5_Banos-Picon_256"
"Osmia",NA,"emarginata",NA,"Spain","Cáceres","Valdastillas",40.1393491678557,-5.87713132421893,"GPS",2014,10,9,"2014-04-15","2014-10-09","E.Tobajas y N. Rosas-Ramos","E. Tobajas",6,7,0,0,NA,NA,"JERTE2014_9AU","E. Tobajas, N. Rosas-Ramos, JD. Asís, L. Baños-Picón","TRAP-NEST",NA,"5_Banos-Picon_257"
"Osmia",NA,"submicans",NA,"Spain","Cáceres","Valdastillas",40.1393491678557,-5.87713132421893,"GPS",2014,10,9,"2014-04-15","2014-10-09","E.Tobajas y N. Rosas-Ramos","E. Tobajas",3,9,0,0,NA,NA,"JERTE2014_9AU","E. Tobajas, N. Rosas-Ramos, JD. Asís, L. Baños-Picón","TRAP-NEST",NA,"5_Banos-Picon_258"
"Anthidium",NA,"florentinum",NA,"Spain","Cáceres","Cabezuela del Valle",40.2031233408637,-5.79667150252101,"GPS",2014,10,9,"2014-04-15","2014-10-09","E.Tobajas y N. Rosas-Ramos","E. Tobajas",1,2,0,0,NA,NA,"JERTE2014_1CS","E. Tobajas, N. Rosas-Ramos, JD. Asís, L. Baños-Picón","TRAP-NEST",NA,"5_Banos-Picon_259"
"Megachile",NA,"centuncularis",NA,"Spain","Cáceres","Cabezuela del Valle",40.2031233408637,-5.79667150252101,"GPS",2014,10,9,"2014-04-15","2014-10-09","E.Tobajas y N. Rosas-Ramos","E. Tobajas",4,0,0,0,NA,NA,"JERTE2014_1CS","E. Tobajas, N. Rosas-Ramos, JD. Asís, L. Baños-Picón","TRAP-NEST",NA,"5_Banos-Picon_260"
"Osmia",NA,"caerulescens",NA,"Spain","Cáceres","Cabezuela del Valle",40.2031233408637,-5.79667150252101,"GPS",2014,10,9,"2014-04-15","2014-10-09","E.Tobajas y N. Rosas-Ramos","E. Tobajas",39,117,0,0,"https://doi.org/10.1111/een.13000",NA,"JERTE2014_1CS","E. Tobajas, N. Rosas-Ramos, JD. Asís, V. de Paz, J. Tormos, L. Baños-Picón","TRAP-NEST",NA,"5_Banos-Picon_261"
"Anthidium",NA,"florentinum",NA,"Spain","Cáceres","Cabezuela del Valle",40.207965145943,-5.79293241586055,"GPS",2014,10,9,"2014-04-15","2014-10-09","E.Tobajas y N. Rosas-Ramos","E. Tobajas",0,1,0,0,NA,NA,"JERTE2014_2CS","E. Tobajas, N. Rosas-Ramos, JD. Asís, L. Baños-Picón","TRAP-NEST",NA,"5_Banos-Picon_262"
"Hoplitis",NA,"adunca",NA,"Spain","Cáceres","Cabezuela del Valle",40.207965145943,-5.79293241586055,"GPS",2014,10,9,"2014-04-15","2014-10-09","E.Tobajas y N. Rosas-Ramos","E. Tobajas",4,3,0,0,NA,NA,"JERTE2014_2CS","E. Tobajas, N. Rosas-Ramos, JD. Asís, L. Baños-Picón","TRAP-NEST",NA,"5_Banos-Picon_263"
"Osmia ",NA,"caerulescens",NA,"Spain","Cáceres","Cabezuela del Valle",40.207965145943,-5.79293241586055,"GPS",2014,10,9,"2014-04-15","2014-10-09","E.Tobajas y N. Rosas-Ramos","E. Tobajas",42,177,0,0,"https://doi.org/10.1111/een.13000",NA,"JERTE2014_2CS","E. Tobajas, N. Rosas-Ramos, JD. Asís, V. de Paz, J. Tormos, L. Baños-Picón","TRAP-NEST",NA,"5_Banos-Picon_264"
"Osmia",NA,"caerulescens",NA,"Spain","Cáceres","Cabezuela del Valle",40.2167709562968,-5.79418251006985,"GPS",2014,10,9,"2014-04-15","2014-10-09","E.Tobajas y N. Rosas-Ramos","E. Tobajas",4,12,0,0,"https://doi.org/10.1111/een.13000",NA,"JERTE2014_3CS","E. Tobajas, N. Rosas-Ramos, JD. Asís, V. de Paz, J. Tormos, L. Baños-Picón","TRAP-NEST",NA,"5_Banos-Picon_265"
"Osmia",NA,"emarginata",NA,"Spain","Cáceres","Cabezuela del Valle",40.2167709562968,-5.79418251006985,"GPS",2014,10,9,"2014-04-15","2014-10-09","E.Tobajas y N. Rosas-Ramos","E. Tobajas",6,21,0,0,NA,NA,"JERTE2014_3CS","E. Tobajas, N. Rosas-Ramos, JD. Asís, L. Baños-Picón","TRAP-NEST",NA,"5_Banos-Picon_266"
"Osmia",NA,"rufa",NA,"Spain","Cáceres","Cabezuela del Valle",40.2167709562968,-5.79418251006985,"GPS",2014,10,9,"2014-04-15","2014-10-09","E.Tobajas y N. Rosas-Ramos","E. Tobajas",12,38,0,0,NA,NA,"JERTE2014_3CS","E. Tobajas, N. Rosas-Ramos, JD. Asís, L. Baños-Picón","TRAP-NEST",NA,"5_Banos-Picon_267"
"Osmia",NA,"submicans",NA,"Spain","Cáceres","Cabezuela del Valle",40.2167709562968,-5.79418251006985,"GPS",2014,10,9,"2014-04-15","2014-10-09","E.Tobajas y N. Rosas-Ramos","E. Tobajas",5,7,0,0,NA,NA,"JERTE2014_3CS","E. Tobajas, N. Rosas-Ramos, JD. Asís, L. Baños-Picón","TRAP-NEST",NA,"5_Banos-Picon_268"
"Protosmia",NA,"glutinosa",NA,"Spain","Cáceres","Cabezuela del Valle",40.2167709562968,-5.79418251006985,"GPS",2014,10,9,"2014-04-15","2014-10-09","E.Tobajas y N. Rosas-Ramos","E. Tobajas",0,4,0,0,NA,NA,"JERTE2014_3CS","E. Tobajas, N. Rosas-Ramos, JD. Asís, L. Baños-Picón","TRAP-NEST",NA,"5_Banos-Picon_269"
"Hoplitis",NA,"adunca",NA,"Spain","Cáceres","Navaconcejo",40.1715445872564,-5.84400735782069,"GPS",2014,10,9,"2014-04-15","2014-10-09","E.Tobajas y N. Rosas-Ramos","E. Tobajas",5,3,0,0,NA,NA,"JERTE2014_4CS","E. Tobajas, N. Rosas-Ramos, JD. Asís, L. Baños-Picón","TRAP-NEST",NA,"5_Banos-Picon_270"
"Osmia",NA,"caerulescens",NA,"Spain","Cáceres","Navaconcejo",40.1715445872564,-5.84400735782069,"GPS",2014,10,9,"2014-04-15","2014-10-09","E.Tobajas y N. Rosas-Ramos","E. Tobajas",18,53,0,0,"https://doi.org/10.1111/een.13000",NA,"JERTE2014_4CS","E. Tobajas, N. Rosas-Ramos, JD. Asís, V. de Paz, J. Tormos, L. Baños-Picón","TRAP-NEST",NA,"5_Banos-Picon_271"
"Chalicodoma ",NA,"ericetorum",NA,"Spain","Cáceres","Navaconcejo",40.1741196392001,-5.85228560871231,"GPS",2014,10,9,"2014-04-15","2014-10-09","E.Tobajas y N. Rosas-Ramos","E. Tobajas",0,1,0,0,NA,NA,"JERTE2014_5CS","E. Tobajas, N. Rosas-Ramos, JD. Asís, L. Baños-Picón","TRAP-NEST",NA,"5_Banos-Picon_272"
"Megachile",NA,"rotundata",NA,"Spain","Cáceres","Navaconcejo",40.1741196392001,-5.85228560871231,"GPS",2014,10,9,"2014-04-15","2014-10-09","E.Tobajas y N. Rosas-Ramos","E. Tobajas",0,2,0,0,NA,NA,"JERTE2014_5CS","E. Tobajas, N. Rosas-Ramos, JD. Asís, L. Baños-Picón","TRAP-NEST",NA,"5_Banos-Picon_273"
"Osmia",NA,"caerulescens",NA,"Spain","Cáceres","Navaconcejo",40.1741196392001,-5.85228560871231,"GPS",2014,10,9,"2014-04-15","2014-10-09","E.Tobajas y N. Rosas-Ramos","E. Tobajas",16,17,0,0,"https://doi.org/10.1111/een.13000",NA,"JERTE2014_5CS","E. Tobajas, N. Rosas-Ramos, JD. Asís, V. de Paz, J. Tormos, L. Baños-Picón","TRAP-NEST",NA,"5_Banos-Picon_274"
"Osmia",NA,"cornuta",NA,"Spain","Cáceres","Navaconcejo",40.1741196392001,-5.85228560871231,"GPS",2014,10,9,"2014-04-15","2014-10-09","E.Tobajas y N. Rosas-Ramos","E. Tobajas",11,36,0,0,NA,NA,"JERTE2014_5CS","E. Tobajas, N. Rosas-Ramos, JD. Asís, L. Baños-Picón","TRAP-NEST",NA,"5_Banos-Picon_275"
"Osmia",NA,"submicans",NA,"Spain","Cáceres","Navaconcejo",40.1741196392001,-5.85228560871231,"GPS",2014,10,9,"2014-04-15","2014-10-09","E.Tobajas y N. Rosas-Ramos","E. Tobajas",2,1,0,0,NA,NA,"JERTE2014_5CS","E. Tobajas, N. Rosas-Ramos, JD. Asís, L. Baños-Picón","TRAP-NEST",NA,"5_Banos-Picon_276"
"Anthidium",NA,"florentinum",NA,"Spain","Cáceres","Navaconcejo",40.1775947438306,-5.85202171096779,"GPS",2014,10,9,"2014-04-15","2014-10-09","E.Tobajas y N. Rosas-Ramos","E. Tobajas",0,3,0,0,NA,NA,"JERTE2014_6CS","E. Tobajas, N. Rosas-Ramos, JD. Asís, L. Baños-Picón","TRAP-NEST",NA,"5_Banos-Picon_277"
"Chalicodoma ",NA,"ericetorum",NA,"Spain","Cáceres","Navaconcejo",40.1775947438306,-5.85202171096779,"GPS",2014,10,9,"2014-04-15","2014-10-09","E.Tobajas y N. Rosas-Ramos","E. Tobajas",2,3,0,0,NA,NA,"JERTE2014_6CS","E. Tobajas, N. Rosas-Ramos, JD. Asís, L. Baños-Picón","TRAP-NEST",NA,"5_Banos-Picon_278"
"Osmia",NA,"caerulescens",NA,"Spain","Cáceres","Navaconcejo",40.1775947438306,-5.85202171096779,"GPS",2014,10,9,"2014-04-15","2014-10-09","E.Tobajas y N. Rosas-Ramos","E. Tobajas",30,122,0,0,"https://doi.org/10.1111/een.13000",NA,"JERTE2014_6CS","E. Tobajas, N. Rosas-Ramos, JD. Asís, V. de Paz, J. Tormos, L. Baños-Picón","TRAP-NEST",NA,"5_Banos-Picon_279"
"Osmia",NA,"cornuta",NA,"Spain","Cáceres","Navaconcejo",40.1775947438306,-5.85202171096779,"GPS",2014,10,9,"2014-04-15","2014-10-09","E.Tobajas y N. Rosas-Ramos","E. Tobajas",8,12,0,0,NA,NA,"JERTE2014_6CS","E. Tobajas, N. Rosas-Ramos, JD. Asís, L. Baños-Picón","TRAP-NEST",NA,"5_Banos-Picon_280"
"Osmia",NA,"nasoproducta",NA,"Spain","Cáceres","Navaconcejo",40.1775947438306,-5.85202171096779,"GPS",2014,10,9,"2014-04-15","2014-10-09","E.Tobajas y N. Rosas-Ramos","E. Tobajas",1,0,0,0,NA,NA,"JERTE2014_6CS","E. Tobajas, N. Rosas-Ramos, JD. Asís, L. Baños-Picón","TRAP-NEST",NA,"5_Banos-Picon_281"
"Hoplitis",NA,"adunca",NA,"Spain","Cáceres","Navaconcejo",40.1627998537617,-5.86301116008672,"GPS",2014,10,9,"2014-04-15","2014-10-09","E.Tobajas y N. Rosas-Ramos","E. Tobajas",5,2,0,0,NA,NA,"JERTE2014_7CS","E. Tobajas, N. Rosas-Ramos, JD. Asís, L. Baños-Picón","TRAP-NEST",NA,"5_Banos-Picon_282"
"Osmia",NA,"caerulescens",NA,"Spain","Cáceres","Navaconcejo",40.1627998537617,-5.86301116008672,"GPS",2014,10,9,"2014-04-15","2014-10-09","E.Tobajas y N. Rosas-Ramos","E. Tobajas",15,34,0,0,"https://doi.org/10.1111/een.13000",NA,"JERTE2014_7CS","E. Tobajas, N. Rosas-Ramos, JD. Asís, V. de Paz, J. Tormos, L. Baños-Picón","TRAP-NEST",NA,"5_Banos-Picon_283"
"Anthidium",NA,"florentinum",NA,"Spain","Cáceres","Navaconcejo",40.1659527192032,-5.86636136305927,"GPS",2014,10,9,"2014-04-15","2014-10-09","E.Tobajas y N. Rosas-Ramos","E. Tobajas",0,1,0,0,NA,NA,"JERTE2014_8CS","E. Tobajas, N. Rosas-Ramos, JD. Asís, L. Baños-Picón","TRAP-NEST",NA,"5_Banos-Picon_284"
"Osmia",NA,"caerulescens",NA,"Spain","Cáceres","Navaconcejo",40.1659527192032,-5.86636136305927,"GPS",2014,10,9,"2014-04-15","2014-10-09","E.Tobajas y N. Rosas-Ramos","E. Tobajas",5,45,0,0,"https://doi.org/10.1111/een.13000",NA,"JERTE2014_8CS","E. Tobajas, N. Rosas-Ramos, JD. Asís, V. de Paz, J. Tormos, L. Baños-Picón","TRAP-NEST",NA,"5_Banos-Picon_285"
"Osmia",NA,"submicans",NA,"Spain","Cáceres","Navaconcejo",40.1659527192032,-5.86636136305927,"GPS",2014,10,9,"2014-04-15","2014-10-09","E.Tobajas y N. Rosas-Ramos","E. Tobajas",3,18,0,0,NA,NA,"JERTE2014_8CS","E. Tobajas, N. Rosas-Ramos, JD. Asís, L. Baños-Picón","TRAP-NEST",NA,"5_Banos-Picon_286"
"Megachile",NA,"centuncularis",NA,"Spain","Cáceres","Navaconcejo",40.1701556081901,-5.86973377480567,"GPS",2014,10,9,"2014-04-15","2014-10-09","E.Tobajas y N. Rosas-Ramos","E. Tobajas",0,2,0,0,NA,NA,"JERTE2014_9CS","E. Tobajas, N. Rosas-Ramos, JD. Asís, L. Baños-Picón","TRAP-NEST",NA,"5_Banos-Picon_287"
"Osmia",NA,"emarginata",NA,"Spain","Cáceres","Navaconcejo",40.1701556081901,-5.86973377480567,"GPS",2014,10,9,"2014-04-15","2014-10-09","E.Tobajas y N. Rosas-Ramos","E. Tobajas",9,9,0,0,NA,NA,"JERTE2014_9CS","E. Tobajas, N. Rosas-Ramos, JD. Asís, L. Baños-Picón","TRAP-NEST",NA,"5_Banos-Picon_288"
"Osmia",NA,"rufa",NA,"Spain","Cáceres","Navaconcejo",40.1701556081901,-5.86973377480567,"GPS",2014,10,9,"2014-04-15","2014-10-09","E.Tobajas y N. Rosas-Ramos","E. Tobajas",13,31,0,0,NA,NA,"JERTE2014_9CS","E. Tobajas, N. Rosas-Ramos, JD. Asís, L. Baños-Picón","TRAP-NEST",NA,"5_Banos-Picon_289"
"Chalicodoma ",NA,"ericetorum",NA,"Spain","Cáceres","Piornal",40.138835294656,-5.85881919208934,"GPS",2014,10,9,"2014-04-15","2014-10-09","E.Tobajas y N. Rosas-Ramos","E. Tobajas",0,3,0,0,NA,NA,"JERTE2014_1CU","E. Tobajas, N. Rosas-Ramos, JD. Asís, L. Baños-Picón","TRAP-NEST",NA,"5_Banos-Picon_290"
"Megachile",NA,"rotundata",NA,"Spain","Cáceres","Piornal",40.138835294656,-5.85881919208934,"GPS",2014,10,9,"2014-04-15","2014-10-09","E.Tobajas y N. Rosas-Ramos","E. Tobajas",1,1,0,0,NA,NA,"JERTE2014_1CU","E. Tobajas, N. Rosas-Ramos, JD. Asís, L. Baños-Picón","TRAP-NEST",NA,"5_Banos-Picon_291"
"Osmia",NA,"emarginata",NA,"Spain","Cáceres","Piornal",40.138835294656,-5.85881919208934,"GPS",2014,10,9,"2014-04-15","2014-10-09","E.Tobajas y N. Rosas-Ramos","E. Tobajas",2,0,0,0,NA,NA,"JERTE2014_1CU","E. Tobajas, N. Rosas-Ramos, JD. Asís, L. Baños-Picón","TRAP-NEST",NA,"5_Banos-Picon_292"
"Osmia",NA,"rufa",NA,"Spain","Cáceres","Piornal",40.138835294656,-5.85881919208934,"GPS",2014,10,9,"2014-04-15","2014-10-09","E.Tobajas y N. Rosas-Ramos","E. Tobajas",3,20,0,0,NA,NA,"JERTE2014_1CU","E. Tobajas, N. Rosas-Ramos, JD. Asís, L. Baños-Picón","TRAP-NEST",NA,"5_Banos-Picon_293"
"Osmia",NA,"submicans",NA,"Spain","Cáceres","Navaconcejo",40.142793739698,-5.86063319293339,"GPS",2014,10,9,"2014-04-15","2014-10-09","E.Tobajas y N. Rosas-Ramos","E. Tobajas",0,3,0,0,NA,NA,"JERTE2014_2CU","E. Tobajas, N. Rosas-Ramos, JD. Asís, L. Baños-Picón","TRAP-NEST",NA,"5_Banos-Picon_294"
"Osmia",NA,"caerulescens",NA,"Spain","Cáceres","Navaconcejo",40.1487800118612,-5.86541403297371,"GPS",2014,10,9,"2014-04-15","2014-10-09","E.Tobajas y N. Rosas-Ramos","E. Tobajas",8,14,0,0,"https://doi.org/10.1111/een.13000",NA,"JERTE2014_3CU","E. Tobajas, N. Rosas-Ramos, JD. Asís, V. de Paz, J. Tormos, L. Baños-Picón","TRAP-NEST",NA,"5_Banos-Picon_295"
"Anthidium",NA,"florentinum",NA,"Spain","Cáceres","Navaconcejo",40.1600498522212,-5.82245892021133,"GPS",2014,10,9,"2014-04-15","2014-10-09","E.Tobajas y N. Rosas-Ramos","E. Tobajas",2,0,0,0,NA,NA,"JERTE2014_4CU","E. Tobajas, N. Rosas-Ramos, JD. Asís, L. Baños-Picón","TRAP-NEST",NA,"5_Banos-Picon_296"
"Hoplitis",NA,"adunca",NA,"Spain","Cáceres","Navaconcejo",40.1600498522212,-5.82245892021133,"GPS",2014,10,9,"2014-04-15","2014-10-09","E.Tobajas y N. Rosas-Ramos","E. Tobajas",8,5,0,0,NA,NA,"JERTE2014_4CU","E. Tobajas, N. Rosas-Ramos, JD. Asís, L. Baños-Picón","TRAP-NEST",NA,"5_Banos-Picon_297"
"Hylaeus",NA,"pictipes",NA,"Spain","Cáceres","Navaconcejo",40.1600498522212,-5.82245892021133,"GPS",2014,10,9,"2014-04-15","2014-10-09","E.Tobajas y N. Rosas-Ramos","E. Tobajas",4,0,0,0,NA,NA,"JERTE2014_4CU","E. Tobajas, N. Rosas-Ramos, JD. Asís, L. Baños-Picón","TRAP-NEST",NA,"5_Banos-Picon_298"
"Osmia",NA,"rufa",NA,"Spain","Cáceres","Navaconcejo",40.1600498522212,-5.82245892021133,"GPS",2014,10,9,"2014-04-15","2014-10-09","E.Tobajas y N. Rosas-Ramos","E. Tobajas",4,4,0,0,NA,NA,"JERTE2014_4CU","E. Tobajas, N. Rosas-Ramos, JD. Asís, L. Baños-Picón","TRAP-NEST",NA,"5_Banos-Picon_299"
"Osmia",NA,"submicans",NA,"Spain","Cáceres","Navaconcejo",40.1600498522212,-5.82245892021133,"GPS",2014,10,9,"2014-04-15","2014-10-09","E.Tobajas y N. Rosas-Ramos","E. Tobajas",6,0,0,0,NA,NA,"JERTE2014_4CU","E. Tobajas, N. Rosas-Ramos, JD. Asís, L. Baños-Picón","TRAP-NEST",NA,"5_Banos-Picon_300"
"Anthidium",NA,"florentinum",NA,"Spain","Cáceres","Navaconcejo",40.1639721799052,-5.82507851127135,"GPS",2014,10,9,"2014-04-15","2014-10-09","E.Tobajas y N. Rosas-Ramos","E. Tobajas",3,4,0,0,NA,NA,"JERTE2014_5CU","E. Tobajas, N. Rosas-Ramos, JD. Asís, L. Baños-Picón","TRAP-NEST",NA,"5_Banos-Picon_301"
"Megachile",NA,"centuncularis",NA,"Spain","Cáceres","Navaconcejo",40.1639721799052,-5.82507851127135,"GPS",2014,10,9,"2014-04-15","2014-10-09","E.Tobajas y N. Rosas-Ramos","E. Tobajas",3,0,0,0,NA,NA,"JERTE2014_5CU","E. Tobajas, N. Rosas-Ramos, JD. Asís, L. Baños-Picón","TRAP-NEST",NA,"5_Banos-Picon_302"
"Osmia",NA,"caerulescens",NA,"Spain","Cáceres","Navaconcejo",40.1639721799052,-5.82507851127135,"GPS",2014,10,9,"2014-04-15","2014-10-09","E.Tobajas y N. Rosas-Ramos","E. Tobajas",4,7,0,0,"https://doi.org/10.1111/een.13000",NA,"JERTE2014_5CU","E. Tobajas, N. Rosas-Ramos, JD. Asís, V. de Paz, J. Tormos, L. Baños-Picón","TRAP-NEST",NA,"5_Banos-Picon_303"
"Osmia",NA,"cornuta",NA,"Spain","Cáceres","Navaconcejo",40.1639721799052,-5.82507851127135,"GPS",2014,10,9,"2014-04-15","2014-10-09","E.Tobajas y N. Rosas-Ramos","E. Tobajas",0,10,0,0,NA,NA,"JERTE2014_5CU","E. Tobajas, N. Rosas-Ramos, JD. Asís, L. Baños-Picón","TRAP-NEST",NA,"5_Banos-Picon_304"
"Osmia",NA,"submicans",NA,"Spain","Cáceres","Navaconcejo",40.1639721799052,-5.82507851127135,"GPS",2014,10,9,"2014-04-15","2014-10-09","E.Tobajas y N. Rosas-Ramos","E. Tobajas",2,1,0,0,NA,NA,"JERTE2014_5CU","E. Tobajas, N. Rosas-Ramos, JD. Asís, L. Baños-Picón","TRAP-NEST",NA,"5_Banos-Picon_305"
"Megachile",NA,"centuncularis",NA,"Spain","Cáceres","Navaconcejo",40.1712001503529,-5.8302038188458,"GPS",2014,10,9,"2014-04-15","2014-10-09","E.Tobajas y N. Rosas-Ramos","E. Tobajas",0,6,0,0,NA,NA,"JERTE2014_6CU","E. Tobajas, N. Rosas-Ramos, JD. Asís, L. Baños-Picón","TRAP-NEST",NA,"5_Banos-Picon_306"
"Osmia",NA,"caerulescens",NA,"Spain","Cáceres","Navaconcejo",40.1712001503529,-5.8302038188458,"GPS",2014,10,9,"2014-04-15","2014-10-09","E.Tobajas y N. Rosas-Ramos","E. Tobajas",7,34,0,0,"https://doi.org/10.1111/een.13000",NA,"JERTE2014_6CU","E. Tobajas, N. Rosas-Ramos, JD. Asís, V. de Paz, J. Tormos, L. Baños-Picón","TRAP-NEST",NA,"5_Banos-Picon_307"
"Hoplitis",NA,"adunca",NA,"Spain","Cáceres","Cabezuela del Valle",40.1755308659729,-5.81010827939382,"GPS",2014,10,9,"2014-04-15","2014-10-09","E.Tobajas y N. Rosas-Ramos","E. Tobajas",26,15,0,0,NA,NA,"JERTE2014_7CU","E. Tobajas, N. Rosas-Ramos, JD. Asís, L. Baños-Picón","TRAP-NEST",NA,"5_Banos-Picon_308"
"Osmia",NA,"caerulescens",NA,"Spain","Cáceres","Cabezuela del Valle",40.1755308659729,-5.81010827939382,"GPS",2014,10,9,"2014-04-15","2014-10-09","E.Tobajas y N. Rosas-Ramos","E. Tobajas",36,97,0,0,"https://doi.org/10.1111/een.13000",NA,"JERTE2014_7CU","E. Tobajas, N. Rosas-Ramos, JD. Asís, V. de Paz, J. Tormos, L. Baños-Picón","TRAP-NEST",NA,"5_Banos-Picon_309"
"Hoplitis",NA,"adunca",NA,"Spain","Cáceres","Navaconcejo",40.1797115354078,-5.81091388656023,"GPS",2014,10,9,"2014-04-15","2014-10-09","E.Tobajas y N. Rosas-Ramos","E. Tobajas",1,1,0,0,NA,NA,"JERTE2014_8CU","E. Tobajas, N. Rosas-Ramos, JD. Asís, L. Baños-Picón","TRAP-NEST",NA,"5_Banos-Picon_310"
"Osmia",NA,"caerulescens",NA,"Spain","Cáceres","Navaconcejo",40.1797115354078,-5.81091388656023,"GPS",2014,10,9,"2014-04-15","2014-10-09","E.Tobajas y N. Rosas-Ramos","E. Tobajas",22,99,0,0,"https://doi.org/10.1111/een.13000",NA,"JERTE2014_8CU","E. Tobajas, N. Rosas-Ramos, JD. Asís, V. de Paz, J. Tormos, L. Baños-Picón","TRAP-NEST",NA,"5_Banos-Picon_311"
"Osmia",NA,"cornuta",NA,"Spain","Cáceres","Navaconcejo",40.1797115354078,-5.81091388656023,"GPS",2014,10,9,"2014-04-15","2014-10-09","E.Tobajas y N. Rosas-Ramos","E. Tobajas",27,115,0,0,NA,NA,"JERTE2014_8CU","E. Tobajas, N. Rosas-Ramos, JD. Asís, L. Baños-Picón","TRAP-NEST",NA,"5_Banos-Picon_312"
"Osmia",NA,"submicans",NA,"Spain","Cáceres","Navaconcejo",40.1797115354078,-5.81091388656023,"GPS",2014,10,9,"2014-04-15","2014-10-09","E.Tobajas y N. Rosas-Ramos","E. Tobajas",10,13,0,0,NA,NA,"JERTE2014_8CU","E. Tobajas, N. Rosas-Ramos, JD. Asís, L. Baños-Picón","TRAP-NEST",NA,"5_Banos-Picon_313"
"Osmia",NA,"caerulescens",NA,"Spain","Cáceres","Cabezuela del Valle",40.1851727966224,-5.81338903802041,"GPS",2014,10,9,"2014-04-15","2014-10-09","E.Tobajas y N. Rosas-Ramos","E. Tobajas",8,42,0,0,"https://doi.org/10.1111/een.13000",NA,"JERTE2014_9CU","E. Tobajas, N. Rosas-Ramos, JD. Asís, V. de Paz, J. Tormos, L. Baños-Picón","TRAP-NEST",NA,"5_Banos-Picon_314"
